,ID,CD_8_T_effector,DDR,APM,Immune_Checkpoint,CellCycle_Reg,Pan_F_TBRs,Histones,EMT1,EMT2,EMT3,WNT_target,FGFR3_related,Cell_cycle,Mismatch_Repair,Homologous_recombination,Nucleotide_excision_repair,DNA_replication,Base_excision_repair,TMEscoreA_CIR,TMEscoreB_CIR,CD8_Rooney_et_al,Co_inhibition_T_cell_Rooney_et_al,T_cell_inflamed_GEP_Ayers_et_al,IFNG_signature_Ayers_et_al,MDSC_Wang_et_al,PPAGs,HLA_signature_gene,Cytotoxic_cells_Danaher_et_al,TIP_Priming_and_activation_1,TIP_Priming_and_activation_2,TIP_Recognition_of_cancer_cells_by_T_cells_1,TIP_Recognition_of_cancer_cells_by_T_cells_2,TIP_Killing_of_cancer_cells_1,TIP_Killing_of_cancer_cells_2,TMEscoreA_plus,Th2_cells_Bindea_et_al,CD8_T_cells_Bindea_et_al,Normal_mucosa_Bindea_et_al,Antigen_Processing_and_Presentation_Li_et_al,Antimicrobials_Li_et_al,Chemokines_Li_et_al,Cytokines_Li_et_al,Natural_Killer_Cell_Cytotoxicity_Li_et_al,TCR_signaling_Pathway_Li_et_al,TGFb_Family_Member_Li_et_al,ADP_Ribosylation,Purine_Metabolism,Pyrimidine_Metabolism,CD4_c0_Tcm,CD4_c1_Treg,CD4_c3_Tfh,CD4_c4_Tstr,CD4_c5_CTL,CD4_c7_Tn_TCEA3,CD8_c1_Tex,CD8_c2_Teff,CD8_c4_Tstr,Mph_04_TREM2,TMEscore_CIR
0,SAMf2ce197162ce,-1.5843668202882037,1.3467744766410008,-0.9797685021909676,-0.47797148988434673,1.6055898084952542,3.0932130837446077,0.0690527093762732,1.0668800493851662,2.198742426411167,1.6511730562600289,1.1149137418217487,0.1902371975950206,1.659901497967376,1.4013908990837967,0.06265986796308043,0.7602727890797939,1.122899829206255,-0.6249188138716131,-1.6037594190068052,1.809914051855188,-0.6839249460890495,-0.3943831088022962,-1.0028099123583782,-1.4813589271243877,0.040769139007714165,1.1072273969768909,-1.3976149236955993,-0.45807769624816447,-0.47797148988434673,-0.47797148988434673,-0.594786125163112,-0.3118746736007725,-1.1931006689899641,-0.33655834468136164,-1.626623968925232,-1.1227988112199558,-0.2894181322859577,1.1780509830983446,-1.724116272833947,-1.4896738232761455,-0.8006450748868764,-0.8423281935553197,-1.1931006689899641,-1.1752854533297785,1.376405772180099,-0.8999039707537129,0.0516627142117323,0.15616639979786767,0.7351647885031481,-0.08169154936683345,-0.5889567581281459,-1.049290410641026,-0.45807769624816447,0.31455595808044406,-0.9973437426650339,-0.23846206022513433,-1.049290410641026,-0.290213271321089,-3.413673470861993
1,SAM698d8d76b934,-0.10623689233577407,6.119334763147464,0.5546204078753938,0.4316715320177584,1.7038808955247313,-0.5719792813626765,1.1551057598515724,1.5435440332357657,0.5673958411819549,-0.23284991505104197,0.04825635729295948,-3.615305739889586,5.776329258506994,4.322313846803717,3.9832105831935505,4.090911126709145,4.72407743587594,3.3280486557087006,0.9106252800429017,-0.11656229914351973,-0.6902662670241085,0.29446977536122493,0.9078296702533634,1.1004063284381815,-0.4198212522533991,-2.8461858082976876,0.7641108900302879,-0.48618969039656035,0.4316715320177584,0.4316715320177584,0.30627809197602907,-0.020537351291486178,0.4444777049791534,0.5767259299732252,0.8529558457581062,1.3567641083525381,-0.5874019169084221,0.04511737425943359,0.7483283966295871,1.5007692975407698,0.5062116064833001,1.5527631776468371,0.4444777049791534,0.02715217914226848,-0.633239093410166,-0.9314770372706958,2.9641881905145775,3.35389370750738,-1.020650091170393,-0.30677411378228286,0.43256089206881987,1.2464698569324413,-0.48618969039656035,0.23836253855504527,0.5334546372101062,-1.0345607393134364,1.2464698569324413,0.6373343361070399,1.0271875791864213
2,SAMc1b27bc16435,1.3413036104972682,4.050032757376983,-0.9385593667376374,-0.08793849491409633,0.7365819206589576,-1.100018387190066,1.6081230065965655,-0.6527139597981978,-1.5898139816127952,-1.1259878675051904,1.3625506318946867,1.2844119356888128,3.5091845830642048,1.5466403640456914,2.1312435911208065,1.1966385350060083,1.441365582756223,0.7308480974487764,0.6233337668318435,-1.2747770574313337,1.270255260309543,0.09330316542368358,0.0070370431212294264,0.42313214570605334,-0.7067565511582236,0.561238893679945,0.02558316083896262,0.8695199829935744,-0.08793849491409633,-0.08793849491409633,-0.34947744341270404,-0.12505877304595667,1.0700978952806175,-0.52626960183739,0.787624293485206,-0.3240629079555335,1.257051068862873,-0.7378599314119464,0.06867198477416556,-0.05401669133585358,0.008066701739975576,0.10389326808340714,1.0700978952806175,1.2730600878465799,-0.9162299936785309,0.21859723691888097,0.05017409258738644,0.6300867727715216,-1.4742610038430517,0.9710555051314164,0.30228934752643827,0.3663342103819802,0.8695199829935744,-0.3977277698591724,0.9201136667701743,0.5030059987682542,0.3663342103819802,-0.31527160564636975,1.8981108242631772
3,SAM85e41e7f33f9,2.5034455484952707,2.963587683846622,1.0148464339983947,1.783894068222312,1.333748882329451,2.1792961952966294,1.4700874744848849,0.43961326205733825,2.723838215014866,0.44085888626224135,-0.6811544200274852,0.29934422926380616,5.734517010122948,2.9695768441451533,1.3197046018776182,3.1540847280453876,3.6094102341585628,2.0384545481738594,1.8923397356992888,1.2363082709684807,1.9652904894534298,1.7288586340132888,2.097073650221614,1.4002071597414216,1.0953616815018035,-0.3969464620091842,1.6441910562837492,2.064320426394899,1.783894068222312,1.783894068222312,1.549403275144922,0.9061032249411977,2.0663137628926878,1.729400182478009,1.8647543645517795,1.3960814770762167,0.9137690214757433,1.551087646731037,1.563026999494866,1.8257007754021415,0.8816446985706514,1.8163540994712222,2.0663137628926878,1.1498418974825368,2.09334609552134,-1.0874885397281602,0.7697220554556575,0.8102623887256886,1.792198998648314,0.8433720401674271,1.3813719985340824,0.7199520146915723,2.064320426394899,1.3825979769742556,2.5975232386540306,1.1713921151886515,0.7199520146915723,1.4621490492457814,0.6560314647308081
4,SAMf275eb859a39,0.33846700656827,-3.9813834451981975,0.8419255511868025,-0.3040244493500973,-2.1893400826313547,-3.0664154557876615,-2.1288929466001236,-1.6211118156024464,-2.652536219794363,-2.1626213621018917,0.5823883248441596,1.6736622286217675,-5.239508644729774,-3.3866163786537062,-2.5211273775374363,-3.7806227629433167,-4.419282034240437,-2.235164784975518,-0.14024783188872045,-2.746168122676625,0.27667398613264427,-0.2402406182755052,0.09226799185444462,0.19179442687141038,0.0013470155779080702,1.0425770207782175,-0.1266522386611661,0.4247910982215887,-0.3040244493500973,-0.3040244493500973,0.3744404188441895,0.13018059209275704,0.27822937125060176,-0.5337461287397105,0.1361195878976126,-1.060694885050116,-0.32878485467813645,-1.9901269701021738,0.7607867294046973,-0.20747834963011572,0.08611328481405815,-0.9671043316854131,0.27822937125060176,0.2417306503026003,-0.9143708448105807,1.9982491020226067,-2.6570935125987347,-2.7088254881305085,0.2472282066935366,0.09701554656209131,-0.5263406690033148,-0.43102830377526125,0.4247910982215887,0.2184024687747637,-0.1310680529032787,-0.32417576871041925,-0.43102830377526125,-0.057872487429279494,2.605920290787904
5,SAM7f0d9cc7f001,0.23349858062977985,-5.294818901511382,-1.2170573482300044,1.386472138577401,1.1106353668850368,2.5520165864504,-2.4520966134538313,1.8254589127230803,1.572812955474169,2.7161762697075513,-0.34611382307202365,-1.3213996395472147,-7.2511396399428785,-2.096660531582934,-3.108216914847678,-2.849801871748968,-2.368662087181556,-1.736384565356465,-0.7735667201794961,2.4491304724932856,0.9518238180308939,1.165876274082173,-0.41468375275216907,-1.278112475927853,0.5441887430473791,-0.6692415510845319,1.1838321447090023,0.7197623865606978,1.386472138577401,1.386472138577401,0.7737839693166126,1.1776057279641607,-0.04078969049634343,0.4656909921751935,-0.8977443156035406,-1.2876733180688407,1.5334466457305376,1.5422244930386966,-1.1364108378094784,0.2275455804239937,-0.7950019454630859,-0.30333830239522375,-0.04078969049634343,0.9767595714346535,0.43985038049563135,0.3977884224975714,-0.49804546726423854,-0.7599886833965629,0.4892953816150894,1.6300148736783007,1.2084424413666488,0.7191342189835334,0.7197623865606978,0.2669819006027624,1.1526052597954255,1.6446782315166077,0.7191342189835334,-0.7487013939559183,-3.222697192672782
6,SAM4305ab968b90,-6.692637243396619,3.9669817220118353,-1.669063617841882,-5.709029189066241,-2.4285490715798677,-5.632696875681639,1.5572886457939084,-4.101560970675676,-3.963752339885524,-4.984699795714984,1.0492698985257185,1.3979335573939051,5.335325765860664,3.085831649000891,1.933932999774548,3.122592037728105,2.913782995948673,2.056069392223332,-5.191514529484566,-3.1254222812819967,-4.939974604016175,-4.781961705762664,-4.38006871059233,-3.9656405501962078,-3.071291592868295,1.227040798355108,-9.517932593567243,-4.5338921707220585,-5.709029189066241,-5.709029189066241,-5.708481215844588,-5.113440881999093,-3.4509859598453803,-3.374634072519114,-5.156762103823756,0.7607373566696876,-4.255305258907744,-2.3135706601488497,-2.2871776534232713,-5.66379915362285,-4.675532498237599,-4.9572079460944565,-3.4509859598453803,-3.3904427706256133,-1.696322408665016,0.3596780535554886,0.24054230426870116,0.8671189658652333,-0.6921106529314892,-2.4752399858667156,-2.402443094335943,-1.4214501108271913,-4.5338921707220585,-0.23326093176530274,-5.4879553064649516,-4.528860772128325,-1.4214501108271913,-4.898690456879699,-2.0660922482025694
7,SAMcf018fee2acd,-0.260717207793403,-6.183350261181186,-1.174407302150164,-0.11034663229039897,-1.382725241251181,-1.945534232356915,-2.3124596071359083,-0.638757765459891,-1.1640446990919828,0.17902229534319608,0.30936520242749144,0.7269265018451849,-6.6956773335389626,-2.640116502355457,-2.8778705351381855,-3.249676758961645,-4.027071036734076,-2.6575742315469464,-0.7615747389929487,-0.881177097583669,0.1408880196710532,0.11194620606455123,-0.054729254291459,-0.8762148075183949,-0.23235612318613963,0.19410488394061268,0.18133346919731105,0.1756696461924643,-0.11034663229039897,-0.11034663229039897,-0.7549459074368251,-0.28003408458767653,-0.11262128777679009,0.1542490210970549,-1.011625389413162,-1.166817956939536,0.12660494158312072,-1.5052046335574942,-1.1774570998542189,-0.5847867931019006,-0.5641563566194291,-0.7407339225669122,-0.11262128777679009,-0.3216328274751343,0.20415373084513322,1.4487722762636848,-1.5124030185998105,-1.7259352747374168,0.29842119730346395,-0.020883781387275247,-0.08078064090360396,-0.1834657188456718,0.1756696461924643,-0.23628242053837617,0.012404482304864151,0.6567932050142048,-0.1834657188456718,-0.6072687199490386,0.11960235859072033
8,SAMb2f1d0e54ece,1.5089983665144795,-6.640917360501178,1.213513552238003,2.1865875649893183,-1.0438118794720392,5.033285615771482,0.2010536900402116,0.7127266523310151,3.4483098551928535,2.296512581146198,-0.8641680059234973,-3.1541778880923586,-4.568888825747469,-1.501020087253309,-2.2630012524848504,-1.3635886264024177,-1.8063570394029147,-2.192277057641518,1.5960436452723812,3.903641033807007,1.2385743930106927,1.6009437958346786,0.5690009362779169,0.976965865508166,1.833026537248455,-1.0597456814920938,2.6169137306834576,1.1204350678163244,2.1865875649893183,2.1865875649893183,2.388969319261978,2.089611567262321,1.2767283001391798,1.2485888865250314,1.3383003503565758,-1.1331587715572127,1.026374650517146,2.548430481724946,1.5825661574798908,1.7141888982612725,0.5686516637785277,1.8438244927481098,1.2767283001391798,1.4672693172736535,2.1820403947736016,1.2797246430141818,-0.48951675012012236,-0.5383736026804816,1.371702973929981,0.8271629374408231,0.9113596491107644,2.0209024713114103,1.1204350678163244,0.8156747321531892,1.9229994725018786,1.0627898482648634,2.0209024713114103,1.061341976878913,-2.3075973885346257
9,SAMcc4675f394a1,-1.0303208280979488,-6.73256312751231,-1.3946311565156726,-1.7468460363142908,-1.255846233259617,0.4778705788028839,-4.18600171329649,0.08792090368587839,0.2411100935630874,0.6290355623016819,0.48526193090511405,0.6610756444801841,-8.015642984173379,-3.830697974301533,-3.590812151847167,-3.7664741696869006,-5.127165931125072,-3.502398578640753,-1.572443247170365,-0.8094336857517015,-0.2752871107116698,-1.6697972440209852,-1.2904981241534657,-1.6232080315502875,-0.8054136773201332,0.09747289590887215,-2.928802137511515,-0.10791967941984781,-1.7468460363142908,-1.7468460363142908,-1.618824045607616,-1.465309869545863,-0.660601114703617,-0.5665360350001477,-1.8663765011182498,-1.876937498113269,-0.19486957762743332,-0.825639226619015,-1.547603119268502,-1.1300702317314093,-1.4602647477954798,-0.9735605692452469,-0.660601114703617,-1.2400620827623827,1.3868269040946444,0.8022944186528285,-1.2600595115570332,-1.5602106627226715,0.2891880387067393,-1.588451889559075,-1.2416928843357071,0.3026132064043678,-0.10791967941984781,-0.4433955941213717,-1.5729501742899796,0.5185051381314774,0.3026132064043678,-1.0412302619773723,-0.7630095614186636
10,SAM49f9b2e57aa5,-2.5541364627340966,3.825749528089551,-2.528737602301473,-1.2348942310130107,-1.1133522912214422,-1.8572592077461916,2.3800790054648457,-2.402354308058302,-1.4317462879024043,-2.042573174096407,2.021544049575079,0.19670351997747082,4.468215570733643,1.6286253739634966,2.8665245863637017,1.1960757032138953,2.681544110133629,2.574741384949268,-2.286463923701706,-1.1116648614597717,-1.863162648201341,-0.9900968397444739,-0.5996400077823604,-1.7164849028687543,-1.178270751531996,1.245835442911388,-2.181579197009812,-1.4021326025021021,-1.2348942310130107,-1.2348942310130107,-2.508926819041207,-1.4476771401620205,-1.6183802687402147,-0.22936346429831225,-2.5313962227119546,0.9249919936297083,-1.7966538654212318,-0.0720802687812052,-3.1486496916669946,-3.0688471862235462,-1.1739283518814339,-2.312730267829878,-1.6183802687402147,-1.7567416286936417,-1.394169620686615,0.051759841526726136,1.903340800981151,2.298260942475889,-0.6748314631293441,-0.5563727938518379,0.010470768893095403,-2.2661073946096066,-1.4021326025021021,-0.40125727572031766,-1.3730314434947783,-1.4176326363211877,-2.2661073946096066,-1.3656183586528656,-1.1747990622419344
11,SAM2e7aa8fa0ab3,1.1171068056184776,-2.419587558004276,-1.034998205445256,0.12869772470756938,-1.6804926700965779,0.4053252994551191,1.5267952934034608,-2.277994417056265,0.2697184228344162,-1.6431836542568616,-0.16511683743985114,0.7825683425015222,-2.6419855160186363,-1.2499224325988372,-1.2768070492552355,-0.5613119584760758,-1.2972394939861542,-0.5562314390763606,0.5410113154408643,-0.05111828823983294,0.7739092109976955,-0.15699220848361678,0.6916492171180506,1.073986421229848,-0.28807352948201786,0.3333467443194306,0.001767241909786946,0.7349654184389073,0.12869772470756938,0.12869772470756938,-0.5374942908032672,0.15735837657415389,0.6741420422806457,0.3102344520072602,0.7527040518834429,-1.191910545830605,0.20140023302026072,0.47503031793017475,-0.5113115246588048,-0.07257578445828247,1.084320232997707,0.4497408134699727,0.6741420422806457,0.4566437936626614,-1.1903759609812554,-0.664840827663728,-1.049115413795401,-1.020564352327142,-0.8016137692023472,-0.06802251083976756,0.2892922019638651,0.6703018437124698,0.7349654184389073,-0.8807580742186286,0.6635555557420397,-0.22306567052766443,0.6703018437124698,0.9937867649258186,0.5921296036806973
12,SAMd0e47be700b0,-1.6096643893311882,2.9376260941322907,-0.3535334917573802,-1.1252811038453094,2.6487594690365466,-3.2272078521232888,2.7935374096448156,-2.360130449688905,-2.010176803194559,-2.389214207757915,-0.8888668305409216,0.334021019173553,4.694380552030354,-0.7497845650174053,1.120229882351973,0.3639430361775958,0.0962406796208808,0.27889301412560347,-1.7562667846353033,-1.6897340983115667,-1.06084250759742,-0.8947062971908253,-1.0253345071882447,-1.2428064089664215,-0.5948561171927983,-0.3637145505417477,-3.9453294002333945,-0.9606529690145481,-1.1252811038453094,-1.1252811038453094,-0.5094064945815097,-0.7111199209755562,-1.0626318021374181,-0.9021601982061781,-1.5845057278008627,1.4584957849458373,-1.032743598570713,-1.240140897348066,-0.6334841372173132,-0.9171658654830391,-1.0843747979784746,-1.7649377804814617,-1.0626318021374181,-0.46776948352050407,-2.399309363428193,0.7913371644488858,0.32154218028925124,0.09364532342074043,-2.184955437738737,-0.3037935808754503,-0.06343644701910453,-0.6136568121490691,-0.9606529690145481,-1.495567784055036,-1.1933737860424802,-1.4488226649993523,-0.6136568121490691,-1.4783157936123215,-0.06653268632373655
13,SAMdf3e42c8672a,2.810579821764454,6.18405681123491,-0.07738742778433577,1.7517586473723101,1.7245249117926968,-0.8749132772361851,1.8089086491512025,0.60059635096674,0.818595469947898,-0.4333162622661966,-0.5893759316592029,-0.5342054553125567,7.524815313296781,4.272697733141905,2.955036278157853,3.662272880741326,5.094765368172948,3.3110842577498083,1.923296401647556,-0.9901715208939789,2.165491659586409,1.7248720156890613,2.1092219351823203,1.6365629418298366,1.3964581935170581,-0.8114842628330012,3.1346041636301107,2.035115392144873,1.7517586473723101,1.7517586473723101,0.8771417724896107,1.009904529352244,2.202856287611828,1.5984335668260956,2.0850882832469715,2.5991831688531533,0.9691435988799519,-0.3584006852107366,0.8524073550429265,1.7540960685451616,1.1415153003444678,1.2063559446756265,2.202856287611828,1.4826412901040746,0.47822688114217743,-1.1592408526922409,2.575140362297555,2.573893641512005,0.07278729915467672,0.8443416507625919,1.8792905187140998,0.30043465158737465,2.035115392144873,2.1855547090193985,2.6952184627326417,0.9830892846717376,0.30043465158737465,1.6390025053777177,2.913467922541535
14,SAMd027124354ce,-0.9187271206225959,4.7465140751695625,-0.9964115748889818,-1.0958772614260857,0.23376922586102347,-0.5291307561282623,1.3708998549541598,6.107664017011846,1.2920377538659273,1.9083703817092117,1.9060616689314676,-1.2178298667268026,2.713528745655791,1.8421856682428488,2.707026950892013,1.953604651579636,1.5660663661475658,2.5978416608120263,-1.1099017254884695,-1.0154210504116181,-0.8708395586895112,-0.8464058696576034,-0.14028133035860813,-0.729187423206642,-0.4374772074872587,-0.7460116539932455,-2.773787065886376,-0.8173656463065225,-1.0958772614260857,-1.0958772614260857,-1.0257356305418948,-0.875504907018215,-0.9613723819216656,-0.12897230077246782,-0.8880384144617953,1.6610688847103592,0.10248871983207122,-1.1667820788464667,-1.1671682442460078,0.6404872483693067,-0.4895783663777915,0.4231310747116733,-0.9613723819216656,-0.9792695393068109,2.886734371547036,-2.1496122032653777,0.9031356533334169,1.0763651513313606,0.9104525244727689,-1.2999899444271499,-0.7938965756496322,-0.8337875395859764,-0.8173656463065225,1.244930313822778,-1.3671941280291147,0.30143071230201474,-0.8337875395859764,0.1429214473111809,-0.09448067507685143
15,SAM36d87392593b,0.6186211936390396,7.274821383072664,0.5323575584961222,0.8508300859841044,-0.16255711147526047,0.12190153834152119,-3.103279563477291,-0.15713844438549407,0.6136677504262454,0.6404203573957185,0.08159360304453313,0.8920329630958893,7.11523919359883,3.423520881566559,3.8049342736590783,3.0766755476359813,4.481586825418887,3.9191802207585353,0.6639449338520395,-0.26648693875744833,0.5355803263839086,0.8269687895754771,0.9038982731845258,0.013984742791708287,1.1842046798904151,-0.28906179471726323,1.9423562501617282,0.5617167360944891,0.8508300859841044,0.8508300859841044,1.1851385170171918,1.0220943473396398,0.3510045428465926,0.15757472832402566,0.6368782996250121,1.0462287974791147,0.46504129431010904,-0.4682176665773931,0.2992849127704565,-0.12855542046983295,0.24718333383668528,0.13287310794308418,0.3510045428465926,0.16620433566611292,-0.785577784150033,-3.7524947756789575,2.1175494180719037,2.150280495857322,-0.16825238342312038,0.3072359369174956,0.6108470380395673,-0.431218706062639,0.5617167360944891,2.9693688506981992,0.4835222220447606,0.33036453763108714,-0.431218706062639,0.050720796728742155,0.9304318726094878
16,SAM4edbe45817b3,3.254077932911631,1.6014454581071909,2.4609380688319837,2.3959930572875323,-2.165458546600172,0.012860757319600681,-0.4225068713733089,-0.24002144403067346,1.2385936081789233,-0.40264412249207526,0.15223007421948057,0.5096330364001628,3.4532934019950368,0.9165049127065019,0.8365550570979197,1.3708394241145752,1.7039018395823582,0.5933174866052993,3.0867578676129366,-1.4278889348534076,1.9824886644035575,2.0423320022453137,2.4634207459222783,2.5299003237604034,2.099317234258689,0.6950769590386681,4.176322870000938,2.0869640856302936,2.3959930572875323,2.3959930572875323,2.7460768565488283,1.9953791898191513,2.1816304983583126,1.5416019970377832,3.044114943964622,1.0598547485764274,0.7325912673154404,-0.45635585699220893,2.7676399693956193,2.193781086503082,2.0636608659183047,2.1962916217789696,2.1816304983583126,1.5709672508117885,1.6702441730999382,0.3205665663576233,-0.18863072463218056,0.11655901665702645,2.374356127173533,1.1292162060279278,1.6384545749433166,1.019697090511699,2.0869640856302936,1.165502310216229,2.6831490125276733,1.030076177566787,1.019697090511699,2.4559190662176276,4.514646802466344
17,SAM36a9225b0222,3.6646424018978916,-3.29071355515676,1.2310418039067872,4.102402958566896,0.3785728440578148,6.226410183996248,-0.7827257256130002,3.9560017152852622,3.5566759701948456,3.087739047374483,-0.5017580416611129,-2.560351806500534,-3.3212287716251696,-1.1101859096759321,-1.460017965188623,-1.1133002695865872,-2.1133425102897396,-1.6094065569005318,3.1906370585486195,5.861433405638477,2.5594143667523865,3.531229958090461,2.8659796293644453,2.2901524874508437,1.9338030628788048,-2.7571783989404044,5.596804908453476,2.1182251576020144,4.102402958566896,4.102402958566896,3.374039327226071,3.0583801235576002,1.9624798881360441,2.491072193217878,2.9938839795758576,0.14118337645135656,2.705465091479274,4.123956614540128,2.1009146962798395,4.323663881411187,2.085082049131748,3.3257560018045997,1.9624798881360441,2.316352685878162,2.114033503811494,0.5882413199866303,-0.6177831237097879,-0.6967489223143573,0.6603533880256203,1.923830172483902,2.4430533332327564,1.4858779156701978,2.1182251576020144,1.0061024284743652,3.6321740786790104,2.3764321297496114,1.4858779156701978,2.4241704157308277,-2.670796347089858
18,SAMe7bf6c015192,3.2959242180529507,-4.006398621384022,0.6309500070907555,1.9039060568959922,-0.7834261970621694,0.6112238675900777,-0.04295515606898438,0.34803499159980944,0.3728117328781154,-0.019964873744452914,-0.011348902705931122,-0.0002247959484636026,-3.5355381327903554,-2.364107754691577,-2.039504741742649,-3.3350648991600518,-2.8953201069711234,-1.7261004055827027,1.6418350306838554,-0.6747784991676138,2.961672663178007,1.7752539005704304,1.6211999388655884,1.3610787587370974,0.9290000901832107,-0.15331733421291557,4.4468982125757135,2.9335323543391003,1.9039060568959922,1.9039060568959922,1.3174426266678811,1.1710150658779435,2.1910817319873717,1.665779708630481,1.84478593355997,-0.7297418910117418,1.7247964790200425,-0.2744110963253483,1.2852555412372664,1.7693327793027915,1.0791209666826351,1.1808859823457083,2.1910817319873717,1.8407542555957592,0.4756885538951904,1.3429166583086596,-1.2477175454512195,-1.7975791254735645,-0.07792407119575463,1.2023042726263462,1.3308447937695775,0.3170189449874311,2.9335323543391003,0.27959205492242906,2.911887718668059,1.9252941418065495,0.3170189449874311,1.1741321198259242,2.316613529851469
19,SAM6dd7ad1d797d,1.9246973819122675,-0.49692763091954806,2.2537451207378796,3.7285747661687427,1.6320858548613661,5.604975125012862,0.09075016111782994,1.57276403364733,3.4673963459185684,0.7793286159705821,-0.4368614268758625,-1.3612446091231027,1.1802114091054343,-0.7168469791774127,1.1523074119838628,0.34414814518043874,-0.3481664204954267,0.3942964668259494,2.329110029808369,2.0273501910575344,1.1428664378505202,3.1623238159634623,2.3844154577279424,1.524422516383472,2.421538459056811,-0.7297497849081529,5.155259435439905,1.443253209221666,3.7285747661687427,3.7285747661687427,3.713939350782718,3.0884855026309306,1.7988120493703017,2.4189285272746126,2.17554531249633,-0.2965087502997254,0.5889114599039513,2.6246462229028533,2.1159538759130787,1.9316637554571447,1.11787099747352,2.4489832930319877,1.7988120493703017,1.2401750989380913,2.4809284981589705,1.3045545745226956,1.0555699759784491,0.6509635747008405,1.3951367382815225,1.1010689796119228,1.675026370021443,1.5377888704819833,1.443253209221666,0.612370149429974,3.0269287247112957,1.424494602474222,1.5377888704819833,1.9360963010310777,0.3017598387508347
20,SAMc0d625a50eb8,-1.8009616074861128,-13.182103405529293,-1.6065913400920904,-0.061735232799326904,-1.9597183976515715,6.331489566818018,-3.4218150487186056,3.436608867929149,3.6027238108137607,3.6856898874635062,1.2295925630164843,-0.8305905920376415,-15.490825919528612,-5.437490520252678,-6.974524564416191,-4.753851733541792,-6.759762962808708,-5.249744674643735,-1.9658673249088467,5.941665045526865,-1.1852169137594153,-0.27394969703471805,-0.971683631244744,-1.5699123181858552,-0.08543874232112561,-0.7457405527225002,-0.6335577211609555,-1.0850458687283018,-0.061735232799326904,-0.061735232799326904,-0.5215091483477293,0.015940412766844384,-1.5920669255396385,0.1207067037521659,-2.236075886973652,-3.7341915111696653,0.1684979829222279,3.9864900150473384,-2.0599986558039545,-0.4721789385074342,-0.9490558432126287,0.26275854905145896,-1.5920669255396385,-1.0582516638744843,2.079933477384794,1.3130648423546603,-2.366615581343268,-2.3849849781713224,1.7188424083924385,-0.5206803356628177,-0.5981650078798748,0.3959754096014206,-1.0850458687283018,0.11424230750476481,-1.211897661937059,0.23536833169281254,0.3959754096014206,-0.593966149630324,-7.907532370435712
21,SAM18039827e1b9,-1.8993689518252705,1.8183831980611618,-2.055054138311895,-3.987599066891563,2.1179236546574374,-3.1438957690561113,0.3688154523137298,-2.176322904774167,-2.2589418894768625,-1.8027182646341895,-0.09221291497224031,1.234503707243666,2.003889479344486,-0.010932522065451861,0.5154710840614526,1.6617433680147333,0.1244843288382999,0.6510243076183828,-2.248828864952373,-2.2526135583117544,-1.419416578628703,-3.1016734876942547,-1.530597542497982,-1.5089562628168391,-2.570816408983162,0.5595831918165463,-4.396808130163745,-0.9431603663860569,-3.987599066891563,-3.987599066891563,-3.9245730922522593,-3.5317090812498786,-0.9850515140501546,-2.686070016738197,-2.262803142102633,-0.6995200361842864,-1.1196302889606673,-1.3369157789753348,-2.6246543601713683,-3.300368932149386,-1.1095251582124372,-2.1807786729448613,-0.9850515140501546,-2.757869508706745,-0.9211228491083204,-0.6488931329622367,0.1891892174190455,-0.17184023959080527,-0.20795247841756312,-1.388400408574652,-2.3569466370908017,-1.3375654172946152,-0.9431603663860569,-0.7481895200914762,-2.9979394453390453,-0.4887124013596045,-1.3375654172946152,-1.485864346746669,0.0037846933593814747
22,SAM681e4bf7cf85,0.1316778177700706,2.915014129343531,-0.29135808415742803,-0.47242181899895375,0.23756984638153136,-0.6431579512440597,0.4558684986807524,-0.27468829084227964,0.0023877126998416544,-0.1642540416241958,-0.027653258991066236,1.223939077991695,2.351116465207552,1.2498259945395431,1.772786043132167,1.5874023951736014,0.6163022034258642,1.1932684050747457,0.5992717347512145,-0.18492494871827989,-0.4175870566625992,-0.47658127582283044,0.006568506170566633,0.8726841708905259,-0.24255957018799038,0.038658828428004034,0.010864848669153274,-0.4058396850722681,-0.47242181899895375,-0.47242181899895375,-0.2881345331283493,-0.404461343938416,-0.09819949602189586,0.006116231921831737,0.4862956460419542,0.053007237941797625,-0.5410870031360957,-0.04367827756049337,0.05937932824448971,0.3617363535605422,0.5717119044827433,0.5522058288021208,-0.09819949602189586,-0.04429658701160433,-0.3203222122509801,-0.7703387371418788,-0.1973075181798044,0.32171448114515067,0.5500495815656842,-0.4771374013485547,-0.21101526053725306,0.04867280787430388,-0.4058396850722681,-0.9068387425755156,-0.3122015953482607,-0.49390114733633944,0.04867280787430388,0.23980410624724194,0.7841966834694944
23,SAMc692536a795a,1.7034266235968532,-4.6947401311890795,0.07615588937540711,1.1085573692803348,-0.36205427582732225,3.5549140392704186,-1.3261373955287412,1.035230755939166,2.0191829904829914,1.9359228104730994,-1.4543145488782676,0.04275970806509202,-4.763324416270582,-1.737310785584242,-2.319318192568509,-2.553786720199397,-2.5096296674409326,-2.5627682457842047,1.5922718778963512,3.4364365641686265,0.6152054239805519,0.9854611931047,0.7252621365250946,1.8102459255371948,0.36865231903537543,-0.83762213344146,1.6782841594842517,0.6278641086968351,1.1085573692803348,1.1085573692803348,1.1974514897703497,0.8117963166285768,1.0934366696124886,0.5580181457718412,1.3210159165623978,-0.8373198456994498,0.9461706375121451,2.529457640772675,0.7527970141614908,2.0779618665020343,1.3288912406468478,2.2017427571411754,1.0934366696124886,1.3834121960366197,0.3303353999131898,0.08996739902618978,-1.2926145250632584,-1.365644374962168,0.13288282689676195,1.2863077231978415,0.9523607500492434,1.7592993685676874,0.6278641086968351,-0.8993399245622338,1.6383443108595146,0.911040596155495,1.7592993685676874,1.310421008571117,-1.8441646862722754
24,SAM9a2cf3c06fb3,0.6841704104716219,-1.3476036321269813,0.4442811241168505,0.7637048028720542,-0.32183351882391914,2.801787708587034,-1.3718826619614004,2.2439933567963415,1.641118260839827,2.811166162992661,2.7644639509402458,-0.8425749139416604,-0.7083281717748907,-1.5869019622960059,-0.42337059692234585,-1.6699235387721139,-1.1039071957380548,-1.0781756938814135,0.498194734047479,1.8128203488296195,0.7873866034945939,0.7028136043817587,0.863847376446913,0.00699040933446193,0.41751545361495856,0.6593550117766687,0.774862291343414,0.7520148610466745,0.7637048028720542,0.7637048028720542,1.082690680763323,0.6520167593257304,0.03177688515516362,0.2669444480688671,0.444033551484287,0.5514213498486503,1.3018562668763118,0.7673989630330931,0.08651403401638671,0.11705080498659728,0.6529168178271698,0.2140239601844497,0.03177688515516362,0.07016152015292765,1.2437660342471302,0.27526402625969476,-0.8427618693814859,-0.835868219555233,1.5030340384984076,0.7405488296112992,0.5820494548557174,1.0161951563534737,0.7520148610466745,0.8443649446481158,0.5380868544180637,1.051130788387674,1.0161951563534737,0.8727654557114264,-1.3146256147821405
25,SAM557dde1b9f3e,0.42842583374949583,-6.812724235617679,-0.16234929963962869,0.7861158473510884,-1.0991528959102859,3.302263921487083,-1.1899167574300575,0.7303592297885723,1.6501949549485257,2.0854727804530246,0.27267340696896036,0.7007454220093352,-6.874995942006245,-2.8000219080762605,-2.815824983211054,-3.619182601477648,-3.256587935125832,-3.2997687431311093,0.024615503670324605,2.8214053399862835,0.7897715737370488,0.9185298269736724,0.07070600531315628,-0.6046466722458538,-0.15552053910756028,0.5993967358019,1.8385112125563612,0.5752389704611383,0.7861158473510884,0.7861158473510884,0.2450944860835061,0.3136744900237892,-0.12671198881478318,0.4920829501789998,-0.2419141957765666,-1.7027516353963887,1.0493991659814141,1.6720165695985232,-0.3140023596956243,0.003598191155621402,-0.0209909180640162,0.15625865169367256,-0.12671198881478318,0.4583572202063498,0.8312659347187662,1.850430031474095,-1.176055550507277,-1.5487756114992923,0.5271283307224777,1.2288901791419846,0.7390927196048167,0.40028123927293063,0.5752389704611383,-0.9628860906088996,0.8740652243590415,0.989631892574729,0.40028123927293063,0.24122332887028355,-2.796789836315959
26,SAMb8f13a0525a6,1.0371802039171598,9.193214993156706,-0.9447284997239406,0.7105452561998922,1.4548543881760183,0.6026599665367669,2.353369582754228,0.8532082175397174,1.5945973450938218,1.0473964254308827,1.0056405405894258,-3.208427349307913,8.240085842864204,5.864001483854975,5.013768152924133,4.4041525592963024,5.617424279233761,3.356337458350464,0.7334381858578503,0.7771164035683092,0.5304267913573804,0.46711440170133606,0.30956660677188536,0.9536710828662559,0.18849495126228158,-1.740552785557012,0.9298457660004811,0.263477576177069,0.7105452561998922,0.7105452561998922,0.32125105342220533,0.6524616182317851,0.8358933118488645,0.781728629491624,0.9153447617227438,1.7690083506000966,0.6898456541216035,0.08512983417278638,-0.00842432078536618,1.107953827680597,0.49252443793169615,1.5303367043658052,0.8358933118488645,1.3223534962729158,1.6301794471807936,-1.0927720212324434,3.1555063233094347,3.2324802516103115,-0.14726462001406482,0.5680760896731303,0.4447475552247736,1.3020711249186505,0.263477576177069,0.0528004482438964,1.2262241842020423,0.5839200138094635,1.3020711249186505,0.4588045396364243,-0.04367821771045899
27,SAM23aa15d4a0b0,-2.0791239366602947,-0.8905308880648448,-1.586913872428155,-0.6515920792533644,0.1315404299468983,-0.2624469022751048,2.245392040390598,-0.5304014139479324,-0.2596246565863344,0.12444574058746984,0.615307388649111,0.9737166890852634,1.3402592492026888,-0.3248806854830527,0.3799247858662964,-0.32792047178962574,-0.4629743253461164,-0.8404131678338465,-1.7532869310372925,0.370830908657118,-0.7612641184856473,-0.7544181765074699,-0.7861278415329881,-2.0740898366295513,-0.28143620329918695,1.1501233223327847,-0.44963168347540233,-0.5988743538926813,-0.6515920792533644,-0.6515920792533644,-0.9755012869149632,-0.4548426863750657,-0.980817427773679,-0.4150798738479095,-2.006007915525319,0.133820764134925,-0.6903877430573643,0.17242212924938558,-2.0830173149554314,-2.3607332440049333,-1.6287344269892512,-1.9664718327236002,-0.980817427773679,-0.7444455843028239,0.27399718473267526,1.3124695608441186,-0.1807759498841939,-0.10728768449251944,0.06032741646195203,0.2734119574623599,-0.1342618736613985,-1.416706383381565,-0.5988743538926813,-0.7981176936433385,-0.7542076355098772,-0.9349472530691466,-1.416706383381565,-1.4842843481429002,-2.1241178396944105
28,SAM468a9e1dc821,-3.534228477917056,-4.002579677184818,-0.5340362741689249,-2.7433978243838686,0.13473355494425907,-1.1581966732372042,0.15347044262117904,-1.292056541096474,0.28646203694457645,-2.1309497366474517,0.07578946640608153,1.3280577041373107,-0.9919392257166331,-1.384896212329503,-2.511487781585041,-0.6131645643168421,-1.2732153237219408,0.3186822772722797,-3.1111829329810554,-1.9372007388714085,-2.320708394495777,-2.596391002233936,-2.7893738445947966,-2.1335957985138787,-1.792327190100413,0.25274810438463985,-5.127498502570942,-1.9120194830223654,-2.7433978243838686,-2.7433978243838686,-2.6166215136747826,-2.3217298370852957,-2.0195244774559376,-1.1852367262243777,-3.063176758190754,-1.3632599771059781,-1.7056489015281706,-1.5996734759486044,-1.5981800989018422,-2.591957673764333,-1.7880951242565033,-1.972794032387114,-2.0195244774559376,-2.253102822001845,-0.5035756387221696,-0.6245467175617139,0.4663634977330382,-0.1634992891081159,0.0023689585111775573,-1.8743080364718125,-1.841350763319359,-1.180175164140152,-1.9120194830223654,-0.2735301252645823,-2.8519548750889623,-1.7151113735163441,-1.180175164140152,-1.5941896547531333,-1.1739821941096469
29,SAM81b71522417a,-4.199164772864555,7.926300936941061,-2.0687841199172268,-4.727394671038385,-0.8715220573926472,-5.169545707634409,1.483145340729144,-2.4470297994474235,-3.580030742168004,-2.615220314238194,1.179428919085027,1.669779579023192,5.862623055271477,4.725033693066899,4.371725683400337,4.767928350556495,4.530518914631548,4.648683683653273,-3.578126969678055,-3.67157889579706,-3.019271212144748,-3.942663212200975,-2.874616218947087,-2.4305982706370917,-2.3186835467511524,1.007707396144908,-8.445935135574192,-3.007808331451799,-4.727394671038385,-4.727394671038385,-3.7581361773516897,-3.5158147596653264,-3.154561548778037,-3.43008737083392,-3.2428977687504883,1.6014447331025927,-1.9960648562168624,-2.5645536995837253,-2.7844144037970584,-4.211814716352998,-1.7774189223757912,-2.9728918940554525,-3.154561548778037,-3.060920696022195,-0.899370415534359,-0.9085399946637641,3.1990690637172654,2.860572611064398,-1.0089415116797156,-2.260940711239736,-2.8196942731931633,-1.8980671734984849,-3.007808331451799,-0.16964525532687358,-5.146446531387587,-2.8285462998754936,-1.8980671734984849,-2.3849949804386603,0.09345192611900499
30,SAM6cb230f208a8,-1.503208292619593,-3.043164540561043,-1.0681417931582444,-2.454019211837654,-1.3902141788580444,-1.117112742441662,-1.1618885702117012,-1.2929242243828694,-0.08424513264027807,-0.28701846888667865,-0.9855293518749114,1.4210803625156692,-4.618285531620822,-0.41436778129553553,-0.8772627856135798,-1.041140430979038,-1.2307400827730548,0.40749758718188533,-2.4886796046782895,-0.34138404357220037,-0.5403619160430203,-1.6480935097096643,-0.6328488420993023,-1.913724304311588,-1.8596669110811355,0.45527776132828557,-3.9460872802108806,-0.29760060811593747,-2.454019211837654,-2.454019211837654,-2.6581646735836744,-2.1418931501723386,-0.847927639402512,-1.8527472340009283,-2.0536268338683197,-1.7542033434462687,-0.5502376296475179,0.19798629356474745,-1.6480122934383536,-2.7367119001272635,-1.4750972572733965,-1.762692115831301,-0.847927639402512,-2.007397418803113,-0.462867245427809,0.5903759643390329,-0.2751015005851039,0.11259345542328576,-0.3259003897700535,-1.0122467163722408,-1.4311848277849362,-0.16891134635235802,-0.29760060811593747,-0.5808344323866484,-2.115330009373807,-0.33365128530904825,-0.16891134635235802,-1.4211762121241966,-2.1472955611060893
31,SAM0684af734db1,-3.539170263214014,6.025141671011438,-0.7019678894772244,-3.033441693800503,-0.8727608557832108,-2.810462437055654,1.2497660535251705,-2.668418922654086,-2.37232517657504,-2.1010607567339314,1.2845706809115949,1.471893321860898,4.813393998685566,3.0842233577232,3.184718512563745,3.508299999607626,2.750892970458175,1.3117042500170661,-1.808903352627709,-2.8478709616734172,-2.923218371094921,-2.4364829870800033,-1.901299072392911,-0.5790829012303456,-0.5594982309662747,2.092351583726634,-7.144167642966517,-2.607258822180489,-3.033441693800503,-3.033441693800503,-1.9603417754205368,-2.0707610333408644,-2.2965060427673216,-1.8991207066915092,-1.8796818147326526,0.009271469251326492,-2.231042338876844,-1.7585318568548347,-1.2637949952104393,-2.658925944446052,-0.49430424017420815,-1.5047802650992743,-2.2965060427673216,-2.4419069624525993,-0.043269222435722704,0.5892965012520655,-0.6550842241748543,-0.32047261160494855,1.7757573134780928,-1.9662171684152783,-2.511939948949589,-0.6656488139660726,-2.607258822180489,-1.9667024299398597,-3.7445553593187735,-3.6973821386509,-0.6656488139660726,-0.3177091028838956,1.0389676090457083
32,SAMb963dda93cfd,-1.128047744051983,6.647370807867593,0.4305959154544096,1.732176620488304,3.1771015444439974,1.2185263249851976,2.184218042546017,-0.025389093854757953,1.1960066547314943,1.166637566838608,-0.30602867399600453,-2.5044354458318794,7.2850183103676835,5.273758095526964,4.832853009366422,4.170414569979267,5.3160151361454595,2.601378079507776,-0.6082956840978712,1.2403157177234678,-0.48603788734063497,1.3670436180330383,0.3119041827209642,-0.7205049587892386,1.3864727781303685,-1.0887936914634249,-0.13746150004055432,-0.48767784009504894,1.732176620488304,1.732176620488304,1.6974970565674539,1.863728566870425,-1.1380657567645696,0.5662236476376616,-0.47594332277612494,2.692403760394827,-0.10347476041487577,0.7189247627718219,-0.5348474421052982,-0.5034490122728874,0.32364820337075567,-0.614882193021326,-1.1380657567645696,-0.5067578252458952,-0.34469922309364714,0.737100748178282,2.755380325378752,2.583567701195959,-0.31895321590101594,0.4745979566769625,0.4262538529403242,-0.5463601038194507,-0.48767784009504894,1.7478465885315428,-0.05676489821946785,-0.6956649600668838,-0.5463601038194507,0.7109869878247373,-1.8486114018213389
33,SAMa9ca8536d2b1,0.7698858227361538,-6.9997374785081306,-0.3950026767007068,1.6187155738817676,-0.7821471102066374,5.731732844474268,-1.4366726378832853,2.9405992552269504,2.751544604194285,3.4397561848329956,0.5499666557113776,-0.2595619459469907,-6.603269868967464,-3.0925916277818852,-2.7413838113742144,-3.2958252922434914,-3.9835324340230844,-2.701741213425833,0.25913402615297154,5.3454325872499195,1.4448184423842474,1.5005875549994783,1.036751521429141,-0.5624864079593487,0.582235886919874,-0.8669605626151051,2.4322962307573346,1.1344625633112335,1.6187155738817676,1.6187155738817676,1.0132634808653067,1.1904498388901457,0.163674688345204,0.8989927636013889,0.1366212182396685,-1.738113850660237,1.7183141409542206,3.843811898906811,-0.4319085872138808,1.3592888987361265,0.1574993766607553,0.9964313473360804,0.163674688345204,0.6501158717693256,1.858169431698132,1.0281226028097301,-0.7059187056818511,-0.41216050986838976,1.1295202216970397,1.2785770264789207,0.9901027382806765,0.5131121401410182,1.1344625633112335,0.6443522943230443,1.2988664065971167,1.2149009108068634,0.5131121401410182,0.5475495638306265,-5.086298561096948
34,SAM9fb814c22bdb,2.191544948453705,-5.949853699050927,1.2734521146791788,2.473421729447254,-1.408503889526431,4.35907179120704,-1.0990266405697533,3.334772741454209,2.981596153205463,2.860498380609764,0.5852259557592134,-0.9728960079612045,-5.886478403758991,-2.7222004793109336,-3.160979109356236,-3.190637288776779,-3.766835211173881,-3.1060499904533563,2.3447228510271416,2.9767441666228063,1.7495683355589278,2.1923603677326917,1.186472529250957,1.334062863796392,0.9383379276917357,-1.4988098933759006,5.096200948172402,1.5798169559319926,2.473421729447254,2.473421729447254,2.2341954563039828,1.7981298466091702,1.5205671064331685,1.5747250017815146,1.9082202918662523,-0.6499711551269128,1.736941450459151,1.8986310818901238,1.69062364966714,2.6951591314985825,1.1625010216553207,2.2939141347832868,1.5205671064331685,1.840674049547518,1.9787950443694378,0.3650881833647085,-2.106767570551816,-2.1712160926712207,1.5088297820181318,1.7989678965624178,1.0819398940181144,1.7659285517616239,1.5798169559319926,0.9340437100636192,2.718133552490954,1.4405274815070905,1.7659285517616239,1.3327520162434945,-0.6320213155956647
35,SAMbcbc7957c264,-3.1075739025165245,-0.1032890061999871,-0.9637296159066104,-2.2063516945407446,-1.7568623884764298,-2.8381071626256458,-0.5463580566491965,-0.9318322594855897,-2.843703755007492,-1.2172496483077346,1.4532798887446625,2.474016223239266,0.4542796505760844,-0.6444247728668385,-0.21594330808250933,-0.8184171908762717,-0.8800895313247524,-0.44120204462686347,-2.6829458274505704,-2.649375845340685,-2.131952892486622,-1.751405600716479,-2.12546503324013,-1.6658754737818564,-1.0110725191816534,2.0758944640270593,-5.817152660452099,-1.5318122524208708,-2.2063516945407446,-2.2063516945407446,-1.583354827945076,-1.2645033277399047,-1.4037420512003471,-2.3296904110792576,-2.457625140023699,0.4877788241178176,-1.7537839002096873,-1.1225874442025567,-1.7306123034399972,-2.928424640621104,-1.6185124566271971,-2.5071856953840936,-1.4037420512003471,-1.653256908934658,-0.7662028706375179,0.4453122956435185,0.11486797924274188,0.1663233486714654,0.2184527056288618,-0.2794234782383709,-1.816774312125457,-1.3277815694042296,-1.5318122524208708,-1.4436191176595108,-2.455558314845626,-2.19471761646568,-1.3277815694042296,-1.8409596422906405,-0.03356998210988538
36,SAM7fb6987514a4,5.092905496804358,-0.9656947289260862,1.7646109236708183,3.4580294655076096,0.460042163649044,2.349326749423831,0.1837804590707205,2.748252186537463,1.8818109549814876,2.526349021359343,-1.000317561966425,-1.6309226500565113,-0.09627620304162209,-0.28350195835221126,-0.6167300047449751,-0.7533878345367494,-0.06793994330135197,-0.5212583280355768,4.2501871838389205,2.668825715958903,3.645660767864466,2.9583454586725377,2.6992830300312947,3.014530174610912,1.466043766445526,-2.212935966708684,7.108034252815975,3.144759670389101,3.4580294655076096,3.4580294655076096,3.03853034995554,2.400928924368228,3.4225913310079004,2.452342330973627,4.118028298374516,1.6399283918513732,2.7166833962273422,1.4158465611011068,3.297714852394507,4.615803916941868,2.045090419160311,3.348334845037307,3.4225913310079004,3.7748960955018807,1.348223059790805,-0.5268901454741202,0.05866762466323903,0.10016305777873287,1.6300697127377612,2.3429585522898457,2.7914889946243844,3.209708358081542,3.144759670389101,2.1259087539565598,4.749705290606052,2.7656242619928126,3.209708358081542,2.0121457082923095,1.5813614678800176
37,SAM63405b04ab2d,2.329736794949851,-4.003291491844498,0.9048403002815433,1.37836413871118,-0.47495641470087324,2.813995672220566,-1.9637010552783707,2.55291867800955,3.504176446317966,1.9878206333607524,-0.32123013521542404,0.0021255408866669725,-3.9538936292080376,-4.511579666873314,-2.7433394480194044,-4.747875033572993,-5.868289685995899,-3.929092383664061,2.0693461095033006,1.7805366890698664,1.4384024538565003,1.0635405207319646,1.3323217228555713,1.7745379191532296,0.6991569835157628,-1.0525893478857296,2.9868297432574855,1.2211502000790857,1.37836413871118,1.37836413871118,1.1979765878302835,1.151161133410008,1.3882949536404896,0.7664787556761772,2.029366699993296,-0.52040855691048,1.5630758343764573,1.3820426235838714,1.5512649878707883,2.7486298808856158,1.4228253429849287,2.315321391107644,1.3882949536404896,1.4082110541774802,0.8548360795306797,1.2173932332255253,-2.016644253927391,-2.062554211102034,0.7895487970554967,0.7982988998920525,1.0793261967440702,0.970990665738449,1.2211502000790857,0.3219878455480268,1.710233109642734,1.5504830984459907,0.970990665738449,1.784811127790374,0.28880942043343416
38,SAM18bc1078bc15,1.2540963801825875,7.523037973179953,-0.8936908557321417,0.8063679652918552,2.5997478538474303,-3.049283522945227,2.9948951114730846,-1.8284200340697063,-1.76054641689401,-0.7786674714711038,-1.9890841618933084,-0.7265231634484891,5.7141244778270694,4.165384635169085,4.576703941628072,3.485463092583489,4.778295338974235,4.540963921201846,0.8638039565994525,-2.3452902289644255,0.6938855384060011,0.5563490147718329,0.5438399967523859,0.9594089956851415,0.029695068535757686,-1.1057633483980478,1.658957222351862,0.4845290154948166,0.8063679652918552,0.8063679652918552,0.18955685324570268,0.6140891141182806,0.5242030386111504,0.4535294285947443,0.943390532889379,1.8896657041454616,0.09118677706812466,-0.6929795638112217,-0.19668710198134354,1.2027670520625156,0.775717197179221,0.40160674919863065,0.5242030386111504,0.9866796819363591,-1.868982437038818,-1.696582813725028,2.8445151398912714,2.756767651213218,-1.3858196944394066,0.5054358236587787,0.7712994132584462,-0.2209170424599465,0.4845290154948166,-0.7994175069535748,0.9599484726384139,0.14330141086628082,-0.2209170424599465,0.3876490318495139,3.209094185563878
39,SAM7d2dfba6cd84,1.2315136754097813,-13.405838558959687,0.021163360149210005,2.882058286381813,-0.6914459875697132,2.6330874844196,-2.0025590039759456,1.7331763733932914,1.488517891058189,1.9959621275586241,-0.014312709885578107,-1.2679778068845016,-13.297475606435333,-6.2082700667468425,-5.526293616553066,-6.554707848713288,-6.752824391640083,-4.624634952836465,-0.07795671506276024,0.7310537149043861,0.8060290963321459,2.5155910869979023,0.4723138917789558,0.2943429153633943,1.7421071832445343,-0.47694499598378837,3.9365654484650814,0.7178675069243137,2.882058286381813,2.882058286381813,1.7028637412137844,2.092040354503598,0.7184598119990291,2.193549974423198,0.05536218786325193,-1.9023268861884934,1.1000518620233755,0.6779716328987646,0.4000417338855841,1.303853853746293,-0.0036728057998417895,0.7960570161709616,0.7184598119990291,2.1251705073346066,0.9856681751343144,1.6280666452783246,-0.7433823182988116,-1.6753452453363076,0.604234299178307,1.9703560926186825,2.422982321450375,1.8019254285932151,0.7178675069243137,1.2597034066675619,2.7349064312760203,1.895552869404379,1.8019254285932151,0.31274380675402996,-0.8090104299671463
40,SAMd1bd63734394,1.9783281013878196,3.7204720553629356,2.6900424136691194,0.7297364467877323,-2.007665501669465,-5.910608922358916,2.26989989756913,-2.5687059502156875,-2.953123942900318,-2.4032602833697734,0.1873249507178406,1.040519272481068,5.1020714505486895,3.464651986245301,2.162133889431973,4.470987091986291,4.691354051668765,2.4657152583601576,2.505400963606596,-4.988459547070204,1.100045464318471,0.7735267424063051,1.860526350377349,1.787806340147948,0.549946681595586,0.7120194224964816,1.311150880425305,1.0310883973572154,0.7297364467877323,0.7297364467877323,1.5420673878882254,0.23642406020863982,1.444848095696472,1.0592741207539165,2.3999057456280015,0.9792031956640742,0.00800002600612631,-3.6873258608535524,2.879579846616697,1.1331512385583857,1.3275613557365986,0.07121862545404362,1.444848095696472,1.2248240252716214,-1.0649539981501601,0.1397688996655077,1.9935080969757963,2.029531498273402,0.027951759539763206,0.28884833813596794,1.3335192625837349,0.2902673623928813,1.0310883973572154,1.158740654283398,1.6657779443808565,-0.3677088874538972,0.2902673623928813,1.137173367764707,7.4938605106768
41,SAMe9ae8beb82fa,-1.1903072671632977,-1.8747910493952864,0.2541863259259717,-0.08569914324192784,-0.9164107321018807,1.9123129941804307,-0.3598447959206791,1.0917133921690774,2.1755470125660916,1.1241116783942005,-0.3846384053559417,0.2293409016037829,-2.0700008544405017,-1.0996837049017916,-0.44298611780685027,-0.9331390255073799,-0.8383464848093447,-0.3625483940221633,-1.3490298886782728,2.0695819273716403,-0.4655458661201287,-0.23365687096633464,-0.6682147793589236,-1.1943581800885026,-0.26603002054571695,-0.7709466163271482,-0.08304579436673358,-0.28591944549670445,-0.08569914324192784,-0.08569914324192784,0.2935469931018122,-0.13798957895867922,-0.5925197233729497,-0.005095418992649952,-1.0989486168705307,-1.5733566444971339,-0.23467258436907987,1.261607999555801,-0.16623212948395147,-0.28779887584053565,-1.0307202629659542,-0.4368977637038477,-0.5925197233729497,-0.6098322256927022,0.6996419268655993,0.34321079589628267,-0.9468514831780631,-1.0287528706800668,0.25041063782200146,0.029743005618790928,-0.10825681808161715,-0.971520641162992,-0.28591944549670445,-0.98649921429141,-0.36833200429349916,-0.2955341684670281,-0.971520641162992,-0.7210113781325977,-3.4186118160499133
42,SAMb0a83e5fbde9,-2.000791327517652,-4.282989258599327,-2.122448129386598,-0.700801820648511,-0.6436824768877544,-1.4937079736040755,-4.12623672966607,-1.2226437791589795,-1.3554376818077811,-0.8108009320804752,-0.2294171643178901,1.2557815171344422,-6.84661280861964,-3.3228009989217164,-3.6220949603210997,-2.9396090978315206,-3.972131462312072,-0.9358667255190639,-2.3581281853614926,-1.3597284616305134,-1.438243599667933,-0.4620410392038761,-1.5303604776135198,-1.568049422640327,-0.3699780978943347,1.0360400778081729,-2.4636465829750738,-1.2225931462937007,-0.700801820648511,-0.700801820648511,-1.3147990998175958,-0.5592658539493416,-0.8678416525588937,-0.9136937536730918,-2.4333166796483474,-2.9517379789647418,-0.7580459840499313,-0.826927762933803,-2.1554364827787205,-1.9626277462944748,-1.608809719317586,-1.7992566740477434,-0.8678416525588937,-0.7196246407053578,-0.698048279637183,-1.964140982831016,-1.5869799335582802,-1.9047492067018261,-0.09649882752533948,0.3557066148190073,-0.22004374269082097,-0.677777237504072,-1.2225931462937007,-0.8942486180150176,-0.9455203314381359,-0.5285844232380839,-0.677777237504072,-1.9127699906760922,-0.9983997237309792
43,SAMba7176afe070,-4.463660117623096,-7.660502982799747,-2.4810834706442875,-4.00780060903772,-1.9475948200856745,-4.7900853625507835,-1.9835859161961502,-2.1184719487506634,-3.980968940436764,-2.7324893401614467,1.9179372975407003,2.164381387122781,-9.442330044109706,-4.1385471219718974,-5.145214594985312,-4.063687609554727,-5.318485444649071,-3.3272354397572226,-4.667438744537299,-2.5373759760784655,-2.612536409825234,-3.3180464748233276,-3.64934012934332,-3.451240956116825,-1.226897031435548,1.7839256109292334,-7.540539182396063,-2.2665307112652058,-4.00780060903772,-4.00780060903772,-3.551684950924004,-2.607602463229168,-2.3477879508201887,-2.7908013099179128,-4.298887277561744,-1.366539048071815,-1.981530584747348,-2.5658886871168445,-3.173645448882421,-4.501671590762113,-3.2051113305648986,-3.6392472931938937,-2.3477879508201887,-2.453411453789498,-0.7630000737765559,1.9259559313193666,-1.6508831257676455,-1.768040484901015,-0.8175513613726442,-2.112846715712304,-2.7943006409169815,-1.891301288474673,-2.2665307112652058,-1.9907835880917917,-4.179100296345255,-2.240524339481095,-1.891301288474673,-3.790375246809509,-2.1300627684588336
44,SAMae1690469964,-0.6302494162183062,0.6124800781662059,0.31155486897969525,-1.3578934184338838,0.5484864438785539,-4.443616719166399,-0.792873608769754,-2.071898818390367,-2.4108517536341263,-2.3261260367529593,0.42337023349719466,1.7995677116557014,-1.048754595054563,-0.5217332986038828,0.2962044393125066,-0.4757332483339429,-0.9371942066270329,0.6294488022223206,-0.43303874810351983,-2.5935946244247345,-0.8512811227431849,-1.0473477326127811,-0.6497405296199543,-0.03001077182476731,-0.45098445059308184,1.6226421720848838,-1.4362503853082325,-0.7821798930941415,-1.3578934184338838,-1.3578934184338838,-0.3867780871961824,-1.0714275533087172,-0.6666137282945193,-1.0548659166289232,-0.4823299965584648,-0.3036063268113467,-1.1426543169820664,-2.207604383516031,0.2561720915679673,-0.831585902943955,-0.13361360113746554,-1.2669734531400179,-0.6666137282945193,-0.5274595276998172,-0.8228534963991685,-0.05979686146538697,0.7062226462044662,0.737112749081333,-0.9678048434550868,-0.26924165822710805,-0.46664632081926877,-0.8253087909550452,-0.7821798930941415,-1.1425842449391588,-1.2385325913817482,-1.070703155117591,-0.8253087909550452,-0.6775090195329827,2.1605558763212147
45,SAMbe83eae4026e,-0.3190122836592854,2.633505312048364,-0.5023210852877541,-0.3772752501666656,-3.179727343795362,-0.4697714477235919,-1.5163303041804241,-0.48445710095631767,-0.6279205168856984,-0.704292339326693,1.064043645767337,1.1500551887113775,2.538613176790829,2.4940083642984052,0.7548585160318918,2.2979002312561265,2.77783985072179,3.012826241641199,-1.1753639483834863,-0.916954454205102,0.3842056585543132,-0.4818632955465242,-0.6658664041830884,-0.7584727420216613,0.008243566575043557,1.8320767378351868,-0.14215233049462003,0.305910310242703,-0.3772752501666656,-0.3772752501666656,-0.035664877549774814,0.12994902518705448,-0.25259418256084804,-0.566046716193048,-0.7331258999418763,0.8752981070480552,-0.043650963073876746,-0.5201729402495161,-0.5029472588117007,-1.0855733383827935,-0.565189494540448,-1.0275193292042382,-0.25259418256084804,-0.10925756154856058,-0.5072113462359972,-1.1434734483690308,2.2186459075591842,2.599845313562323,0.838461728522181,-0.015618375384833646,-0.711330828211716,-0.3844627956599875,0.305910310242703,-1.7881740238792698,-0.5238391856517499,-0.35337475990768624,-0.3844627956599875,-0.36378885199382743,-0.2584094941783843
46,SAMe5bc41772bc9,-2.495798040246922,-2.864625736237038,-0.6417160457919383,-1.132765728753462,-1.5197876877339305,2.0152467907626628,0.10805129742824529,-0.6041781132867833,0.5174020807779912,0.20204122043005462,0.07611929149569498,0.7651304045195613,-0.8215209885131952,-0.9696517922360068,-2.3966514216003203,-0.371471658680924,-0.7112490453551221,-1.064024361700081,-2.4871753409338546,-0.4434177865530617,-1.2874516750055922,-1.0245672289331667,-1.568778648533787,-2.257880742061059,-0.1509994571831134,0.40363470617380737,-3.389169628574124,-1.1242623961222864,-1.132765728753462,-1.132765728753462,-0.9781783098704827,-0.7924459608422498,-1.626849546934967,-0.6894366169091022,-2.4662492298071066,-0.5113850834940127,-0.8462784371829398,-0.17846456938107208,-1.4568744418931683,-2.2013333121901573,-1.7171943553601503,-1.2319104338934772,-1.626849546934967,-1.6839176023924973,2.31959182360655,0.4945240338336182,-0.9436341992410399,-0.9196037508091222,1.9325598918202433,-0.9367628526706184,-1.2886343166831773,-1.5212883465321623,-1.1242623961222864,-0.24542518985524955,-1.98511776216033,-0.6796682345916097,-1.5212883465321623,-1.131675988182974,-2.043757554380793
47,SAM23095936e611,-3.310653750940793,5.326154471540213,-2.3984105755369938,-1.8236989743312617,-2.3586658037890387,-1.4553140438684213,-0.601254027726725,-1.586792804680709,-0.8176931925101892,-0.7321138993092847,2.2868990522609183,1.4236777431913354,5.219427591685799,2.215163727696882,2.6882460877221983,2.6678807397258546,3.058671735697474,2.712848770793983,-3.3154322025141907,-1.1213244644841314,-2.6797528972982176,-1.7061545511760332,-2.1997131319010914,-1.9697162961595556,-0.8378135720434473,1.7649775184611833,-5.29065433759123,-2.271035323194607,-1.8236989743312617,-1.8236989743312617,-1.9464493148630178,-0.9809218716662108,-1.8507630715082108,-1.7239682866704236,-2.9063946340815057,1.7189451752013096,-1.6729200557797623,-0.5294565429737896,-2.8548367991643167,-3.4409664740231625,-1.8709984411201337,-2.3966023157866965,-1.8507630715082108,-1.327977271406821,-0.3107961240826337,-0.5152298398068459,1.3708918133931736,1.5188090284695814,0.6869995534597887,-0.12942246616361913,-0.9818516160475261,-0.8727003298439565,-2.271035323194607,-0.12765422285995492,-2.2745718743293395,-1.5307411327014897,-0.8727003298439565,-1.9504940586202182,-2.194107738030059
48,SAM7114d99032ec,-2.9211646077307067,-3.7153551429631757,-2.686493157580984,-2.4127729578156134,-0.8508340650794758,2.133772568851042,-0.6603577848157257,-1.1053903654837542,0.952171205625889,0.08871847240957867,0.09037766997734235,0.9870417955814078,-3.3637189027744916,-1.9456983505701502,-1.5380223862922768,-1.4936447803083097,-2.104169532620544,-0.9746862599911422,-2.1755771762396012,2.768093574966385,-2.077283583456806,-1.9300716210816002,-1.5100406520567817,-1.2089592468469,-1.9966513426542187,0.7903552188738314,-4.811586109519511,-1.7689728794640385,-2.4127729578156134,-2.4127729578156134,-2.780550030893997,-1.9340424049849894,-1.2815949107890057,-1.7789841964877497,-2.142787869251044,-1.6688185080680538,-1.2014007580280466,1.8940716032515423,-2.9055375091737,-2.551088113034519,-1.0609636867089938,-1.248681739502598,-1.2815949107890057,-1.561679506904585,-1.4713735555967835,0.6194471932790986,0.14343249387886178,0.26008147803267695,-0.918903907455648,-0.6810212322372367,-1.4674263778259249,0.15814707581456147,-1.7689728794640385,-0.8542490655720967,-2.107820002302141,-2.1202644892438585,0.15814707581456147,-1.1125439412907177,-4.943670751205986
49,SAMd215b503f99a,-1.596914753564912,-7.226810606527029,-0.17195735129307724,0.25019452074519377,-0.672955911330465,5.561120191857611,-2.6299067152546836,2.2440508338882337,3.9936087821323447,2.934624727582513,0.2521399523889662,-0.13440830940598014,-8.449234449899066,-4.209155434795399,-4.064725169944572,-3.8105741683718906,-5.0997747008577665,-3.0183596402679913,-1.1093240318090138,4.1859605147429475,-0.7713955152776174,0.01627093683044195,-0.21985122936865473,-1.631038889015464,-0.13907783567158052,-0.17597564151353765,-0.9489583429386198,-0.5449818877195585,0.25019452074519377,0.25019452074519377,0.33250067861562455,0.2922932405745169,-0.6999609422337579,-0.025147818490375576,-1.2003601046321948,-1.5868939001018565,0.012530687667770967,2.9214048893554434,-1.0402124307321186,-1.0022344934607652,-0.9875044951302667,-0.42823227779971695,-0.6999609422337579,-0.9298975851856629,1.7519259472941586,0.934293119285464,-0.6692628597419722,-0.6618481499691169,1.1741112294458185,0.10429328482891025,-0.30058306945178076,-0.6425347158658774,-0.5449818877195585,-0.5837010702625677,-0.41792216667329096,0.11480768912365333,-0.6425347158658774,-0.3534338599632276,-5.295284546551962
50,SAMdb3f50c9129c,-2.2132666691007628,-0.9224819142611819,-1.961753486146533,-1.047975641780656,0.01446709325505799,0.7156349129486693,-0.07898753432728473,0.4704697458309123,0.11261084889675638,1.3397822456335455,0.4153527576620663,-1.6274267199616603,-0.23222314501399904,-0.0013320442788628904,-1.5653805242596397,-0.6034745571645737,-0.6445711770406903,-0.0278181880563949,-1.7451371585232989,2.1546855121457553,-0.7287846072220542,-0.8794701063463821,-1.0031714637872864,-1.8684658134350565,-1.1404989550649427,-0.7567282779085791,-2.1331484251497272,-0.7287779262104368,-1.047975641780656,-1.047975641780656,-1.4434559492496228,-0.8545519561728857,-0.5856521081878459,-0.6141420475083823,-1.773103161415677,0.580617057161084,-0.4732725266140198,1.5430712613182318,-1.7739954466868133,-1.671606312854772,-1.9149345989996123,-0.8801663767147998,-0.5856521081878459,-0.4553657767590168,0.2500419491952682,-2.210770388716503,-1.3274457259126922,-1.470033331099342,-1.1529726998975964,-0.4607125959781084,-0.4088510083571384,0.542645983601917,-0.7287779262104368,-0.8744609393203132,-0.8176962376953025,-1.3476329216699414,0.542645983601917,-2.1060875910579644,-3.899822670669054
51,SAMbf1a3ae828e6,0.6553579152567374,-1.1315001161636975,-1.1242389108430382,1.0277951583879457,0.8029344573611594,4.084063814300589,-0.9165165244663732,1.5279966598373709,2.3352494618328183,2.6556543322944584,-0.4890062569942227,-2.2025662791335643,-0.48764062785001094,-0.1456827335252847,0.19565816886520898,-1.0969071573042268,-0.9402818743898058,-2.18150260696731,0.07207469338049699,4.708949493997065,0.4004339967676181,0.8765901839169737,0.023678812149425042,0.2357479093195921,-0.1353938437538113,-0.8640603830091792,0.18115909707957048,0.3699810029072553,1.0277951583879457,1.0277951583879457,0.49707243382998495,0.6969155677915503,0.2599717861128354,0.398268642641296,-0.05354901654077548,0.10952855370084803,1.0057921429432628,2.98896435941108,-0.7000998444620535,0.8213389193841115,0.12319240859175154,0.9427129896632688,0.2599717861128354,0.844938072190352,0.1453303283434279,0.5794573878456755,-0.826157301588689,-0.7903661481746612,-0.11076136834675304,1.1512318646104316,0.6745672630348378,0.601481470025878,0.3699810029072553,0.014816564690764589,1.0281700068428583,0.984503453016475,0.601481470025878,0.19912657216648108,-4.636874800616568
52,SAM52e3fa3ad574,2.8685948219191175,-1.9203846173288757,0.9755755104633803,2.990907175104184,0.805172781611762,-2.5476093604291643,1.0958670131004886,1.0115711633018718,-1.815591410159833,0.0518812606668677,-3.0711070647463896,-0.7258302273854149,-3.0630254606319105,0.19285994347816315,-0.6556058780798881,-1.0730760269077386,0.682682441095826,-0.011868202053510633,2.3361548774071514,-2.0832562971876554,2.4331761308440414,2.501283087936662,1.160156839873195,1.0279348629001632,1.765441338865761,-2.0275842918950495,5.40256287866175,2.0687838127216076,2.990907175104184,2.990907175104184,2.355714257374567,2.191380999403049,2.2319034393514414,1.9072634395787815,2.0320961037087533,-0.5412210628182478,1.713532860400688,-1.9413815459525923,1.7493594545741704,2.8195575886945403,0.5705918747111123,1.0916622291698692,2.2319034393514414,2.8483488022709866,-0.47023889473353325,-0.43686905727391756,-0.22113871330365673,-0.5477174694297959,0.45213262425204515,2.469995920182051,2.5105328255538732,1.0080875877465179,2.0687838127216076,3.6348679305992153,3.781238510588155,1.8500224148014996,1.0080875877465179,0.2180101826026947,4.419411174594806
53,SAMd4c0837b0997,0.2517903166200344,4.455085019501438,-0.9178971457812247,-0.8884187164516053,-2.5455881512335528,-1.831341971097202,0.9503394496135228,0.36096719172717157,-0.045962779027423156,-0.43492095832022076,-0.5771063886279325,0.45993346177277944,3.7317293219658008,1.187634956214469,-0.04759167915810277,1.4920059169043332,0.7852535850668114,1.4028413097231,0.5901157114268408,-1.5535214905690637,-0.10684912745619496,-0.8977467824875108,0.09164534392338984,0.5808428118663549,-0.7042359443031323,-0.805589883810007,-0.1540173962977031,-0.21528233967493746,-0.8884187164516053,-0.8884187164516053,-0.8554379133070104,-0.7261187793063624,-0.1372688770100723,-0.3750715619273302,0.551804184829117,1.668762509968037,-0.21281965056189497,-0.872358577015089,-0.5072567300033368,0.42299354500189495,0.5498098693455417,0.924986533007069,-0.1372688770100723,0.04700694990537351,0.5208010428595039,-1.6480565568317846,-0.5636167993675603,-0.9660387339724993,0.5408917782879892,-0.3348137500415268,-0.5358128863445109,0.2496727241424205,-0.21528233967493746,0.5012086516739692,-0.5240182266243392,-0.4551314501856794,0.2496727241424205,0.21558394207475423,2.1436372019959045
54,SAM9cafb905b36a,4.105132710142069,4.379888210730091,1.4187983623571025,4.137084625795539,0.6829540067908116,-1.0003531600363285,2.5474112357268033,4.4621553065458865,0.4634646435368269,-0.6676490723070834,-0.830779569995432,-3.637125246117031,5.23880574330532,2.7253668392786947,2.0546669237068755,2.2278604790184433,2.9652182987265494,2.0257304815136306,2.5483923057203866,-2.0752218412387395,3.9573975454227512,3.6273146290979033,2.1019543461244674,1.6366068954909252,3.78302898736387,-2.9300898444789825,5.217539810879945,3.8787238653361618,4.137084625795539,4.137084625795539,3.4221768324712465,3.181746658899766,3.648603015156438,3.296280616121519,2.3206489105126686,1.4609141471124816,3.739472903544691,-0.8082608107531211,2.042275642771231,4.490473519497199,1.3940723851001717,1.7686834662600808,3.648603015156438,2.046674549320915,0.9609164242469694,0.5332774703551,1.7458869416112304,3.066361475695126,3.235185831371897,1.2042636042250674,2.3426129368760065,1.2972474703061703,3.8787238653361618,2.4484785722849525,4.616584962652357,3.7618798893811745,1.2972474703061703,1.9574349929280965,4.623614146959126
55,SAM3f2033c90438,0.18381970540019746,1.147561698450298,-0.20960881982790017,0.4126789095197108,1.8241797949754803,-0.1428005213278387,0.05010889094280307,-0.47714257079106837,1.1521594295773574,-0.5456771868777178,0.364724502214826,-2.140832834158698,2.72630052059476,1.376668388113162,1.1690597208659117,1.7787245907213851,1.1615566245978994,1.660500600627308,-0.07071572474437401,-0.40725825378469227,-0.2692357184105207,0.27005121750358246,0.9837861134877829,0.7714837202514992,-0.42304728974130185,-0.12908860623358948,0.9528562433504445,-0.04826865895323949,0.4126789095197108,0.4126789095197108,0.3224983101175375,0.05292945248080684,-0.14896143678365598,0.5616698818902588,0.28415170471309686,0.16135564068642072,-0.6980205505453794,0.4479732828847937,-0.3076780440514264,0.09335294603736667,0.9241533166181998,0.2878146548524849,-0.14896143678365598,-0.5340739178322144,0.18274526885735537,-0.45068439714648484,1.2233151955942967,1.5658697803711183,-1.201229196642883,-0.5507208521014919,0.265463982246979,-0.07507537222525205,-0.04826865895323949,1.2894636371677766,0.08376047019465684,-0.430680109711292,-0.07507537222525205,0.9857539891188853,0.33654252904031823
56,SAM032c642382a7,3.6326655271649395,9.562241203626886,1.9275916336672314,4.080614952004006,1.7637562744046944,-2.4535154602018383,2.015307436485878,-0.3875230392717383,-0.4674917841220093,0.025589273438757647,-1.180138481337225,-1.0921870329173486,9.941918890134726,6.133991694132865,5.778009980424428,6.20172902956332,7.183182419798359,5.852550382031818,3.0563329717265626,-2.6116571425915707,2.304218194490104,3.4553476323859553,2.7200281360486156,2.408794440944719,2.2576868911084325,-1.1797987119468498,5.624875441683504,2.2148236361405913,4.080614952004006,4.080614952004006,3.256492336458796,3.0825907002777724,2.640288623942971,2.673433176253161,3.3033226443144605,1.608848672466692,0.7520999959666487,-0.5201579076262807,2.6031703241164745,3.088439487781551,1.6140485939968767,1.3481335417722304,2.640288623942971,2.1898725677497355,-1.311818902544531,-2.6182686816327903,4.411181635528658,4.629270398875754,-0.5281914435174875,1.3963940124403802,2.630222848201903,1.8926727511279027,2.2148236361405913,1.7702884130159304,3.9794669144916437,1.7807658659178378,1.8926727511279027,1.282135209546305,5.667990114318133
57,SAM5ffd7e4cd794,-0.7347805778673698,3.5081659697710745,-1.5058085955180247,-1.288625340877736,-0.5292395101610976,-1.0338711958766327,0.3416733620180994,-1.3475455859316758,-1.036927206276704,-0.3089327063291828,-0.8643423805495964,-1.115317388478157,1.9618633885330485,1.1837821936911752,1.654684280248417,1.249238581304317,1.8287803720585423,0.789284908506495,-1.1408348955771672,-1.6361985066395461,-0.46097739489750544,-1.195332247552573,-0.1857363964695699,-0.438417598676774,-1.4497510577181418,-0.13402784513265456,-2.3769528493960697,-0.3575332601302762,-1.288625340877736,-1.288625340877736,-1.3830362094474689,-1.2911719193575577,-1.0166279909377374,-0.1620148082164125,-0.9544174794667885,1.7074552861861236,-0.46607812901682855,-1.1472197059881777,-1.7675775242153715,-1.0573275444991763,0.207536665777796,-0.371532251147426,-1.0166279909377374,-1.3524342112326566,-0.3678041867059073,0.1680717498331438,0.1266107503816528,0.49789134593708206,-1.205429961420131,-1.5526376218970432,-1.1852926676462374,0.12201433040634443,-0.3575332601302762,-0.44774116864239716,-1.412589443624358,-0.4375911633929643,0.12201433040634443,0.4503922865365564,0.4953636110623789
58,SAMb419a8fcbfcd,-1.5332817917390418,10.77698950143752,-3.0861683297773252,-1.788590019136619,2.3151692420188152,-2.3266949261553127,1.6949057021584484,-0.2753936149097613,-1.729444522750046,-0.2246233668686832,0.9903270864719493,-1.8361284960300024,10.383936688141635,6.696136562354281,3.891487934212569,6.583243643466711,7.08240404236242,5.097252402481082,-0.9181871386929314,-1.2471572326563274,-1.4099490404372879,-1.2611880836880773,-0.6629685525148152,-0.3247244678546906,-1.2439587918323662,-1.3133176156504303,-2.781854026371453,-1.4161726871818159,-1.788590019136619,-1.788590019136619,-2.4706869578304826,-1.0082298617714802,-1.0302586107733478,-1.7115242486734188,-0.9496988906249991,2.998550790533641,-1.273442533078042,-0.5947766963460974,-2.6678755142610466,-1.673339213848031,-0.16869911126128365,-0.605707227772305,-1.0302586107733478,-0.9498736825603602,-0.4822549343644575,-2.239615857287068,2.3764258328293164,2.152894262142737,-2.313906729598581,-0.9481367859575365,-1.4522034965465587,-1.511736793237732,-1.4161726871818159,0.009545448614887136,-2.0165763340617726,-2.220434665410692,-1.511736793237732,-0.44499832132127437,0.32897009396339594
59,SAM8884fe446d20,5.347233500848564,3.9164689448695977,2.7052091405917102,4.332094174866158,-1.6718817370701435,2.5347266731095597,1.4773126398725942,3.679042745547384,2.5773228832949844,2.4382915438787203,-0.5575001361636127,-0.6258818517955433,5.613632706233068,1.665289135478746,2.5051623952695747,1.5285340082689227,2.2364369475890666,1.7243989593958529,4.483459677645079,-0.014345932705754846,4.018864835209404,3.9350462200926994,3.729127477150107,3.712905178044789,2.570690096137833,0.5843458491472581,6.456127024984258,3.5886929083245867,4.332094174866158,4.332094174866158,3.954106150967158,3.1287605232714717,3.6289686763127498,2.982216248036492,5.04227618202124,1.9394444004111666,2.8150001079576166,0.07405781738062665,3.8780549963849595,4.460046885170611,3.0275605958706624,3.652773081694332,3.6289686763127498,3.3823254090908947,0.7728339434755878,-1.2299156241351588,0.8273024594011984,1.7492710965385325,1.602920424334293,2.1216546127086633,2.9597638688658523,2.026896980826203,3.5886929083245867,0.7753163561000677,5.095652641981648,2.33862625694301,2.026896980826203,4.048505753453695,4.4978056103508335
60,SAM17c45bf16bb6,-1.9659998334237263,2.700086656714893,-2.377180967419617,-2.0152675897370425,-2.8466147002039546,-4.067914506347705,-2.720371627545225,-3.720697879224128,-4.081506995642824,-4.109458744071973,0.282295096389805,2.1989320693691354,1.7438728991634513,-0.06948743907489845,1.5207017749297693,0.9215406278285346,1.2548285275129345,2.795939031684837,-2.317194839858183,-2.225394908866032,-1.1367837283316027,-0.8421227945946582,-0.8224404033632393,-1.301801146196903,-1.2048531493222285,1.0051260629131376,-4.574477888312659,-1.0362636925269273,-2.0152675897370425,-2.0152675897370425,-3.1232379790487554,-2.1600820345123757,-0.5580528332601014,-1.2041085673327578,-1.7434882474446751,0.26397199660373494,-1.3891804732967388,-2.0585056099966526,-2.0144345860270434,-2.9530000156365435,-1.6298939816404086,-2.07479687212302,-0.5580528332601014,-1.2238732862011632,-1.807206580039164,0.4934543979578802,2.053068345467135,2.2040932097663624,-0.6677717764194384,-0.4715422132690434,-0.7345337964570954,-0.9087010718683712,-1.0362636925269273,-1.8308571658072392,-1.3574018810959416,-1.9300415162714533,-0.9087010718683712,-2.2001712469477743,-0.09179993099215134
61,SAM2070b416069c,-1.1189154939726806,-4.417185504349724,-1.2373631867058332,-0.35912160488270317,-1.396184429427248,-2.6458663931291655,-0.7108105024863116,-1.5040849317518943,-1.4311246474895396,-1.1087523672293929,0.6750231037272368,1.2829633914895502,-5.259700075194282,-2.1254524288053913,-2.2545520193521758,-2.3645586190262677,-2.2768165393733226,-0.9719993054047091,-1.2069938770243975,-0.5757450650430187,-0.7800216003110982,-0.31809991663062154,-0.5761683601129137,-1.032861879276684,-0.31009337812521903,0.9338447118576303,-0.4337738928965526,-0.6734790626567696,-0.35912160488270317,-0.35912160488270317,-0.8263370020267614,-0.1798693425032875,-1.1785277797637477,-0.24891270078724365,-1.3446237384427167,-0.490775172918627,-0.6834688635087689,-1.4363165285587964,-1.8234741010383873,-1.472678541775302,-0.21507495110074548,-1.4104908090879018,-1.1785277797637477,-0.3783467896948426,-0.8168484062618676,1.1085571738260889,0.0010378603183199724,-0.4641398236417265,-0.8025354068010535,0.35728098726363455,0.12877583240685778,-1.2204981256228722,-0.6734790626567696,-0.5820388345878041,-0.6341568844721308,-0.44296070168873364,-1.2204981256228722,-0.580727948814025,-0.6312488119813788
62,SAM0ce9c983b20f,1.196546313050126,-2.2622081123947617,-0.17168463999875255,2.1014456084624262,-0.848039855553083,2.18295984425918,0.48536153195835435,1.2520111259578572,1.5178019457458498,1.2045826144981107,0.04199394207075973,-0.5480385107711168,-0.4978725065891049,-1.4748004635412457,-0.9726106149332794,-0.8938590606915542,-0.9185440850740236,-0.7068185488380053,1.0383886804646674,1.9724963754737541,0.8673130806945103,2.0718566760865165,0.778844531993369,0.4806622797852278,0.97569032653961,-0.6170797720901401,3.508005207516835,0.8082403819319067,2.1014456084624262,2.1014456084624262,1.3784693171994518,1.4628978657968563,1.2732207671141054,1.1848052343660282,0.7696779706825678,-0.3220100761918876,0.7300075759389432,1.0135146041516512,0.4095234387440711,0.7069089326084019,0.039698451382000344,1.0801585598514942,1.2732207671141054,1.4559496169486081,1.389538661010909,-0.006023776662669306,0.02615827511936004,0.03992495821449232,0.5716878530997302,1.7446932199962377,1.2784639723631424,0.7056455444368339,0.8082403819319067,0.41245036657211676,2.34198712306018,1.119446154468186,0.7056455444368339,0.19610501214925338,-0.9341076950090867
63,SAMa1e62d323e1d,1.0498827283754197,1.0303334717591301,-0.18019769553588177,1.181660763826163,-0.2572892128088307,1.5634277597802668,1.0326592040493139,-0.247830651646012,0.24046615053091064,0.5211378948870233,-1.1301134997323639,0.9182879150999737,0.09346602384138347,1.4592152353604404,1.3744376772213087,1.201872701590419,2.358548432495519,1.8790539777144273,0.8004122312146731,3.130484693785675,0.7915667303029077,0.990197486545574,0.41918853437987424,0.45176137098868135,0.15391423585050437,-0.9434697714096645,2.08807244351513,0.6172974413187033,1.181660763826163,1.181660763826163,0.7613920128604892,0.9777060589769649,0.26196956308354413,0.7664959356168981,0.6931850674468445,-0.7718650598000901,0.7284904115464036,1.7654963600133735,-0.020779516669726106,0.7933553502970564,0.7646836169665465,1.0672036505122582,0.26196956308354413,1.491072592526489,-0.170369971801864,-0.8311423364742818,1.504132608403206,1.8755473828065239,-0.09178031996494573,1.659372196230945,1.1692648398798369,0.39821232160531167,0.6172974413187033,-0.6247881979993277,1.502504665864064,0.6142154234492999,0.39821232160531167,0.3169972334673135,-2.3300724625710023
64,SAM61baf919bb01,2.278440875267685,-5.9886621789093315,0.18431481441356973,1.8306460133017408,-1.4293875418320068,3.055936653241052,0.6735660271196201,1.0758665094029687,1.3707878409720697,0.7122130249590903,0.2797994947609842,1.2862123630297364,-4.623803548758069,-1.936133378909679,-2.3145084517346324,-1.9183702899689266,-1.862225811528425,-0.640674299824267,1.688521615413464,1.924867233908258,1.3625436554886068,1.1436160651496194,1.0054655980572655,1.8668313207937124,1.1393617334011896,0.6075640525492259,3.981741816332759,1.1360417913691843,1.8306460133017408,1.8306460133017408,1.3960086246628098,1.3814027085914886,1.2695854416122574,1.554206260848056,1.7134468943442798,-0.9888148287959447,0.8981660844155027,0.6805981836856375,0.9698946073385358,2.2213377004259582,1.5247802417398406,2.2837748906686612,1.2695854416122574,1.7040204236708412,0.9713211106723365,0.2481701234446349,0.7903243027290725,0.273936062827712,1.6551979824685377,0.8580949874342694,1.4273067618130166,0.7853719328504105,1.1360417913691843,-0.48698980877804154,2.0913456498460676,1.277135896356756,0.7853719328504105,1.3847853288518572,-0.23634561849479407
65,SAM97a00e0929fb,1.2460386493604219,6.270512147552883,-1.447777388432084,0.07218006809984262,3.1257040590383354,-2.420095171120572,0.6042789191493568,-1.834510888319887,-2.0307759351553205,-1.039121223202317,-0.19950460472220027,-1.412132637649077,5.603531423772904,4.079057445578962,5.451011873468609,3.4064875814255946,3.2393967688654164,3.3755390501948357,0.32818504472036414,-1.5574125952039555,1.1048446287350275,0.009139604349204805,0.3578528685812338,0.3881819455310259,-0.284608358276032,-0.1212413891618329,1.7096286122180677,0.9102945627181552,0.07218006809984262,0.07218006809984262,-0.23521749830934213,0.05339794726494856,0.7203970005771179,0.12204557893509857,0.6118406045012023,1.3768063259438226,0.7972418625599386,-0.48218281845037647,-0.739088299585874,-0.001470258761027422,0.3440325237455051,-0.7535882437874923,0.7203970005771179,1.07854312144061,-2.702488281718655,-3.019138024634924,2.641818468904803,2.5709080996661386,-2.719304379573147,0.5380159660198162,0.8272265534638854,0.19262205391309914,0.9102945627181552,0.2616238536414773,0.9472095078260782,0.1935398655055179,0.19262205391309914,-0.13306931612915876,1.8855976399243195
66,SAM2f228939632f,0.6041725783002003,-4.657851887344696,0.5229029354836816,0.9022504192379726,-0.5953079042363819,3.2671240053769677,0.5774010717162915,0.6451171644684239,2.5763599703456235,2.224655742366798,0.7234121328773249,-2.0983037967119946,-1.9893751647095204,-1.8422097915651978,-1.8847050501920142,-2.3842202044008767,-0.9933896205172054,-1.956912369811414,0.9437870121848444,2.234433023198449,0.21312524382618245,0.7481809093830737,0.8317759390411921,0.6891913262070113,0.21253370878187963,-0.1808785774467153,1.8863912212581306,0.18350029134390214,0.9022504192379726,0.9022504192379726,0.9452601814746545,0.5698950099033164,-0.40167531901751,0.8189814069442861,0.5367207473340964,-0.45271679297939815,0.1825621671704561,1.7953210230488625,0.2325855632488298,1.0541598003371653,1.1935349610378145,1.2348939438863602,-0.40167531901751,0.28964836456577153,0.9275315413038423,0.9558520864860244,-0.49787800226596274,-0.2987348695133992,0.6098069973516715,0.5132856657866885,0.5316547433305574,0.23929107387364504,0.18350029134390214,0.4410339040513619,0.5180177783649998,0.1314742453985264,0.23929107387364504,1.6653224341277055,-1.2906460110136047
67,SAM9539a4f19ebc,-4.051517489307749,-0.7193673742307309,-2.1674752447633154,-3.0981814285045948,-1.4463547819451412,-0.1787271673324555,-2.1869369992103427,-1.5806958172997714,-0.8021668671682632,-1.316992400579663,1.5876317764192747,1.519627875724901,0.5018866469730934,-1.3673150502709501,-1.0632115555720365,-0.8504511511468617,-1.0352562873665077,-0.22462648223617096,-3.2793228645285857,-0.9430815091823312,-3.2949870390474056,-2.6991168386827846,-1.754282536683177,-1.904231232751079,-0.6042391028367547,1.4383954530092296,-6.56951955854941,-2.726124064910156,-3.0981814285045948,-3.0981814285045948,-2.6807380103855,-1.9174026614128743,-2.6560386775268414,-1.7414108530474675,-3.364166712529823,0.9706985656355256,-2.2000751992096483,-0.4285967085325518,-3.218827051833296,-3.324876610492954,-1.235618632061461,-2.0921570244869128,-2.6560386775268414,-2.7066590180261776,0.3416154666511908,1.020595821269501,-0.6724295985728775,-1.166743424470657,0.9088444867021598,-2.2916003544692285,-2.36490480919199,-1.4327444211123102,-2.726124064910156,-0.06873551788276241,-3.9464946675814927,-1.9673302107892305,-1.4327444211123102,-1.040443899747336,-2.3362413553462544
68,SAM36851bc8b9ae,0.00920277416262521,-3.247786916874156,-1.1089334173877778,-0.46210447785419434,-0.2736868415567788,-1.2954894457140065,0.4874560291747762,-1.4292953475447459,-1.169221217235675,-1.2267666926414431,-0.48377721840785365,1.1348799874091275,-2.7443590223941476,-1.4268124645488431,-1.031889298603245,-1.0636094135768817,-1.6497489457411454,0.5702618333567625,-0.9340925267964505,-0.5162498666086732,0.42320595295081176,-0.28835858670684733,-0.34934543442126825,-0.6564046956875805,-0.08072179530008888,0.350417913432436,-0.5616688383547296,0.2380524065572208,-0.46210447785419434,-0.46210447785419434,-0.9321184194020022,-0.33230466874330516,-0.08930893434477999,-0.34360519854421345,-0.6756731166693236,-1.257430874169834,0.16635687772705246,-0.46029414764389337,-0.8703243172844644,-0.4485984628632609,-0.508151285099373,-0.739849954180106,-0.08930893434477999,0.4944747382861282,-0.4816895021441351,0.7767484835946168,0.5520877917994845,1.610410264260907,0.35992333366893003,0.7463512264422223,0.33647581735379817,-0.9486078057830419,0.2380524065572208,-0.2562652779298436,0.08678004489909528,-0.2259725628012381,-0.9486078057830419,-0.5100262211992478,-0.41784266018777727
69,SAM297c0301e861,1.190788454215973,1.0754643703933542,0.12210344929155431,2.5464654130342628,1.3778649915104766,5.444185963160308,-1.01804838201349,3.0848358841190784,3.1738031432952245,2.6167116274834608,0.3278919192499751,-2.9119057106143647,0.731010654433215,0.6846178762874803,-0.3811196073365473,0.2800289248138005,-0.16856039191573552,0.02023794930551933,0.9964601339106403,3.602308562298405,0.7348001022850607,2.1903432971901973,1.2589708592038553,0.9746465964153461,1.7011133021131317,-0.9852460051848784,2.0740303321050977,0.5693466732846892,2.5464654130342628,2.5464654130342628,2.1486239382438566,2.3950015017578714,0.7090672083149293,1.165751358903857,1.2701272850944503,0.4331188711452943,1.1696887195534111,3.1161911863079457,0.5361317697136097,2.1791161954175147,0.8852816174357167,2.215244140555359,0.7090672083149293,0.8431518998023256,2.738133078484841,-0.15091795983940887,0.4783953811007861,0.18480202291658146,1.2041404868342453,0.5365175099990643,0.6140113738799767,1.1766863590582826,0.5693466732846892,0.4018145821076169,1.4267534519242244,1.2399275889519803,1.1766863590582826,1.4023312590216086,-2.6058484283877648
70,SAM1fa6bcb7fc48,1.0539874876931854,1.2592721027402707,1.1478730181636114,0.3743405063022777,-3.015837420972159,-1.7249837341537497,0.024162113896737707,-1.0716313852560966,-1.4545345299664567,-0.5513358009027722,0.4451052291464794,1.6693332061708894,1.0306903160218084,-0.10824769894759355,0.17450883063550865,0.4903618129917681,0.11402608857551139,0.3921824095784345,1.6621234247331125,-1.3414268986037512,0.24346417357431718,0.3926420522295483,0.9719970091726492,1.5256407891379828,0.23487252660620161,1.0770244237193565,0.9708622778397002,0.3089485924487802,0.3743405063022777,0.3743405063022777,0.918442988347918,0.3065498286806472,0.7875913771300541,0.16389772664843233,1.5464541486291083,0.6423906254294163,0.15546108313896712,-0.7289887522564584,1.366835199306608,0.6121468352879856,1.132460592695267,0.41115723984730457,0.7875913771300541,0.763171833082049,-1.0242374211686758,1.6345287129616617,0.0996803769954556,0.01982308119180976,0.02867957110094519,0.47881804200541916,0.557344986244424,-0.022004150707547,0.3089485924487802,-1.2126089030003404,0.8252427310818296,-0.3943265468588087,-0.022004150707547,0.6438768383642971,3.0035503233368637
71,SAM075e037d95bc,-2.3974103561512616,-1.1010688417503252,-1.5428262453228514,-4.186428266540415,0.5627566900132456,-4.364908899716826,0.2865456649459405,-3.7712293002509405,-3.5000093242398433,-3.1768148452963807,0.726767380479975,2.389524762477385,-1.2195236484885148,-1.8071910211211084,-0.7264190125972142,-0.4733426103232229,-1.8212081532219284,-0.9774342298710587,-2.002228693593709,-3.3314725224656727,-1.2488600487575474,-3.2442343726896987,-1.4391373548570339,-0.9855529998214422,-1.6659170387463742,2.3392503706247134,-6.658476926842476,-0.9276122902900978,-4.186428266540415,-4.186428266540415,-3.1701550850094904,-2.8041784279359314,-0.8417789809958025,-3.2836311738931503,-1.6098928051500216,-2.1015654149091496,-1.980845814909556,-2.0730086951646913,-1.7769007252277822,-3.65576999357356,-0.9586939269025238,-2.18139053739352,-0.8417789809958025,-2.5986507111878674,-1.2966161566418057,0.9174060058885388,-0.643989334070309,-0.7737093090100513,-0.0742059263171189,-2.5072022289416704,-3.481255749173923,-0.92502198491175,-0.9276122902900978,-2.0167111170335397,-3.819685175588595,-2.9481342574227813,-0.92502198491175,-1.1673048131200028,1.329243828871964
72,SAM6d2ae0c39b96,-0.6164309109658971,-3.5842746400955683,-0.5521989499693944,-1.5783296211857145,-1.1356885553251823,-3.2830378891138294,0.4015088659589533,-2.0348343181095485,-2.510593907221222,-1.7850997300861846,-0.37839583055804143,1.90311370171411,-2.6537099135007494,-0.5504693592015394,-1.3226418128899797,-0.37931960069345666,-0.5085708556206774,-0.17153304821904056,-0.9192141451735192,-2.0002355915834724,-0.6783882971258718,-1.247045286659909,-0.4308777135993246,-0.14381994993709565,-0.6276013968216999,1.0112087600931594,-1.2013887911706347,-0.4713641180123533,-1.5783296211857145,-1.5783296211857145,-1.4806743230733477,-1.2876525341394915,-0.4517213135723713,-1.008195746924534,-0.5561330945295323,-0.3156501817008658,-0.8582215575014656,-1.5035643714428026,-0.8598729733384055,-1.549360746319126,0.08767026201128489,-0.9158552558706307,-0.4517213135723713,-0.7254534548346291,-0.4505026691361901,1.0691371007886568,0.6927538915211006,0.3120287692992183,-0.46727681378096714,-0.3633686717535217,-0.6037245857831951,-1.3057005317199446,-0.4713641180123533,-0.7639401034117856,-1.0848316830055056,-0.9110944776566465,-1.3057005317199446,-0.5875505816240694,1.0810214464099532
73,SAMcabb6d58ff55,1.793089545098536,0.6347214950541392,0.555883457647457,2.838926502900473,1.5516921517033,0.08538604807893312,1.2989243946711297,-0.7341064275773613,2.790978551928879,-0.725667215650188,0.8062402835878111,-1.8996772126936858,2.9212236128170805,1.468721934123099,1.589702957843098,2.4562544767873558,2.0914480884032254,-0.05859556155522078,1.584486354288447,-1.2338016608456954,0.8488676623104277,2.162020952821902,1.1616027673302567,1.613091842103557,3.1966432857888782,0.8415041395696815,3.366949641120494,0.711870064398446,2.838926502900473,2.838926502900473,2.6184335661526776,2.8745777620717408,1.1647056460623342,1.424227903997027,1.815090332178479,-0.8241788415570891,0.2392647055722207,-0.0063174248368792945,1.0817132043069981,1.3749805954965189,1.1621027355480504,1.403990617599304,1.1647056460623342,1.4269720508209665,2.344314752243896,0.246187000794517,1.0743133210460096,0.840021728853458,2.1604808516841625,1.101776100530594,1.445332867339799,0.40944969197629993,0.711870064398446,1.7006828415912778,1.8723400415226181,0.37132874565990853,0.40944969197629993,1.127793985898736,2.8182880151341427
74,SAM716f54e468f4,1.2285209757891347,-0.21801331974721583,0.06783685416945011,0.9480906074384023,2.190893666330961,1.6623222818706265,-0.24781093268677112,1.3035164872882012,1.185783725307836,0.6410696078778984,0.14225859626333265,0.011036078450775517,0.17761980611695802,-0.4508531111220134,0.1980731029860869,-1.3674843736302325,-0.9177336904323865,-0.9504280658846701,0.43155605892067384,1.6243856556932033,0.7722025181139546,0.5076272860557208,-0.0700629183260553,0.6985736813919009,0.1525191399439491,-2.04172856040794,2.3583666701358914,0.630945458976098,0.9480906074384023,0.9480906074384023,1.0030079168805892,0.9472605902313498,0.21208605642319048,0.21746975472977426,0.5208097303821579,-0.2613493439011869,0.8616238482851448,0.8473662114124908,0.2671140309711453,2.088203194471841,0.9295519120394714,1.8335087856240722,0.21208605642319048,0.8966710954238416,0.3176350826630526,0.9104272610939245,-1.6250089010436246,-1.5195608128885152,-0.29662226217335935,1.1629548257515294,0.544843251871337,-0.361025036386345,0.630945458976098,-0.5044140223830895,0.8772517002806962,1.1089294300674033,-0.361025036386345,0.9849181852487544,-1.1928295967725293
75,SAMeff2ce356ccb,-2.9037293934106385,6.1272311989523205,-0.5167083825338059,-2.418458291498819,-1.5893183437640646,-2.8905469456140906,1.628022514271488,-1.4130425024644953,-2.8381116528397037,-2.221338460424961,1.5092035666539527,2.2629704116370477,4.426911715313062,1.0877783952888977,2.1367356875895966,1.4151081955790736,0.8173295620460002,1.117346348261591,-2.0418324647044424,-1.28428805846426,-3.102789076518886,-2.0507743641235563,-1.7516246653731284,-0.7574813149471683,-0.881248892208377,1.7618678872918372,-4.909210441106715,-2.5943603322390287,-2.418458291498819,-2.418458291498819,-1.5493548668456567,-1.552652385728489,-1.8123142217365837,-1.7769142746397364,-1.923369345540288,1.3738266822474896,-2.2102635641232196,-1.2257685180316806,-1.1641042472377108,-2.6025419351887544,-0.8813496649493592,-1.169775276783629,-1.8123142217365837,-1.7069813497332564,-0.021008268203779615,-1.0674214708973884,0.14886031930898977,0.373145504297703,0.5475325465515751,-1.0942961866403849,-1.7089294607132108,-1.4904537291110085,-2.5943603322390287,-0.7436445795499445,-2.865674164387366,-1.778123119989604,-1.4904537291110085,-1.4996596133699682,-0.7575444062401824
76,SAM110501d0eedb,-0.20788835079003645,-0.9643633826395124,-0.24612019643764876,0.05747080898866588,-0.35040765971692345,-2.415303860498177,-1.9417378341869342,-1.9423666446548806,-1.3762313503964674,-1.3422068021906484,-3.032412463872385,0.8222919420185072,-1.0590199119955923,0.3778564327584404,-0.2919189730247228,0.8837047183512168,0.5167029100500566,0.5126637332368785,-0.06858546902617828,-0.1472217670630199,-0.7034062628598458,0.04244767836529293,-0.12990041735423663,0.3776112501492281,-0.8581538511168382,-0.3260786663270838,0.12818070382498217,-0.5170972435143204,0.05747080898866588,0.05747080898866588,-0.021265745251213424,-0.0011791875204135744,-0.40435774143137787,-0.3507500337755023,-0.12866552391808186,-0.21841483645323714,-1.0689484243685377,-0.26920145951017477,-0.4966498376958136,-0.18211410585005172,0.5612424149714256,-0.4074493237864897,-0.40435774143137787,-0.24134957184842382,-2.7031367359125062,0.5674423606613603,0.605845428082041,0.41234035035547567,-1.7857014154051882,0.4832768171648738,0.14155167239910396,-0.4293937259221938,-0.5170972435143204,-1.3931343338681257,-0.057831335851086005,-0.36423028421065146,-0.4293937259221938,0.12605917641941033,0.07863629803684162
77,SAM2e9ac0b1b250,2.1279055209252395,5.890983831418112,0.536133423486943,2.697907189657755,1.0292635087025368,-2.153728192291734,1.053412376704477,0.8072746711555815,1.428737954042349,-1.136048061750289,-1.6232448829765422,-0.8702660193722586,5.518666790676588,4.385992205073602,3.4586219284169073,4.370178278575205,5.152851185371051,4.377764140082558,1.2817682723240083,-2.4653901175490573,1.30181434980255,2.2744159329583598,1.7627725154694147,1.5490948572194077,2.565654545918218,0.9052129560928955,3.0103639439379277,1.2514116806247806,2.697907189657755,2.697907189657755,2.053136678848465,2.0797710732692183,1.5377926285592693,2.133702082859528,1.6525895559158732,1.3656695860069388,0.5174513967005328,-1.067113087867279,1.1233315875814196,2.021059616335198,1.1220514963086916,0.8081298530693849,1.5377926285592693,1.3893536747219222,-0.1724941971745632,-1.573429665485566,3.0065307294339423,4.1315017957896725,0.07255032515740102,0.661734012423081,2.0896100706754885,1.4420257714463072,1.2514116806247806,2.2287495844151,2.4819436924672322,1.527268135915768,1.4420257714463072,0.7837448329542981,3.7471583898730656
78,SAMc0ef41aa6c8b,-4.073773770451101,-8.948143199452563,-2.4231574442951778,-2.8785414766136648,-1.3678491043234977,-4.0062371663972876,-2.7191496325257867,-1.3662932760028474,-2.0915454072516537,-0.7660671354647529,-0.07834678221148035,1.1400915185533163,-8.281738166881825,-4.624545213302404,-4.605585717852745,-4.8997967217717395,-4.857172120207434,-3.9133236884989437,-3.3278888010349887,-2.838067261209628,-2.997126051971301,-1.9616047815202982,-2.1040960853561037,-2.04551008130449,-2.2411683716869897,0.5827982781166364,-6.237539726993986,-2.931087080753716,-2.8785414766136648,-2.8785414766136648,-3.706002392193863,-3.1452961062104134,-2.4554424351889876,-2.04288949694045,-3.2209868664552666,-1.7685306612224914,-2.1227220671503932,-2.447053973047822,-2.5928182940605877,-3.413239174137458,-2.0476084736279447,-2.1760644076273543,-2.4554424351889876,-2.5500081840871602,-0.39266066997014587,2.336629285269305,-1.6195868465493175,-2.5743201635847286,-0.6205589326177124,-1.1437993001075022,-1.2867140301236466,-0.13252289634970424,-2.931087080753716,-1.0939893022536378,-3.330188122268717,-2.7087883553453054,-0.13252289634970424,-2.59196259308715,-0.4898215398253609
79,SAMd636e3461955,-0.14424297463925048,-10.033929993056098,-0.23896108812203798,1.9722112272939138,-0.7788482374561612,5.758873334231766,-3.1569948702429738,4.969169960306509,4.234548792603634,4.243806319650912,1.0005101787710737,-1.8496299006050723,-9.927516560209211,-4.725856535478569,-5.184436743796366,-4.305982578041787,-5.756982429395097,-4.42090329740648,-0.48947407860480424,4.077334916013994,0.5773111240169635,1.611602387242855,-0.46784541156117593,-0.826907799287172,0.9905510192540771,-1.6052266271208466,0.98787592485549,0.6872345066911788,1.9722112272939138,1.9722112272939138,1.5102772734003282,1.6603113945379986,0.5654685795608941,1.1281729099945936,-0.846436853048614,-1.4805692321979806,1.2612328668339399,2.4528795236671757,-0.2378799028111616,1.2948704913993716,-0.8520131754959855,1.0077930064967824,0.5654685795608941,0.5933717713444142,2.347441753378148,0.9772529198177353,-1.7011744806885225,-1.8397816974096293,2.3091386926844293,1.0938348671704952,0.25123640205356157,1.1338832323073993,0.6872345066911788,1.091686826797335,1.516749169545368,1.510321083021356,1.1338832323073993,0.0506376053268435,-4.566808994618798
80,SAMe712352fb82a,-1.2282873551354934,8.061542250635398,-0.07756414304522093,-1.3411746484783191,3.2423529136869376,-5.1147532231579556,1.5871187262885411,-1.2084621845809163,-2.772278053567761,-1.2469490085100432,-1.5900377153606473,-1.1854984253098195,8.100752399417814,3.303001630168146,3.505160650589068,2.673096222061579,2.988492184775525,1.5900784448314982,-0.8418868007403195,-2.3746284441661962,-1.022027828218942,-1.1507476134163057,-0.588826853635513,-0.5280094535951189,-0.7811372950339631,-1.0708430282420802,-2.223297818948623,-1.0750436864468778,-1.3411746484783191,-1.3411746484783191,-0.6739924218109734,-0.9855569461014458,-1.3663280402370466,-0.9422073705422331,-0.616253442595903,3.3437613566744853,-1.1381478933955957,-1.3881550938448013,-0.5112230317793637,0.05724125999999152,-0.05091359570615618,-0.8646040325327233,-1.3663280402370466,-0.8741971211755117,-1.268237972939646,-0.07430068302334149,0.4858963332862733,1.3819138673873623,-1.653109643732442,-0.6014478651833642,-0.6413929217387542,-0.6985826647147784,-1.0750436864468778,-1.3461184528757904,-1.6111493002938475,-1.377061326295131,-0.6985826647147784,-0.5028443536255478,1.5327416434258767
81,SAM30b5c6c54cf7,0.0677596688170945,7.537188191768221,0.18883827019767174,0.2509814351476696,-0.555687092177882,-1.9908621230494512,2.5583906271010353,-1.0892123312300452,-0.2598446857968716,-1.0759537410032414,-1.5125435460737904,-1.041587333364359,5.767197583928976,3.2876939373714977,3.6764407312986234,3.1081666122866394,3.962167568589158,3.0911190668363173,0.4392730004931699,-1.079476258445583,0.33866949760872384,-0.05192752509443826,0.3167124381264376,-0.11392258039274686,-0.26257516210915083,-1.4093734589541844,0.1271352098360822,0.11623004535846247,0.2509814351476696,0.2509814351476696,-0.20522262038936495,0.0038104026429274115,0.24349699341161268,0.6434237749308809,0.33833883763601835,1.5837900823475453,-0.13971832319131236,-0.8360337067166516,0.2986390010165399,0.5284047743078957,-0.00478984627877429,-0.6594092287382549,0.24349699341161268,0.2337785071877777,-2.524402633282364,-1.688673933008115,0.8231412402457545,1.3483544378995531,-1.050294870317151,-0.3669702866170594,0.5184163436375688,0.4812399553504482,0.11623004535846247,-0.4735771040289084,0.477213794424452,-0.4668762975975359,0.4812399553504482,-0.08124228107386317,1.518749258938753
82,SAMd98bac0a070f,-1.3313217444570125,-7.812841578547342,-0.4275622526478401,-1.1202316480001224,-1.2898882958951483,0.8317749528558619,-1.091609932515276,0.10344998310409553,0.3838173198913679,1.5512979679607677,0.011358445418725705,1.403711234924723,-5.209888498767486,-2.4218250420301435,-3.998994171543857,-2.252163734512157,-2.8952279833866337,-2.6249398262632435,-1.210328720921365,0.9617560331840251,-0.8304558560659409,-0.9121541701984827,-0.9937471117835499,-1.056373874628831,-0.43114027496236823,0.38386050097992425,-2.172936961691467,-0.6813183500550997,-1.1202316480001224,-1.1202316480001224,-0.934904079146203,-0.7910605649910616,-0.8742738312420585,-0.8071071178331023,-1.343752066021524,-1.5984425748040705,-0.42088543290425223,0.002541733606913425,-0.8620528508229234,-0.7785945675707343,-0.7730574755155198,-0.4489773923356508,-0.8742738312420585,-0.5778370959316698,0.3310441359981978,0.9880789562565364,-0.17314587708076976,-0.29069220945670715,1.557390654497349,0.050602309473300085,-0.6796934436933757,-0.13601047287539778,-0.6813183500550997,-0.21789585100974143,-1.071174409050081,-0.4789213856777258,-0.13601047287539778,-0.5602393803584048,-2.17208475410539
83,SAM8e8ef2368dfa,-1.5910506346036604,-14.905983057289728,-0.7980128917836075,-0.3997655124438151,-0.7959976005603172,4.595984122110916,-3.5227736825938716,1.5123256741985778,2.434899657434149,1.6551647876202356,0.19639955303309656,-0.7429189183396725,-16.172456898172314,-6.873279682988737,-7.696444092222004,-6.331597455454475,-7.836672991756228,-5.733302884832047,-2.0159577810671694,2.1221125930439846,-0.42261681661974754,-0.3654388227955612,-1.7536020885649357,-2.1939188460029766,-0.005980770789250441,-0.6499485852841383,-0.3156749093346505,-0.39204692819419096,-0.3997655124438151,-0.3997655124438151,-0.5575392158494592,-0.2528334551230563,-0.9436620375415163,-0.22085325144744908,-2.4253369069534902,-4.217658758847501,0.3568976507717493,1.706203051053378,-1.313715204160555,-0.7906588501905268,-1.7475392171012352,-0.40397263447441656,-0.9436620375415163,-0.7071355261393444,1.6935271162243954,1.9542559648418238,-3.1233679409051467,-2.9723861629629833,1.09995157872627,-0.16236260033792083,-0.6840922884552174,-0.05942620619792572,-0.39204692819419096,-0.15402403471138504,-0.8047883973697504,0.7399688307748996,-0.05942620619792572,-1.230427070189443,-4.1380703741111535
84,SAM08cce2fa88f2,-4.194125658736648,-5.844087852198187,-2.6611757234481237,-3.0763107052442917,-1.978875734563629,-2.1727817989982,-0.7079030141763326,-1.6069507420324731,-2.369890698940904,-2.039818814375915,1.7255737676246334,2.1646736893560043,-5.636669072389602,-4.053814517175614,-2.8807846295416897,-3.2814062055697404,-5.520227397324553,-3.7220616407573885,-4.676756515209487,-0.09845627013960098,-3.1070979255284987,-2.7784425474835728,-3.5861444240168083,-3.2865141113914307,-0.9250029238972275,1.9371957170485419,-5.744271584711296,-3.084754676932827,-3.0763107052442917,-3.0763107052442917,-2.9772879122714784,-2.2838346694552047,-3.1078980661595113,-1.4612348600388216,-4.382564061708027,-1.1679390046906601,-1.937797436224924,-0.21015213780561542,-2.907853358862402,-3.511059561125498,-3.2650221008756,-3.200654172140172,-3.1078980661595113,-1.3571803126082809,0.04951849972760211,1.9049511863484165,-1.83616775461064,-1.657430371819002,1.034219685669016,-1.4691657728829166,-1.2625429726383361,-0.7002767131044377,-3.084754676932827,-1.105148393614291,-3.5976449398239096,-1.5640603055796871,-0.7002767131044377,-3.4406650618031986,-4.578300245069886
85,SAMb4c7a001537d,1.4210707885204175,1.8051547498474696,0.316330221614768,0.0717903383255155,-0.8532288949045742,-2.6147580390165976,1.348288531160084,-3.56908291609896,-2.5973064416957805,-2.7901653951252428,-0.5148943937517961,0.7505362710446009,2.69866888490622,1.2415869938534323,1.186822069292514,1.7818408185246042,1.7421441205973962,-0.2780733579940026,0.629643933833226,-2.3148068711261116,0.9449045506427811,0.022138304430730858,0.7453784344667452,0.8337812934662622,-0.17367259342769656,0.8958188334976183,0.18546008284193746,0.894841954626853,0.0717903383255155,0.0717903383255155,0.26609390686071027,-0.14180956699156239,1.093942511326487,0.7479245694989008,1.2745242962300583,-0.3703943506460028,-0.041398267019457424,-1.3735081197887096,0.7232553132020587,0.041539209432678685,0.5537862650874108,-0.49481948516498064,1.093942511326487,0.7387334619722078,-1.6742012351728959,-1.0066210038954901,0.02923080710170738,-0.04886624213803597,-0.2513669493042427,-0.16086321456259417,0.26893146131276535,-0.01827788300088842,0.894841954626853,-0.6146224395641428,1.0372601954347038,0.07136171681817417,-0.01827788300088842,0.3000754363968847,2.9444508049593376
86,SAMfd947610629d,-1.9755367915311097,-7.792736213778912,-1.7370972276687908,-1.5508892962827414,-1.332716261960138,4.926334048644597,-0.7696540178975056,1.0463710846875922,3.377685245549922,2.751962334909755,0.4446000979705808,0.8536656223356767,-8.180948326065497,-4.326063865748798,-4.267498062788477,-3.974041020026611,-4.850120318349081,-2.9206881440194215,-2.057878055247526,3.847249954750725,-1.0374166037290973,-1.212144978623169,-1.5014599251040177,-1.6216907052598009,-0.9298597599137545,0.6401697940164297,-2.659398508470359,-0.8834137660812886,-1.5508892962827414,-1.5508892962827414,-1.5608749970177809,-1.1351688468318717,-1.203790058960199,-1.2755198084096226,-2.2495316168031962,-2.240684432133334,0.23123024797969136,2.7111874572946486,-2.0916469893842713,-1.6995725662211882,-1.1621938506718363,-0.7084580362372641,-1.203790058960199,-1.5611633359827608,1.1072785676988597,1.15164557892718,-2.0263659681002006,-2.311655453850346,1.5624696931173363,-0.48716084766193635,-1.3655973136860338,-0.24643772519979465,-0.8834137660812886,-0.3505159686345358,-1.8179775949516,-0.18033678837984415,-0.24643772519979465,-0.757877613471828,-5.905128009998251
87,SAM943df5cf15df,-0.6949184160310794,0.08327906311617819,0.5402156095860298,0.01256917615365486,-1.3993047735547623,1.6898382890995056,0.5025369950641654,1.1288503448238159,2.2791325139356036,0.6325051604022747,0.6656429032271431,0.9134969249640976,0.7052761623235054,0.2726915760706783,-0.17487555054218387,0.7188035356891876,-0.048037458661790086,0.4999445260766614,-1.2780392581653957,-0.15591492733386247,0.39037916267367667,0.05677682676696111,-0.047988250627046675,-0.940395748373921,0.10776595957815963,-0.03660726951294886,-0.5781256586979421,1.189181017843328,0.01256917615365486,0.01256917615365486,0.35089839085712204,0.09337036693024008,-0.02996770418293419,-0.08415299580736277,-1.017737969064082,0.4588936387012796,-0.36775256019731417,0.5247711568229744,-0.3799436495397352,-1.1793515954648572,-0.7312041297221596,0.04646276648709617,-0.02996770418293419,-1.291573400227916,1.214573211852438,0.021637667659656357,-0.34137766273913983,-0.38502130641816223,1.6528462394352805,-0.2947969730244444,-0.8835923059212022,-0.48545799510624066,1.189181017843328,-0.7673244635814112,-0.3387742497963072,-0.48846692612097947,-0.48545799510624066,-0.1248168426554298,-1.1221243308315332
88,SAM31f41dd0d6ca,0.5279379152131225,-3.587594269494161,-0.24567175588427406,0.5609984946537686,-1.2459834376162142,1.398664991323725,-0.2022993936603561,1.537603392441174,0.9367168181326773,1.1053416706273997,0.9678903796690609,0.9650033121469835,-2.7630553184755664,-1.3334952976758425,-1.4123016416308534,-1.244486892564965,-1.33349989640368,-1.0061048064725515,0.2924981566816984,0.4389669477748603,0.6012073578740896,0.11529659160937637,0.1601253327232161,-0.14567217728702234,0.33954000864996764,1.0534201813819646,2.2117247335748207,0.6262607379465237,0.5609984946537686,0.5609984946537686,0.41580755628846994,0.5284961860433985,0.24029685656660943,0.27212582587494627,0.09862528982946817,-0.17903533167720762,0.27515906994850486,-0.2865494245871913,-0.3048437338081823,0.1748607506745671,0.08748025782727789,0.13612168198988123,0.24029685656660943,0.2960894718588484,1.0422854329524294,0.16243724459812653,-0.8590290493947514,-1.1419211736813755,1.2211954658168704,0.6319410583473495,0.5393943192408506,-0.14168409619629355,0.6262607379465237,-0.44707265642891164,0.6096540216423505,0.883747004708888,-0.14168409619629355,0.13202000462782043,-0.1464687910931619
89,SAMb3c02294aba7,-3.605270552862199,11.287325680652684,0.9082966971194155,-2.7687518881121345,4.300726423653607,-1.4874279552430636,2.9821472935824347,-3.175650839368695,-1.571602917154013,-2.347786565906509,-0.1042792324446461,-1.8912587082642278,11.9357608154796,5.62800473279502,6.026278012980793,4.990290781193626,6.497080340341651,4.242532099744933,-2.8403744139337235,-1.8099104965209618,-2.4397535105414563,-2.3612583223764148,-1.7993881854474776,-1.9045403913133012,-1.2081045591231274,1.0616090554110715,-5.93753367980983,-2.0081715433341114,-2.7687518881121345,-2.7687518881121345,-1.3474933439456034,-1.907990114744523,-1.2979014314144632,-1.9159273911503305,-2.1599254408610555,3.0820859872551463,-1.5406507796117312,0.031146647295854802,-0.23143703048074843,-3.21095010554168,-1.8806442563959425,-2.6747153525899687,-1.2979014314144632,-2.2354198026495684,-1.4134552551151112,-1.09028885702688,2.92443698798353,2.658096759331462,-0.8869309338820603,-1.9069562225592982,-2.174188501564332,-0.6889227903410113,-2.0081715433341114,-0.2345338896130489,-2.883655649467396,-2.451480035807425,-0.6889227903410113,-1.9343521871408105,-1.0304639174127617
90,SAM39eb94fa504d,1.2660720130868357,1.9091394465364693,1.0192243381543138,0.7855631082456872,2.2587652632807633,0.6512637379494897,0.08900037612592236,1.16525436182632,0.38017789451977635,-0.522278192620972,1.3277370147662453,0.5148722651267156,3.6235372271845443,1.9341828642659806,0.23932191671564718,2.1102759777780795,2.3965666455138774,2.18626722962484,1.1089137574456365,0.17546499677531743,0.5534087263841425,0.49212408984998934,0.5963535876832984,0.8642346276472413,0.3792580270590174,0.022662415701399277,2.011820737437087,0.5045665028064997,0.7855631082456872,0.7855631082456872,0.8665949718937068,0.468255198650527,0.27907635763342487,0.8420570445259667,0.9209898929393175,0.4835170881764172,0.1109183065005987,0.26228117888853814,0.8866118246783851,1.4050842527092684,1.0381860744524352,0.28211262344179505,0.27907635763342487,0.714406759529719,0.09989316704679939,-0.4340237086904005,2.0031088420926926,2.4959769868167214,1.0331068316868572,0.553299663956865,0.883144914069657,-0.3984608998620934,0.5045665028064997,0.9790656268186787,0.9508497859058207,0.693787628458194,-0.3984608998620934,1.0933155985891285,0.933448760670319
91,SAM62fb1388c871,-1.4775398275802734,7.7155226411967925,-1.7990708511538434,-0.2243422726275648,0.262130920625863,-0.6491312334205595,2.5117570512408864,-1.0382543513596814,-0.08218910059160867,0.32762324771512324,0.6783590657337204,-0.6317999440950844,6.58670533443303,2.61133980362111,3.5730588675658557,1.7648075978055173,4.321109751829698,4.190278848527002,-1.4899373371588325,-1.0012183761301183,-1.077845242133361,-0.08632897451187588,-0.8997138383417036,-0.9303628727692891,-0.676636183720636,0.7843276257097729,-1.6127715153774318,-0.7989335393432963,-0.2243422726275648,-0.2243422726275648,-0.6910207125736195,-0.041936510779437414,-0.747660836969409,-0.5822001985953674,-1.3571977541733051,1.581972000873742,-0.6255985798359306,-0.23053422117246355,-2.06883728698132,-1.9015127978146935,-0.6701190643512458,-1.1241485991669509,-0.747660836969409,-0.7247550555486932,-1.1702555003810682,-1.5605361795770132,2.1217471795150846,2.1880206990198907,-1.351021287156476,0.311809632736713,-0.5953800683641919,-0.45873795005300244,-0.7989335393432963,-1.7419344910810244,-0.5277527674670098,-0.8217832404632675,-0.45873795005300244,-0.45881033195038984,-0.48871896102871415
92,SAMc0da5d48686d,-3.5417179951528697,11.799373035444633,-0.6304349393877109,-1.3151119400814653,2.2775020744321806,2.618312830151599,-0.7251924675708097,-2.208639614280637,-0.4646538255586412,-1.2155786115976523,-1.0557079354849663,-0.7943052983701862,10.463423961394186,6.192171528599643,6.21543822224,7.9056288565006865,7.071400782116712,6.823692820204933,-2.5104949627048683,-0.16097091796740295,-3.200745250404234,-1.4165802653667807,-1.5508941077554825,-1.4199834095406327,1.046988098063189,-1.29425568021856,-6.672059708676589,-2.6643856379049127,-1.3151119400814653,-1.3151119400814653,-0.9784670793826424,-0.25119188824515115,-1.6048992160719748,-1.2257577021517634,-2.3106606929468025,1.4387223518874719,-2.635208030961995,1.1914572436857653,-1.2282635603927137,-2.9592404958773124,-1.8761574706610755,-1.2075644876605556,-1.6048992160719748,-2.979031067185179,1.0107505863964863,-4.560532542925811,3.604887242786321,4.3074380631736044,1.3092795351295925,-3.197667073113975,-2.4856404761838453,0.5648075850395591,-2.6643856379049127,1.186464808588202,-3.559101338439924,-2.1663037860550363,0.5648075850395591,-1.8238670706171476,-2.3495240447374655
93,SAMe7bcab05402e,-1.9351106024154,-8.328197532389328,-1.455691705176387,-0.2915684772784245,-2.06835301414374,4.636954919979208,-3.798074934045702,2.61630362097244,2.698700021952306,1.6836233251914667,-0.02991061110616306,0.03308993644007958,-10.590682170540026,-3.9374549573523936,-4.7465705240627685,-3.0457668981057338,-4.472596127638416,-3.4566541760862175,-2.182681520664069,3.6306091129389957,-0.8328399187017114,-0.550104328848127,-1.6454514025366798,-2.115821580743522,-0.656684819311754,-1.0039908232829247,-1.0366610225220236,-0.47089762827870285,-0.2915684772784245,-0.2915684772784245,-0.5431182706907028,-0.10909965652891902,-0.636436000313595,-0.05632046895536526,-2.580960116116628,-2.277435861055822,-0.364757976932784,2.2374428865962575,-1.7036619648457767,-0.7946253592553046,-2.220582633737778,-0.11253191757757432,-0.636436000313595,-0.29218434392235004,1.561286506784065,2.4015780674248957,-2.0146109720690313,-2.450715653172769,1.475118656940946,0.1202384192244612,-0.6903590083424844,0.47351956920303423,-0.47089762827870285,-0.4655536802267475,-0.3951860789557307,0.4384336105690666,0.47351956920303423,-1.6828382616539197,-5.8132906336030645
94,SAM2570ff4aae6e,2.5117880628723084,-4.66688863526377,1.8370091890052813,1.4873233982974028,-1.1686987412653134,1.651978677465593,0.09171886999700687,0.9133969297096338,1.7603641050796852,1.1881681656201921,1.4316193169487643,0.666847622889923,-2.0971311453673462,-2.174843105854562,-2.5864673473949544,-1.7562563663468351,-2.7389382049513693,-2.3601459756605276,2.218868669152333,-0.07722044157131967,2.0084945061068846,1.4106873459634197,1.4806337940927485,1.4638911617248975,0.1899623322936609,1.3586071698766873,3.2679129466032992,1.7086827223784784,1.4873233982974028,1.4873233982974028,1.871741360935346,0.916097698389419,1.5421011329648535,0.8148700266138885,2.1547136130454736,0.06743647548930588,1.6783279966429252,0.12675012668370336,2.3459836119825437,1.3403706802648152,1.206250683920518,1.1693569319121366,1.5421011329648535,1.254731775275929,0.2555754029942116,0.473482724266394,-2.870624170725219,-2.8192532931203034,1.3631144522537488,0.9725244427367863,0.6474477940352342,1.1042199325844089,1.7086827223784784,-1.0665123498857498,1.9029721830245914,1.3142298014342233,1.1042199325844089,1.5055802983387536,2.2960891107236527
95,SAM2dc3f04e45e9,3.0427889287202174,6.136662012605989,1.7165453440606675,2.839778747736351,-0.2702966962546556,-1.4145386914123985,-1.0818261101040123,-0.6746753095259447,-0.8899488286645105,0.17955762605547038,-0.5003829899685547,-2.4634102628024874,2.5811676368724865,2.457610659051193,3.4538189975996776,1.3447252038330357,3.6488870004845886,1.9621941151658038,2.7562217317512414,-1.3433323121781826,1.697242156953631,2.354513794080895,2.2324529833588387,2.660340601693681,1.4956808766222216,-0.6048313006324846,4.085917316616982,1.376239976367549,2.839778747736351,2.839778747736351,2.6555991328480206,1.994842635852772,1.5580910242423018,2.095943091880254,2.937440415633273,0.8533181971668572,1.015305520274347,-1.1477543774764758,2.4626005979350403,2.8611112399147562,2.3173490927989677,2.311900804916702,1.5580910242423018,1.7480838744936982,0.3435858321913548,1.0445231806091841,2.0353889878796965,2.098763107415519,-1.4845979389174382,0.727965046532043,1.7643688732625677,0.43274420328186763,1.376239976367549,0.005757190190072804,2.5965600741126016,0.7948382055901037,0.43274420328186763,2.3688701210368013,4.099554043929424
96,SAM9448d858692c,2.9210949140875937,0.6215953851811196,0.9320772822168407,1.9597572665459129,-0.4435233441935113,1.1901312535315427,-1.9029392533243168,1.4145940958478447,1.0969372055086826,2.340262530674603,-1.109475608405581,-1.1306780723869645,-0.4112699484116805,-0.09376635788090766,0.12952063991481577,-1.5721227367502784,-1.5734927685899156,-1.7578189581339339,2.338340398368176,1.907594584785721,1.6886752594984482,1.7895049632405038,1.5918383438672274,2.3604202643809096,0.21384484141988777,-1.4039376476639045,3.958364228434491,1.4675938132568367,1.9597572665459129,1.9597572665459129,2.3183013384288276,1.7441958697896143,1.8839529575612937,0.5097326421280254,2.5373506232721117,1.1726454889004538,1.5877726283576814,1.6576897556063954,2.04023043453982,3.0528978184750377,1.6112731484526372,2.781205307452339,1.8839529575612937,2.196001357978768,0.3037852817784118,0.61262243826749,-2.2721584733693767,-1.9441515334090085,-0.9908608049302748,1.5195828398768176,0.7103326943049381,2.425523972363636,1.4675938132568367,-1.1075787659042278,2.2769469461900695,1.4403710585318992,2.425523972363636,1.7324824907426013,0.4307458135824549
97,SAM4501e41e4751,0.433917200872051,-4.3487163397707045,0.01963589867935878,1.1882540167770153,-1.3791641797694272,1.9127719066288906,-0.6488890583556306,1.7536018190756704,1.0170242608938007,0.48418972155989254,1.0240186048772664,-0.6177895825148523,-2.815036996235634,-2.4901764880948503,-3.2849874235781056,-2.8590270558422413,-2.8943934573214856,-1.882886811820988,0.3017235992794,0.37965495012271827,0.32346490222640983,0.9652122036496572,0.15988088776411577,-0.043443051419199734,0.4219868366231943,-1.0102328661994355,2.6071311344783337,0.032144130602123636,1.1882540167770153,1.1882540167770153,0.5678016841972253,0.5200976090883479,-0.25677555126232926,1.497980354820165,0.030199399392028856,-0.7984634753174362,0.7478226112890153,0.7277132896007916,0.18680278957918134,1.3224311886538678,0.18554611279935002,0.525834635973608,-0.25677555126232926,0.7626975867968907,0.9486636745353197,1.3569240990056914,-0.9932798274886067,-0.4080503777584576,0.7781299033399587,0.6579404735329395,1.1709513985509108,0.20448520032542197,0.032144130602123636,0.605624614943777,1.0460451020173605,0.850147898441269,0.20448520032542197,0.4417418955433649,-0.07793135084331826
98,SAM714285adf612,5.644484497475806,-0.56653378887391,2.23312158706917,5.357965243838008,-1.234596838413741,-0.3732075081624552,-0.20644551420740553,3.5575792617377076,1.6153171367109789,0.6242162376285834,0.02041763460314738,-3.9242030481023567,-0.9445317116880417,0.37024504217632387,-0.3222806840817211,-0.2427336985237724,-0.5998153223158565,-0.5292518781278263,4.503623120593362,-2.445891465815042,4.215122839115093,4.573260741250894,3.283248167852483,3.329378264547859,2.800324578948066,-2.8401769357534907,8.89752388570732,3.2323213860449926,5.357965243838008,5.357965243838008,4.048107430270146,3.7085795990327335,3.270982178453312,3.965094246683112,4.556882073823929,0.4316357913809039,3.498187491150122,-1.1618998181982505,4.09391475386989,6.3224325634733844,2.4113717159010903,3.784532053244142,3.270982178453312,4.077896329063247,1.9139489261467473,-0.5083403737850546,-0.654953554256485,-1.0197814919270172,1.7976632430186643,2.214741714024252,3.625814943229895,2.419249444470775,3.2323213860449926,1.6369287934977494,5.488678262996732,2.8299344349021665,2.419249444470775,2.6661167347650405,6.949514586408404
99,SAM5b57e47fdcb3,0.309446912889731,4.237051592924715,-1.6688171613099585,-0.6222689661276368,-1.719266200318497,-2.1140186287577487,-0.6595720114060829,-0.5009188125509445,-1.0786915332818656,-0.4645403837855646,-0.477886204665471,0.8959654252092254,-0.3615415344799856,0.3863180103621452,1.0814194798849408,-0.1243071114092513,0.6649950393784146,1.319762212895015,-0.37253970174955914,-0.3313711209828141,0.6581235765413508,-0.647595703276213,-0.35489822539801624,0.04177014513127701,-1.0161567141736811,-0.07162094245729204,0.051924799429241233,0.5777734443732917,-0.6222689661276368,-0.6222689661276368,-1.066887982014711,-0.4480179230147622,0.930367490210781,-0.8354931530444332,0.05968215682601511,0.752052734394115,0.3894131087903852,-0.36502509172166664,-0.7679932022817613,-0.28440990553746875,-0.49822607085930104,-0.2530330845840646,0.930367490210781,0.7410933806475417,-1.3928658858004603,-0.7770778420962305,0.6276107877391761,0.7828902059455362,-1.7542473301161676,0.3555950376707811,-0.08418718335789385,-0.037046937112878355,0.5777734443732917,0.07889985764145252,0.3155992779915098,-0.18791900225438754,-0.037046937112878355,-0.5541338991017762,-0.04116858076674501
100,SAMae4da274eded,-0.12660815080889723,0.728488972997798,0.2964624595378981,0.7554645634140802,2.5963184785721594,-1.377643645847056,1.0690685463044105,-1.6508539438707344,-0.7639572659154831,-0.49923872398529945,-0.43316835159388567,0.08055026968868571,1.1568348706463603,-0.34879998702924814,0.5391589087481389,0.505348041104639,0.10491081900611333,1.6689551374757599,-0.008503358835709874,-0.8650732228011951,-0.10155899039035941,0.5760546256337606,0.6176261531582125,-0.41148704578503564,0.37244821299423103,-0.5060041185854739,1.3646268941281565,0.41963453958176966,0.7554645634140802,0.7554645634140802,0.6877912047874625,0.46719838500310146,0.15499416275296105,0.6452367290541259,-0.30889890574280926,-0.534019583407609,-0.6417081608214826,-0.509543727251761,-0.4104169248372081,-0.5814910221041794,-0.14241423003229342,-0.7021952035548785,0.15499416275296105,0.05042743522806274,-0.3186615627806415,-1.2464869699393917,0.7064911777171262,0.6128552095733022,-0.14929459957335253,0.9808877393280816,1.2399309762455801,-1.1160607078569722,0.41963453958176966,-0.36254785000788475,0.9973187562172486,0.18639290906278858,-1.1160607078569722,0.05716274051255945,0.8565698639654853
101,SAMd35318127278,2.7050069017710285,12.184597484767378,-0.8702930669376987,1.4977159260958304,0.8094953628091013,-5.733171341832192,2.5984061219471877,-1.7503503756818986,-3.79919412748698,-1.4325641208830715,-2.1751482703928846,1.3704706508573385,8.502139773689713,5.179305275720635,5.746120873809402,5.1596539291761125,5.867687194234139,5.6530283000625134,1.687394941062333,-4.26982285054763,1.9827073684027934,1.2231126052156107,1.4821812663258265,1.5868250128834984,0.7160894562551673,-0.4693801083766651,2.730848680645884,1.9383226750841762,1.4977159260958304,1.4977159260958304,0.21783213272972154,1.0746992354679603,2.188331784685519,1.1897361243137559,1.8458106414873838,0.6524993342572273,0.879615901593727,-3.2792736693160958,0.2705655033413114,1.3525642173067292,0.965710690149081,0.642584111640246,2.188331784685519,1.4245918633061732,-2.2206280340698243,-0.9594093529674987,3.61897006959891,3.5155500199562124,-1.5006580753406962,0.3593400743239531,1.5087055168060415,0.17312623363879712,1.9383226750841762,-0.33333502666460035,2.4147693589402324,0.9239944903400311,0.17312623363879712,0.2420027868295033,5.957217791609963
102,SAMa913c6139ec8,1.9600513371005954,-6.244417754924764,0.09621321919382253,2.18838050873262,0.3183467818232397,2.282963418153172,-0.2624941456795397,0.1448542928650568,1.0209974109488131,1.387368317476163,-0.6523479729857118,-2.152200353279575,-5.225456776487404,-3.0545784647610983,-2.796553903377614,-2.9881084935549422,-3.248888568069466,-2.3876882556242314,1.3960832660830154,2.2906858118007034,2.188093646529546,1.9854730599567478,0.9102331035257922,-0.10479580029489761,1.1126963609090679,-0.5519439369738396,4.474110158680994,1.7150243798645002,2.18838050873262,2.18838050873262,1.4997776957363225,1.4915531089683978,1.804066842496875,1.5960470427660454,1.0278162073307613,-1.3893654179270205,1.9792198059372104,1.2433411707538362,0.810283255748329,1.4907797958511697,-0.2969564142648681,0.5191606069917788,1.804066842496875,2.2527907858859018,0.45101085598111906,0.4304694508476852,-1.9712345849837467,-2.346143854475429,1.2727723659332566,1.9587521242709776,1.820655768594191,1.3989853017101161,1.7150243798645002,1.4767400695972428,3.0635129758162316,1.7868853364484125,1.3989853017101161,-0.00024553496669872145,-0.894602545717688
103,SAM75142fcab9df,0.9722408106391185,-6.686801976315983,-0.731198792153228,0.7776639132542209,-2.02039734094734,0.6229464394486759,-2.5086015784884967,0.9824468520755691,-0.19253337571061527,0.6750162291722427,0.04593982608592861,0.28213121110208117,-6.87990661730888,-3.122998786164801,-3.3480618645116507,-3.887714744901306,-4.38724874075931,-2.853163439073014,-0.28794761917332395,-0.12482088671407061,1.2013606275652196,0.41017850656991467,-0.27144448399305005,-0.29058045246565484,0.20291769908451646,-0.5477356137453899,2.2385331297701434,0.7962088231806334,0.7776639132542209,0.7776639132542209,-0.028874659788027175,0.6046267923809202,-0.013711793215693517,0.8932183680877467,-0.13954053515579204,-0.9116948066082756,1.1767228938691654,-0.13934435862840375,-0.3011462997986623,0.9352007232738714,-0.008063379828043895,0.48393680580413306,-0.013711793215693517,1.140489540850902,0.6851649387703443,1.3791613806444876,-2.1155620369388437,-2.585161155645858,0.3126158111519087,0.49261594329879727,0.3306697828300444,-0.12030840947750916,0.7962088231806334,-0.41051275857852493,0.7724922692065204,1.5077414027564995,-0.12030840947750916,0.1301909959015836,-0.16312673245925335
104,SAMd697ba701077,1.0940845342889765,-2.2439558604782053,0.8909221203585685,1.0180084585329239,-2.3286649029848743,-0.09101529614112049,-0.8057149574826992,-0.23122954730381676,0.3392423614359097,0.31816821756133584,-0.20480786569115142,0.4991649925664419,-3.6263512042222676,-2.035824441097717,-1.1748820370572302,-2.2642986446397595,-1.852470435303994,-1.5857698939621012,0.8666602606581778,0.7254990041277591,0.6439314662552895,0.8496269561131211,0.48221929094937144,0.5100486334580963,0.42694996316344724,-0.366931704924167,1.338121161738784,0.639855231855146,1.0180084585329239,1.0180084585329239,0.6722227457172286,0.8051164615445662,0.5401739243381921,0.5618879620277554,0.7140997832382979,-2.3258080347959393,0.4502766015476956,0.663294159062479,0.9279897913747639,0.7106034151749442,0.3873615622907586,0.07049544634818558,0.5401739243381921,1.0643939656838695,-0.3092554404470805,1.612485704722272,-0.23957583005743296,-0.46160659555991623,-0.16913674470503262,0.9902356412074638,1.1604925396515824,-0.2144879027475562,0.639855231855146,-0.3397905130463486,1.217575475182316,0.9230079873056125,-0.2144879027475562,0.5146603816598487,0.14116125653041867
105,SAM166a419a4e5a,1.432442170296543,-9.139328089723776,-0.3981703965152436,0.8176172771930842,-1.133407175745703,6.222620989534933,-3.4244417161996097,3.71893610903747,3.9759554889517514,4.00904990053292,0.7737392827045836,-0.9551246962596307,-10.848606193479723,-4.113289573084099,-5.152689723580249,-4.165696948952214,-5.950256647856282,-4.439116983564303,0.7161317358905107,5.572176539769956,1.5478556921208093,0.6243247516571147,0.6364832828944206,0.3367763503681423,0.386653674109496,-1.1226779233889825,2.2149215815515064,1.2679141730941577,0.8176172771930842,0.8176172771930842,0.8853321447696728,0.8894797290323619,0.9293642694073674,0.40102307606328774,0.5517844185765829,-1.6857528063776022,1.9689142293376634,3.850920346361284,0.3559545277745435,1.8706499627766533,0.13141448966786473,1.537569456874934,0.9293642694073674,1.2126119204190895,1.5236909455044614,0.9000441359018796,-2.5067996685291543,-2.490736385396468,1.2891949155996516,0.4525156948452776,0.3262514936133391,1.1331603190581496,1.2679141730941577,0.6398655085523743,1.0343969748193853,1.497834480811758,1.1331603190581496,0.6342953686502955,-4.856044803879445
106,SAM025b45c27e05,-3.119144398315042,-4.203206707093574,-1.5676329025927513,-0.6513522472209561,-1.1712955453401068,4.833644687879616,-1.2985917897796115,2.485281585853634,3.3257830527089793,2.199586331039353,1.1526859600721673,0.1492598012374161,-5.59370543688251,-3.0438169482669113,-3.1838933104403364,-1.9828889734863526,-3.810726162744732,-2.749474470690043,-2.5170059541758607,3.4734953386150855,-1.7924963703284484,-0.5200105676903328,-1.1327981053387508,-2.103160114139695,-1.0641135495161202,0.16979444224879373,-3.3357040478326003,-1.5077013457524913,-0.6513522472209561,-0.6513522472209561,-1.0701522865343305,-0.6527634286660584,-2.0733338041538634,-0.45356412419229264,-2.728960629852146,-1.1645916029509247,-0.34964526176074373,2.355841105960675,-2.405201537565917,-1.7059320890623662,-1.3721247458725117,-0.6363619395603392,-2.0733338041538634,-1.6391568500830938,1.6421608890790118,0.6252421555099961,-1.6999745939027382,-1.9339704813524543,1.1489757990562384,-0.28103045835406265,-0.8057106759853443,-0.48606809302476633,-1.5077013457524913,-0.9381929736951731,-1.721548129350337,-1.169368187981775,-0.48606809302476633,-0.743376759110438,-5.990501292790946
107,SAMe07c4560772d,-4.919211580302794,6.108247186332829,-2.714805274964586,-6.255993450773653,0.6079711405468904,-3.7953298681853904,0.46965391890450003,-1.0155117473904738,-3.497271684192444,-2.094353499970204,1.1343767556232767,2.2972091526162046,4.042239120406492,0.42100943515936784,2.1976350505801068,0.349323089785095,1.1572725160645676,2.1210927148746204,-4.646332590514507,-3.172734947693942,-3.39940903764694,-5.153604927383024,-3.480679899848842,-3.442996818719529,-3.1480119878613184,1.860711822831933,-10.04739921942739,-2.7682370871581314,-6.255993450773653,-6.255993450773653,-5.352421842040476,-5.0812075034809485,-2.5788603560740437,-3.5485614843702398,-4.273582547195796,0.8803863064534071,-2.1414055784221295,-1.6464126422986296,-3.6844948588144404,-5.43751435439291,-3.145637922031113,-3.855463971023551,-2.5788603560740437,-4.552470783898091,-0.15641612186758416,-0.12703869195713496,1.532137036974872,1.7688130418434842,-0.2618967520274362,-4.125041672279658,-4.405007925799572,-2.242889799004824,-2.7682370871581314,-0.8259342428436338,-5.895106376919657,-2.0007589922727917,-2.242889799004824,-3.7940051772188466,-1.4735976428205646
108,SAM2dc578e0165f,-0.4296074691967007,11.15044696233096,-1.265908239763653,-0.3525448732875128,1.1636650785603313,-0.3504527484361186,2.3703042894691047,-1.3632007664530235,-1.4345136074342135,0.08432132357626555,-0.44901567870372266,0.36859812690045424,10.179965209129861,5.426170840746115,6.64165620607309,5.614364447479594,6.821151458369774,5.667041527076983,-0.2507241961862926,-1.5559624074541996,-0.7739208137156233,0.39449187248326717,0.049086435017985264,0.14384719382408945,0.043367324881640676,-0.2850719754084596,-1.14904326969373,-0.5613257450947591,-0.3525448732875128,-0.3525448732875128,-0.46962373475066954,-0.08232246801772841,-0.36799736403954836,-1.128009106156816,-0.3328889973870632,1.6654335729687806,-1.054205321572401,0.09998235735003491,-1.3326254822113066,-0.6388824945389007,0.2734919043077376,-0.2926463110230215,-0.36799736403954836,-1.5827065914208989,-0.5337649293288788,-3.778318780990999,2.6740645053607612,2.6928426439338216,-0.5721545162965416,-0.5164094368762568,-1.5887317249397832,-0.14274511757605418,-0.5613257450947591,-0.47643044359666065,-1.2066473415522694,-0.33161531739738004,-0.14274511757605418,0.12348033859778187,1.3052382112679068
109,SAM3785587846ce,-1.7252855623428702,1.2874886333996405,-1.6351332844524407,-2.01671283692905,-1.5434038616508816,-2.9735609329556345,0.99618573259473,-1.5848628699374345,-1.9769125766114506,-1.1728109602657923,-0.43876880802671264,2.0237076287955027,0.5712097351689431,-0.3638989481149858,0.2202994311414916,-0.404629805059206,0.6523965833119634,-0.2159243956807944,-1.6862884812773185,-1.9216908514244293,-1.327539639932444,-1.9708231002979137,-0.8090240996668066,-1.024977687060423,-1.3295330739108255,0.163697352082902,-2.5806029834358615,-0.9552349882475345,-2.01671283692905,-2.01671283692905,-1.5645032825913445,-1.0731992056081092,-0.6213332566001295,-1.462692910693772,-1.5990540481433648,0.19324313878533797,-1.3876466074334202,-1.6759111242064582,-1.8288277267399238,-1.5166630333795854,-0.9715845591775824,-1.1920901085473357,-0.6213332566001295,-0.7911303521636032,-1.5474095268332217,0.8750201333641615,0.5459660123516414,0.6956693495817213,-0.9191673556142913,-0.8172710346583993,-1.0317106406607266,-0.7039863947783661,-0.9552349882475345,-1.3168601102324193,-1.5728865431557226,-1.10162582304378,-0.7039863947783661,-1.5358186736527082,0.23540237014711085
110,SAM560f23d6a3ad,5.21713983519185,1.6492468350896174,2.8126800299462573,4.4400427947694725,0.9134371714623869,-2.180187441061704,1.013957083478415,0.019594129248215252,-1.5691031475840838,0.1374909916992847,0.023707549966718734,-1.2502679749295893,2.693448034594875,0.9403531069794349,1.059632979878099,0.6949552693916439,1.0755892068115682,0.42062087776533047,4.461186354480657,-3.12172368070821,3.5244970366524075,3.7544522644594274,3.1893823528158696,3.3113078121167767,2.710295285534521,-0.08104457450174693,7.955479887733203,3.271023543168627,4.4400427947694725,4.4400427947694725,4.397831447315611,3.440944745438809,3.637296067656929,3.168639892987469,4.138975770262102,0.6244457781023992,1.978609532293414,-1.28442335171629,4.000376672309546,4.163617321416753,2.312935907060972,1.901205080264486,3.637296067656929,3.2992880223136267,-0.39528717883032605,-0.5368014320314899,-0.4875175791780176,-0.9133043659203495,0.5418052640397729,1.5946240658012463,2.8022488854175007,1.846073722963056,3.271023543168627,1.842955818758355,4.932310891290424,2.6768466124871617,1.846073722963056,1.8694397781380372,7.582910035188867
111,SAM52500cabdd36,-0.565392961567769,7.147322864581952,-2.5428784860605447,-1.2573015714096327,0.9356519561530138,-1.7188554911649156,-2.2953881376872283,-1.4856997296800667,-1.5716518723084987,-1.0654847704666552,-1.4548342122280287,0.3170582526977181,4.625648076307207,2.34206770369693,2.2758071768099652,2.613890492866885,2.6361946259597193,2.344213728676537,-0.44201019870267366,-0.1826666865997908,-0.9269244537075777,-1.4300545838466499,-1.32800693264478,0.07177716824274817,-0.8843363431926301,0.6172247301081175,-0.7002031574981784,-0.9902550646726525,-1.2573015714096327,-1.2573015714096327,-2.3763209955973505,-0.4708182180892723,-0.4165653272253136,-1.0877361179949645,-0.6337102994904114,2.3485670894715684,-0.4307204912542399,-0.021214663483694305,-1.850601560738746,-0.9498796892118673,-0.27478746258327513,-0.2789468728853587,-0.4165653272253136,0.09086095460881727,-1.3130129994554043,-0.6258887000696115,1.2829771481254477,1.4399442451988804,-1.6723293023100188,-0.6100874526093881,-0.8441637977414128,0.02132556658469271,-0.9902550646726525,-0.49110696874506715,-1.122707794413323,-0.29858670594674114,0.02132556658469271,-0.5565285264061225,-0.25934351210288287
112,SAM14df63a65411,-1.319816683389778,-0.05495912556014287,0.23494114118597406,-1.1097677037100224,-1.4340819151639068,-1.745363563190337,0.4002774426812667,-1.2071938990281765,-0.7282463231458595,-0.989892958210389,0.7920263919302878,1.292832228345777,-0.1434842525027829,-0.8320337240917915,-0.20712767352399575,-0.2076606404392429,-1.036892065086064,-0.22635991287452756,-0.6290502095628578,-1.0015740385106116,-1.5203393070192632,-0.7633464304997349,-0.4134785076280174,-0.04109611781916195,-0.5633254329007387,0.943145275490396,-2.803026167523767,-1.3181119244870683,-1.1097677037100224,-1.1097677037100224,-0.5746351723731936,-0.9929507831499462,-1.1803043321254933,-0.7101978944541493,-0.7189621325167135,0.19817131503630275,-1.3062736178524212,-0.5277445259906383,-0.19780215513995994,-1.0777951620309183,0.14630544486501076,-0.7693386587994352,-1.1803043321254933,-1.1117164294252397,0.10142425106000914,0.05909968997104538,-0.25376299276098874,-0.468646131689773,0.6226342176122995,-0.45872433036913407,-0.6584465381328629,-0.5057219545303816,-1.3181119244870683,-0.8884826822911494,-1.4791805140345637,-1.4455878079718647,-0.5057219545303816,-0.16579283155698352,0.3725238289477537
113,SAMf3a9bce50099,0.6910439663927298,-4.874007122529871,-0.7128990560951791,1.1820403128236636,-0.39186247949951836,2.203733939448922,-0.3958556877280091,-0.14840729557600604,1.3330860599792027,1.0322041169724123,-1.8649641151483705,0.5786487530787826,-4.417552449692673,-3.799381488839845,-1.4599514069328166,-2.9468574508779795,-3.0513316155007457,-2.6967779227731485,0.5729915823605637,1.3617434492632938,0.7748454714573508,0.9274894147560223,0.389049548892847,0.034792781304234736,0.304919872775979,-0.6870126758059723,1.935716554789912,0.689307434307996,1.1820403128236636,1.1820403128236636,0.26029381742733393,0.6380229561480028,0.6923634982753428,1.0044593556282395,0.3465512497005548,-2.5327743265430733,0.5199394950475019,1.4960649493117482,-0.22098901918468133,0.35453837693981877,-0.2848606769997705,1.103427205593903,0.6923634982753428,1.0753198395311532,0.9946381677816525,1.1612863436777614,-1.475775135051947,-1.734027232940647,0.2999133270036767,0.9174854563007878,1.164653152232049,0.584918956652398,0.689307434307996,0.44350261650800793,1.476075914861918,0.6047550027009405,0.584918956652398,-0.1834263510723177,-0.7887518669027301
114,SAMffa5c7cad0e5,0.8208783080794261,-4.869686533471338,-0.6292379533084438,1.2144675537836829,0.18339313636797042,4.406886881471708,-2.871329280091529,2.315334126107764,3.3782869651492193,3.181379877341897,1.208199344100514,-3.2145935982894214,-4.9399985214948705,-1.177368903897538,-2.801433881256475,-1.881504105974839,-1.178582477856392,-1.4166198438724593,0.16512273022892685,2.732103736582055,0.8355469589786658,1.0624919375983188,0.5485310583667055,0.2686928197812187,0.044470788670088086,-1.0544462283871114,1.690246064112614,1.0536626642391633,1.2144675537836829,1.2144675537836829,0.3934485364951737,0.7720887022581007,0.7614216837045695,0.7658274221743688,0.23548815347475002,-0.736604451981052,1.0132096708647305,1.4095568632787627,-0.47545312657277256,0.7189054556410901,0.2132262736161758,1.2809665808293593,0.7614216837045695,0.34210033877294477,1.5000033377217268,0.5420057600323239,-1.2961698238879242,-1.2745967033047139,2.2793251660062155,0.8448387088279602,0.2685744629686193,1.5597174331707468,1.0536626642391633,0.3730208791405712,1.31615997784871,1.2356169400198556,1.5597174331707468,0.7230937696421098,-2.566981006353128
115,SAMdab9ca8fb5de,-0.5184948401410043,-2.1293567354424283,-0.3406411172280266,-0.30564327431391974,-0.1954782072258567,2.4550679028674085,0.9406528741765999,0.38379962642629456,1.1359960857444895,1.0549111771388564,0.36526001738980834,1.1210946370771215,-2.285670933043847,-2.2667150875035462,-1.448890452946718,-2.101881673724507,-2.0089773132645474,-1.8842032225631349,-0.2602414948968006,2.6013862848347444,-0.1784989238301878,-0.1423058971739088,-0.39017616464025917,-0.46455935032844836,-0.47005930711204563,0.2975210334177578,-0.46511615253475747,-0.25826551155728783,-0.30564327431391974,-0.30564327431391974,-0.3121380077258352,-0.506734556651043,-0.39811134793997804,-0.05622634254827037,-0.4231081140676549,0.03813851530817881,0.26101125041720086,1.4896361884179077,-0.4049843881244732,0.021450120660271108,-0.2077357628989163,0.260399705268974,-0.39811134793997804,-0.00984805683467016,0.8091494734062682,0.04444614012931577,-1.2658365599656964,-1.805914332433776,0.07203272972218211,0.38484593650332255,0.019681296097203236,0.31690182162095687,-0.25826551155728783,-0.7134411105080765,-0.09975843327349897,-0.2134144396649564,0.31690182162095687,-0.18744722876231865,-2.861627779731545
116,SAM34430ef08e5b,0.35860347016061833,-4.869968002010844,-1.2383281794735588,1.6643712888412603,1.5592895709108912,1.1401310796822166,-1.7026732115392695,2.420800948246116,1.248361652743887,2.9151990089105824,-0.8714628161357216,-0.7546717526498674,-5.092463889781204,-4.597417734993356,-2.6342977229652096,-6.132874336829544,-4.632197660911298,-2.573242236514979,-0.1166421577551983,1.100822721994184,0.48282616637970466,1.3730377100628972,0.3153303384918143,-0.5362299316886617,0.2650759326920749,-1.2963646954623882,3.097703248320279,0.04190380285936798,1.6643712888412603,1.6643712888412603,0.4052797177313492,1.178172584427838,-0.23121871636530805,1.1443756740331004,-0.19111379162112918,-0.4108491183347576,1.5285018796759557,0.7222719799617024,-1.0511305905846673,0.695554195444277,0.005675043141316283,0.18873021591785782,-0.23121871636530805,1.6103962941805554,0.39590590378947915,1.5716236171551967,-0.5121982782602578,-0.9468066674877179,-1.0365822717170428,1.9690630131210984,1.6517080941269497,-0.08367651850904495,0.04190380285936798,0.8763533590204176,1.6226731286131664,1.445706010889919,-0.08367651850904495,0.18703913904271025,-1.2174648797493823
117,SAM4b0175e8db6e,-0.6922502378950186,-4.238191500869699,-1.541268548600339,0.608694314882431,-1.7721120413682372,0.635453923888632,-0.3216733464571835,0.8106496196806442,0.23310036778461538,0.5927485347383071,-0.6998285083760714,0.5714126615049749,-5.410647774535189,-2.4730034863157915,-1.6522869318341857,-3.3667144016937196,-3.00970788014789,-1.7950184083082326,-1.5143247431716225,0.6664763253735542,-0.14903201997104307,0.4708963981979567,-0.7935930748683299,-1.280145645296252,0.21732481540104245,-0.7545272596620245,0.16583623831810185,-0.1575511583138413,0.608694314882431,0.608694314882431,-0.6911248952947896,0.46101167102560286,-0.4636834528087692,0.287648759489957,-1.3769389056926065,-0.48610468920902533,0.23709242614649031,0.2959066849751894,-1.5299198638515796,-0.5132075763782921,-1.0703920139354262,-0.46979984122531243,-0.4636834528087692,0.19347170948160156,0.1478749662242599,1.239649996207253,-0.5750769886339533,-1.2392345829090208,0.060051275765163316,0.6531176348078029,0.4294798855524752,-0.09345051238038464,-0.1575511583138413,0.03667088253338134,0.23596760646357343,0.6769819835957309,-0.09345051238038464,-1.0382593644298128,-2.1808010685451764
118,SAMf28c01545593,-3.6357426943034787,-1.2750376928107168,-2.772380994177589,-3.3703501312546664,-1.0654856020926151,-4.928556170845403,-2.6984635739817167,-2.478687731087103,-4.2150305296011075,-2.1198581942497716,1.8932052660226664,1.8381312904986067,-4.205764674328829,-3.477825055606595,-0.9129328864828556,-3.2564962380346847,-4.763869511665331,-1.6936221523533648,-2.8824399454691663,-3.6823413720939424,-3.2496064711444657,-2.9434262855330307,-2.383765648746287,-1.2666401189260474,-1.3622041745844702,2.1530827673782893,-6.300309271318912,-3.1115847159010457,-3.3703501312546664,-3.3703501312546664,-3.189985031944979,-2.217727298660322,-2.368472532968836,-2.3380663567503173,-2.7085618594465677,0.3404624943649941,-2.218232944790927,-2.487737111381069,-2.6694965658532617,-3.0095799929218923,-1.5243335872232644,-2.668392374566854,-2.368472532968836,-1.2738475152107875,-1.3609426602428727,1.0915438997729285,-0.337532598294136,-0.7167264028441994,-0.6458664990315249,-1.416154918464331,-1.8672323785375748,-1.0003623994544906,-3.1115847159010457,-2.220162131874999,-3.6323721370314357,-2.7002507821339004,-1.0003623994544906,-1.9681504521309874,0.7999014266247761
119,SAMaec7380f9ab0,-0.3994412004237642,15.127033639376949,-0.8284443241520836,-1.3145359548667603,4.306143295287476,-2.9898846969245763,3.4972190810657184,0.30231073924470747,-2.320143922488876,-1.3885270443211462,1.4382111630628742,-2.7247122827029857,13.91356223872663,7.746972547325129,5.863522532326165,7.734529965753866,8.338464934561438,7.916286445694717,-0.33373296943121367,-1.8047047902728186,-0.220197447611985,-1.159546105441456,-0.054329414655768016,0.03760635327616841,-1.7104129881594392,-0.30363666342066553,-0.9972829646331907,-0.23218342167654232,-1.3145359548667603,-1.3145359548667603,-1.3612613956293198,-1.2919888669049573,-0.06405491121464604,-0.7139555371716677,0.2665615493879236,5.292022835976441,-0.3429063702433849,-0.6647744083044711,-0.6134903159273927,-0.1610334899068199,0.03291220281930881,-1.1988023314729293,-0.06405491121464604,-0.928185173719126,-2.646469374558351,-4.714404020197839,3.0187249678875414,3.709571623339033,-3.637773636249712,-1.3408699541749634,-0.6283696615080682,-0.5451480242550086,-0.23218342167654232,0.3470640774078453,-0.9563149461685877,-0.9241477353897297,-0.5451480242550086,-0.3637610938235877,1.470971820841605
120,SAMaf7578d55754,1.2916010214304408,-2.0318637049915553,0.17781879717568508,-0.03201743511036658,1.439266532045395,-0.8374968444238095,1.5196704222415682,0.753756109709132,1.0620159378632095,0.5916583688928672,-1.0694319336943328,-2.144645808131187,0.5458459698589755,1.2691441461436823,0.4422187007487441,0.5665017985656009,0.6149834108060085,-0.08886621634740484,0.41241834381986264,0.1205224460983504,0.7857724942137649,-0.3144406342564503,0.3208478701914947,0.8531685733265809,0.2972379214695347,-0.9426220475726699,1.7781945510398933,0.523978124685379,-0.03201743511036658,-0.03201743511036658,0.6452722117927558,0.12364407928407979,0.5662281628887246,0.27125378225620345,0.8842504216317774,0.0492483415518176,0.44012436773267644,-0.9784974913219452,0.7743293261416125,2.632611788829983,0.5919381122709297,1.2954527018838153,0.5662281628887246,0.4762074536657875,-0.1603351720430349,0.052062277276443164,0.5822147368884509,0.4993716459399036,-0.6238393847808286,-0.9572327266834806,-0.19706870619609954,0.8046189968153078,0.523978124685379,0.2789183261986157,0.092259109304336,0.772157495704494,0.8046189968153078,0.33354171008928124,0.29189589772151225
121,SAMbd8ee73983b8,-1.4770881222457803,0.9279181317935031,-2.5820008709464055,-1.3488298643435652,1.0734758685952608,1.711408312418918,-2.43236690790196,-0.24271989991216564,1.45195826088156,0.7045733075464964,-0.4887918610963673,0.9172401303502233,1.258241436187714,0.7553064593826124,0.5930188440829179,1.4581905520068532,1.0752411044537897,1.6290139156365206,-1.613590955257314,1.682104734153933,-0.7808531144564288,-0.8924377296346345,-0.27013860649041205,-1.2965582050331048,-0.8851270659932121,0.18501571674843031,-1.7489471725721386,-0.453059925256779,-1.3488298643435652,-1.3488298643435652,-2.3164917766137365,-1.4433163615255151,-0.10002294488978887,-0.4358641175462911,-1.7473908546126982,-1.286081093619314,-0.4813453145049438,1.4365585799697516,-2.449065878420976,-2.1908706333692605,-1.4572527195082776,-0.9299843109722156,-0.10002294488978887,-1.1630754763985076,0.4253704738307331,-0.79209454768216,0.005031488127714808,0.4199358509009187,0.717476017533915,-0.5918122378190028,-0.3132291744757137,0.271918182009659,-0.453059925256779,-0.26263947338540283,-0.701225761115293,-0.5207158434021799,0.271918182009659,-1.2833984092634902,-3.295695689411247
122,SAMe94c30c30616,1.0192712446459662,-1.1413816719169474,0.2898065474424338,0.9124903010588351,-0.07859193287725233,2.3930638672888027,-0.9107734068611462,1.5647127926473015,2.0226925615990656,2.0733478172676127,0.563319720728592,0.6778066051984629,-1.0578242805859908,-1.0104851608295666,0.17711996143178918,-1.340306717611462,-0.8779641872233555,-0.97242528876214,0.7732461389820845,0.6702927212176916,0.6092153892086033,0.8178958144137899,0.7480327692218369,0.5985908173711152,0.5281435836602659,0.5504773347585675,1.4709061690542296,0.6768182506023082,0.9124903010588351,0.9124903010588351,0.9130361128919905,0.6287418246503986,0.8460008126901858,0.7997538541441161,0.7382391850138603,-0.9431548662492781,0.9059047574631759,1.301238984618984,0.550851186068992,0.8902815397187694,0.23001914266680182,0.6695761798785101,0.8460008126901858,0.5795931042222395,-0.06556500445508616,0.2786179792215036,-0.2439987943053039,0.2715247696519367,0.8272445090446348,0.1658325636263379,0.5446445575167225,0.5611390115963653,0.6768182506023082,-0.1270316990954218,1.0590323782809519,1.001263641967715,0.5611390115963653,0.7996915207309817,0.10295341776439293
123,SAM54e58f1b0230,-5.863070881798831,5.589538340791995,-2.439580394003646,-5.55596378524923,-0.6991944577475225,-0.9108821257393032,2.0523896043238232,-3.3891734541452614,-3.193370382020725,-3.959331856036322,1.589750820095613,1.5178608025065274,6.580688887307618,1.6301732741673345,1.2347725392614621,3.3800201403786705,2.629638738346549,1.0877055664542636,-5.402465749619456,-0.9342477036954844,-4.642770136434695,-5.0214294329727585,-3.6246379184944715,-2.9457247367539403,-2.2508529804574637,1.2433577674086829,-10.65057573472153,-3.960588289157286,-5.55596378524923,-5.55596378524923,-4.363010447758452,-4.180258623830159,-3.558505476360351,-3.2133903421248458,-4.785093520044314,0.6002884342082737,-3.4073954644106212,0.39177238994243374,-3.639240751996171,-5.17011919215216,-2.6160341589279827,-3.229762370056644,-3.558505476360351,-4.501088911544544,-0.13253031286167868,-0.08267586207306096,-0.0695251809094692,-0.36595619835683246,-0.18465394641930596,-3.8517861691304107,-3.520010335107056,-1.9821992473858028,-3.960588289157286,-0.09454403197209268,-6.197512360491615,-3.3614755240278473,-1.9821992473858028,-2.7360886980023835,-4.4682180459239715
124,SAM5e3bae090b8c,0.3538075712831563,-0.04320608926970574,0.9605687666673396,-0.8512227363492495,-1.4701942672634654,-1.0907365486312117,-0.43669181482372277,-1.5492582052639206,-0.5462861901130117,-1.0107899379603562,1.2543370032582104,0.21409020862700648,-0.2162188048254655,-0.789507233168454,-0.5998020814386849,-1.087828961123759,-2.1749721849104695,-1.834945611898321,0.7416028089289285,-0.24267404767310116,0.02439168877384395,-0.7094308402874299,0.4714064829007027,0.7690185257953401,-0.676747436151211,0.8417478547189386,0.8876323064919505,0.1852748150204685,-0.8512227363492495,-0.8512227363492495,0.36944044072531246,-0.6788375228862392,0.12092896983925414,-0.5853359067689592,0.6458502172314656,-1.167913281102179,-0.3391651671269817,-0.05679458473251146,0.7972606943147746,-0.013767504254674929,0.8364628340619613,0.31247117976252414,0.12092896983925414,-0.3917600362503693,0.09780424760987645,0.727286063094677,-1.899886947502673,-1.8712144338576027,-0.2632614965086063,-0.31945794171981756,-0.5413999113240422,-0.4044617183749452,0.1852748150204685,-0.6122835306121248,-0.48562607373834793,-0.28058109050007785,-0.4044617183749452,0.6906859935907519,0.9842768566020297
125,SAM3cb94b0d5297,1.0622327619374607,-6.586023036221267,-0.7936365816052733,0.8862217151800265,-1.69996037903752,-0.8287838074011398,-0.20037473874110706,-0.9437927354543525,-0.34676846251923304,-0.9502558954103941,-1.8012453009621638,0.25677016375660844,-5.341406734258452,-3.144898850249386,-3.0769461738499007,-2.361257165062211,-3.498359008905419,-2.639123407942659,0.5395104753672199,-0.2873350409576976,0.6547470255246264,0.6637942804121328,0.15134736789508427,0.6403275065927336,0.3480059822404642,-1.9640253450655567,2.3723733109520175,0.5430224627558381,0.8862217151800265,0.8862217151800265,0.09744102048879308,0.5854262297169635,0.20086035354338339,0.7131574991055749,0.11554670583418533,-3.0300190288868984,0.2947011931561752,-0.6902914411184589,-0.3422433627504116,1.1939584798019296,0.5792726689098179,1.0715245775926963,0.20086035354338339,0.7049140127282413,-0.5187275009791839,0.2544139632051327,-1.405013482758637,-1.5713012226222767,0.636266117879062,0.42688493019045043,0.5816176322275789,-0.29813569609852913,0.5430224627558381,-0.08829122776025845,0.7845621897633497,0.8256753481597905,-0.29813569609852913,0.5419968896817237,0.8268455163249174
126,SAM61b9d4d84c64,0.7578791272725779,3.1960530487328196,0.552318517582548,-0.12040469533745597,-0.9397602922063882,-4.495080742798755,0.4072565483100609,-2.428419722963837,-3.186049378146399,-1.9659950624014277,-1.5003494487869962,1.2172737916212075,2.3365420949118363,1.2431736873504489,1.2497980641970001,1.7629276567646208,1.2981630580739294,1.095980862540811,1.0571341258243867,-2.3059913897840607,0.05429964091865785,0.07414723921252762,0.6080465026116911,1.007390086193534,-0.6443159431655853,0.94080550007945,0.9969724534065249,-0.024511619208176863,-0.12040469533745597,-0.12040469533745597,0.24027538063747703,-0.1975993971880288,0.3462917226786221,-0.27953887505727665,1.2303669232797811,0.361727586084987,-0.4762668404728845,-1.9569058133675281,0.6903559003634266,-0.0074417595608213954,0.9478179764814084,-0.24534558581023153,0.3462917226786221,0.4755262227704005,-1.5196020958838488,0.45767407706738017,-0.8636415836640626,-0.7637227953227212,-0.9678308927701191,0.6068550886995077,0.20042362592509647,0.7537255538736884,-0.024511619208176863,-0.2733478473248169,0.41979519687891664,-0.3971128180223795,0.7537255538736884,0.27810394523581744,3.3631255156084476
127,SAM8a42c0d59187,-5.365584121830622,6.382927472193072,-3.4891507261044183,-3.6429424797605057,-0.6325311582726805,-2.040647479614268,2.7160117959032504,-0.9518726203304521,-1.6434383732845004,-2.0345089541825208,0.7218748305736001,0.13375607214857496,8.391045785563804,4.670886487237893,4.0679322896441175,3.840232761235437,5.4976358024358545,2.3155279642484508,-5.313412320854778,-2.2721450890376196,-4.179753236769538,-2.532904785305972,-2.9854664614789255,-3.103545323969182,-1.4616886502524553,0.5116096520286612,-9.072146791748388,-3.7441197815790614,-3.6429424797605057,-3.6429424797605057,-3.5332814306016793,-2.7000954533972763,-2.886704773276296,-3.1224087947540813,-4.554039645869488,1.9419816382687747,-2.441347830747339,-1.727649162528117,-4.026830572592951,-4.30918378410474,-2.879727131638744,-2.97568881391012,-2.886704773276296,-3.7630356641998923,-0.26122308872574984,0.6142404424984865,1.8204626720722084,1.575423290165502,0.5695974263122344,-1.9988146997445857,-2.9116315246088424,-0.7624515599883617,-3.7441197815790614,-0.697080114621891,-4.742623834110982,-2.3096619204072826,-0.7624515599883617,-2.9824760845768137,-3.0412672318171583
128,SAMcb132b0cdd2c,1.5226874107593797,2.1758594974335455,-0.5094043825183129,1.4894064192331438,2.440425329635059,-0.6770729055439968,-0.10265117984668287,0.6852547907675106,-0.6232354185316328,0.21273709054769885,-0.2483745013146391,-2.981932612176554,1.481136246046149,2.1679706118984816,1.4519423848568551,0.39098755083650577,2.189637676313627,1.8385089393265337,1.3211728025505087,-0.8079104980702256,0.9716612112689654,1.2643912286181052,0.8519912214525677,0.8933139273296323,1.0137719706578192,-0.05795097393148991,3.259061045170338,0.8967896237239114,1.4894064192331438,1.4894064192331438,1.0245647975550447,1.3929921231977984,1.24717234348963,0.7492321265459367,1.1548822647715775,1.2596538253410847,0.7642497866800336,0.04110525739563524,0.04576466784536603,1.0511695860519423,0.6591123280430706,-0.026886394005227927,1.24717234348963,1.3713031999825358,-1.1826988197740678,0.0143515101647778,1.9225039565592705,2.4331328913833867,-0.7967625958016453,1.2081773471176263,1.2150288146015238,1.009211756272881,0.8967896237239114,2.828253749807587,1.8683999347069884,0.8612489553216327,1.009211756272881,0.439036749671942,2.129083300620734
129,SAMe97af0feefdf,-1.156756107280735,0.6863062152795931,-1.0251237942792104,-1.297678286553501,-1.4020616184848789,0.25223435632644214,1.4606304994455037,-0.75895946129679,0.09008662048755395,-0.257953721247999,0.5153132009479426,0.8832663849478304,0.9081380836587784,-0.284547894282149,0.11717419281404352,0.3143249170196321,0.7196130319067284,0.29560114153012906,-1.4885931070887064,-0.29768774607377857,-0.06275640878425465,-1.2191138531012977,-0.7839430711014495,-1.840797495166528,-0.37853537617061095,0.9510272218679103,-2.256761660043807,0.022712222539727517,-1.297678286553501,-1.297678286553501,-1.2699771385117231,-0.9816050362852539,-0.36398622344866594,-0.6653607163097763,-1.5345010718452126,0.076907094866725,-0.2500050380926089,0.1748902785347421,-1.2444863501648802,-1.9968552161829374,-1.702337653749831,-1.7963004542457315,-0.36398622344866594,-0.692496413718722,0.45277157855247374,0.2636318097824927,0.07773480548204738,-0.224438484903147,1.114824669279507,-0.33955119647632803,-0.4291580779774246,-1.0922556873258822,0.022712222539727517,-0.2881139779845207,-0.8760577625360326,-0.15396794660450241,-1.0922556873258822,-1.5093134011996694,-1.1909053610149278
130,SAMee3844cc0b9f,2.474419479577295,-8.523454939040437,0.5858887883908419,2.0067084180849544,-0.9177752427980067,4.182386800119229,-1.0092706929385258,3.0277724592005906,3.492112263432882,2.362049480619284,1.0735770177964448,-1.0062908484028583,-8.472597775423903,-4.235634558199533,-4.82203042139508,-3.7293498554109115,-4.876381982510327,-3.4744282493048186,1.9033792044055884,1.9999192375118018,1.5797477990769642,1.5594908129380711,1.2880779283142674,1.7667560047631,0.8768191739766769,-1.0807970568054228,4.123721577222819,1.4754003841139223,2.0067084180849544,2.0067084180849544,1.6350937623484811,1.3823390858353801,1.2478642586755322,1.6547958758179195,1.534173441608854,-1.183644614506171,1.5258633023011894,1.5861107873926656,1.1909626410025402,2.6367291262496604,1.4907619995176662,2.5583599005703443,1.2478642586755322,1.3223941348685346,1.4957602779905097,1.2689558937496108,-1.534566745339409,-1.7120789472598295,1.2686158931094837,0.6002983018223635,1.041553705314406,1.2831561791012485,1.4754003841139223,-0.043323070504179835,2.0193951245693964,1.84425202987899,1.2831561791012485,1.7522803966709821,-0.0965400331062134
131,SAM73b653ae20d1,1.277694375101176,8.947841026197326,0.5769346376077071,3.145861014153653,-1.4304308907092522,3.059732080775287,2.0097044695513193,3.0632043755203933,2.852865518508553,0.238281116801265,1.437588415798068,-0.5742084476140683,7.40776650683312,4.734330649806751,4.511432237745591,5.376838830758129,5.045953820658183,3.8038818943489825,1.1396936037235033,-1.7831878815247992,1.2785376710764547,2.509805952237215,1.6700424530067879,0.9245496621802232,2.8588046776081404,0.7906675193480875,0.45832282354582066,1.6387749581706734,3.145861014153653,3.145861014153653,3.144234689844469,3.334167410272846,1.2519721800500452,1.1997172170399317,1.2045001592301594,0.9694259889800771,0.26111477852543885,0.8669751487630131,0.47219616330092784,1.0709655393655042,0.8321464414094927,1.4360208949187485,1.2519721800500452,0.15786351525341263,2.6791226850984917,-1.4327322630627621,1.6972691228785632,2.1092861027035443,2.412846685923973,0.5503096645477167,0.715987378369581,-0.3065560076797244,1.6387749581706734,1.2152289235244838,1.667640827335754,0.3727728577128816,-0.3065560076797244,2.145613338394052,2.9228814852483023
132,SAMdcae54fcd7fa,-0.7411043472114557,-3.525357907975071,-0.9600000861395479,0.6992121367226877,1.4082494860434487,2.1355758091058648,-0.7680631541222362,0.1966624838204322,1.3025759887560964,1.4457709492452502,-0.5855043009605522,-2.064940999569945,-4.2410806893132085,-1.7645734972601552,-0.8474110007536102,-2.7855707759616117,-2.3081437793866835,-1.4929079756232098,-1.4915181093515055,1.9458125613127872,0.40289259588749915,0.5342996713317066,-0.2897456324044357,-2.0815591287935167,0.7213489225687298,-1.2072208388614947,1.6038809684902193,0.5423860497430499,0.6992121367226877,0.6992121367226877,0.37485940094277426,0.8577167838577535,-0.25766393286735406,0.3167570083297001,-1.598200603000991,-1.5882314523448064,0.5280963743526584,1.458982151348867,-1.5379536846422965,-1.2690401718468394,-1.4674335341858877,-0.9624290778839556,-0.25766393286735406,-0.11580098451348174,0.41423140788227114,0.8850790721496605,-0.2753103600233815,-0.8507268350508824,-0.39692630449268534,0.5624566268931893,0.6955119597863565,-0.7152421836639945,0.5423860497430499,0.40933352272514145,0.4084262211498318,0.9469553153514357,-0.7152421836639945,-0.9754059041280875,-3.4373306706642928
133,SAMdad5c29dc105,-0.6162749915074486,6.745738125710484,-0.6608300342598941,-1.2980956550405833,2.093399048210769,-1.1248697025793737,0.8872158719300756,-1.1692747548672153,-0.6038809823607261,-1.2224296524652198,0.07856712141967676,1.5143505143464848,5.461692218470375,1.9880153997081347,3.535487984622257,2.6939492207434927,2.584241386278941,1.4558687798966305,0.1440111899484379,-0.10629327373930504,-1.2609677332585707,-1.2625383906079943,-0.369749293629827,0.609480148257087,-0.7110501886615279,0.5095441630451147,-1.5407954146857936,-1.029108303080387,-1.2980956550405833,-1.2980956550405833,-0.589855567212525,-0.655802364696595,-0.8537353657009052,-1.3286444617923467,0.0647261064225647,0.24938844666816493,-1.3235580391555573,0.2262513953196065,-0.9693883546227132,-0.5367800217781787,0.941561401216718,0.23868656552555445,-0.8537353657009052,-0.8924202463049176,-0.4132450116361693,-0.05514054744189353,0.8851783221195325,1.0588803200948664,-1.0115744087727894,-0.4261480362180764,-0.9968763508699213,-0.5380695732889159,-1.029108303080387,-0.18638171988231786,-1.4937775399259594,-1.1079746131564325,-0.5380695732889159,0.2843928035440181,0.25030446368774295
134,SAMa424c75831b4,2.0524612902921593,6.577585289089185,1.5352257537038942,0.38244761881172784,0.6718169841280034,-0.9350852379364049,0.6458007055820119,-0.12202219809580261,-0.6002889637119603,-0.62545084769866,-1.0001053850939015,1.0361545463950812,5.769887630938561,3.0043674269124807,3.960453571557506,2.6637393583656044,3.9692462895621787,2.074920184855961,2.073883179384418,-0.05645045431514794,1.5225996169732596,0.480188036549363,1.0892042451244306,1.270809821870104,-0.5147284823585508,0.03258275930434596,1.0631381910127724,1.2152092177920168,0.38244761881172784,0.38244761881172784,0.953019668058596,0.06867441063110392,1.3905491695012635,-0.03323911646759352,2.0133001212383745,1.620870952480229,0.9825186282304088,-0.042943873022519244,2.0997631944991784,1.1762818945964062,0.9043142535146987,0.6246333098254446,1.3905491695012635,1.3705362435021993,-1.481329193193474,-0.16277316753796303,1.9837281764497796,1.9434806580325024,-1.1579836603772353,0.9790786406164365,0.7926520802787683,0.35138382329117324,1.2152092177920168,-1.4476392609534492,1.4128042622130772,0.2221529757950475,0.35138382329117324,0.6327089143067668,2.130333633699566
135,SAM28687037e4ff,4.443943245067506,1.273724066987463,2.724495098936778,3.1723672855286478,-1.376352394363506,3.2675943526441746,0.2695416223116969,2.1267535062484644,2.229495625162712,1.5316361487785115,-0.02144732551347332,0.32876542100577955,2.78534574689854,0.220886491086348,0.7146789897894442,0.031500066519864436,0.9837122083771699,0.3054517434610914,3.901198576808113,1.7944598860314898,3.3582516436349352,2.718878753092639,3.0100726787186884,2.8439545922855887,1.4867799368244003,-0.7673689406223043,5.739182606947981,3.1716023372999467,3.1723672855286478,3.1723672855286478,3.4793328470618574,2.3879712239172073,2.8710455695298043,2.038892598483537,3.7972292524717575,1.2373398481631759,2.4106431744271597,1.5194737578633937,3.360165933993852,3.893008311932898,2.471814810781329,3.4627337793491653,2.8710455695298043,2.224545514096228,1.8781176915694278,0.4247212258860658,0.7476164723014269,0.7372823977877101,0.4807612056310975,1.4791979342222283,1.7762362603280386,1.6155253534382965,3.1716023372999467,2.5605338253273238,3.69423574789786,2.147660686573577,1.6155253534382965,2.6556847764841036,2.1067386907766235
136,SAMe50d15fde368,-4.2438424907838295,4.715022122400054,-2.4189510259676066,-4.062759029978461,-4.046961425817651,-4.588688124723636,2.6702078656981123,-3.78083164008333,-3.27271584955086,-3.318584223391123,0.860207759401196,1.4838807853994986,3.1805175732524313,2.563404700040234,3.034947137402443,2.964525420051425,3.4730200173389245,2.0389720835024,-3.7196908898018464,-3.583212650445154,-3.702231087348121,-3.1491454028469215,-2.5630274679238254,-1.9095891809052985,-2.0777914014029673,1.428161770516258,-7.756367445777407,-3.3773013353530614,-4.062759029978461,-4.062759029978461,-4.291344022250961,-2.9913282556685443,-3.08203999843554,-3.102496472900899,-3.3125006866744795,0.8377152400153585,-3.247192876586838,-2.1411361764185197,-2.9855664416813887,-3.860985611544525,-1.6798011537610502,-2.8047290589685505,-3.08203999843554,-2.728169901434707,-1.1636158478675707,0.5953070586695286,1.4812466003370364,0.8991919849190187,-0.38719704919024345,-1.6246637559940293,-2.504074893470377,-1.376709538327399,-3.3773013353530614,-0.4469448787272594,-4.616013915437849,-3.3156219316427684,-1.376709538327399,-2.199709185920504,-0.13647823935669257
137,SAM45c8e6412c66,3.9045911951488006,7.453126622119801,3.2524999878767145,3.0731776637771313,2.9345638652643844,-0.3109572306996656,1.95026766556114,0.7291669137580417,1.0713583494569756,-0.19063637305736109,0.028178873614327814,-0.4544895799577313,8.61674655441433,5.439775010786976,4.591795014632216,4.616910297784618,6.019826480767576,3.3634104904704576,4.103496766753025,-1.4665947903554724,2.5409496811162553,2.45211668844008,2.7089169872387204,2.70973011655033,1.7243441308120941,-1.0384124044740648,5.077488896520845,2.205853663320997,3.0731776637771313,3.0731776637771313,3.3959322950350916,2.3611438792060127,2.547428014179038,2.09229512922091,3.969163526217402,1.9572669433746563,1.382240173897758,-1.063506621233217,3.809150616550903,3.8645860108658012,2.1860705262317355,2.161053674840711,2.547428014179038,2.181958165646215,-0.3030240769162497,0.24322656050058716,3.27074021072175,3.4665168420232733,0.5390904679462937,0.8531899174261223,2.0474524938632874,0.6495230780648779,2.205853663320997,2.7481404124751885,3.32031423516593,1.5150675983222017,0.6495230780648779,2.8317947080753902,5.570091557108498
138,SAM8533e5e261d6,-4.028864352885791,-4.505819028695642,-1.7602122564171916,-4.436357113890686,-1.2196552273598222,-3.143061320042612,-0.2288279410397801,-2.467667516039272,-2.7460501593616953,-2.7637946788575096,1.4895944584034326,2.311814577461435,-6.3970745832048825,-1.5177714435006286,-2.710905438712054,-1.006175737001505,-2.559444819053239,0.05487981545845159,-3.4794796351408164,-2.115074708300556,-3.0040555511801372,-3.138728335385094,-2.6020087731353607,-2.2079382684880997,-2.8139334177037494,2.0917256798405885,-8.157311954663113,-2.6242348389418506,-4.436357113890686,-4.436357113890686,-4.349389519376255,-4.043849999493122,-2.723958937716129,-3.9575201434728235,-3.4743127745948463,-0.8801569689963458,-2.4583497525592994,-1.9835508326157312,-2.754967815941308,-4.244632232252937,-1.530961643603914,-3.1990051960083217,-2.723958937716129,-4.195639321755198,-1.2591590679553568,0.24114458400680785,0.5621040266470408,0.24294591334866716,-0.699939865497094,-1.5439354987560325,-2.7915070629605103,-1.4643789098424453,-2.6242348389418506,-1.7081865984059053,-4.851003716843545,-2.6924180977163017,-1.4643789098424453,-1.683264555205125,-1.3644049268402605
139,SAMaaf505c36f93,-1.4128340463485274,0.415649525984239,-1.968489120796192,-1.3204681321199585,-1.7427777500752442,0.08634259917777078,1.4628354458690518,-1.0963771470650348,-0.13943403794289674,-0.27618758772561597,1.3645172018229905,1.6262133116342599,-0.7706813676346614,-0.7352120696941296,0.010445722946198839,-0.9867771130580946,-0.05404698425613919,-0.010056460333603497,-0.965266428143903,0.12648615354114065,-1.2623907900801847,-1.3569469589838128,-1.046577263189245,-0.605469444956965,-0.8797634783979458,1.3582761005957762,-1.1653681162985476,-0.998966211468153,-1.3204681321199585,-1.3204681321199585,-1.4489400488130615,-0.9250378337669535,-0.8432790715088484,-0.8565640595392268,-1.223419726141884,-0.52693363258559,-1.1225206482471952,0.35724149197148186,-2.1076969173367877,-1.579266418117213,-0.383288798916799,-0.6341132020087562,-0.8432790715088484,-0.9380214219284352,-0.6330287807806636,0.5697125371155738,-0.7649935384896965,-0.6398010037056596,0.14510476944799197,-0.6799404956280576,-1.1491877784602935,0.10115634517063363,-0.998966211468153,-0.7718096774363149,-1.374817234573464,-0.8202395752644429,0.10115634517063363,-0.25103412951529847,-1.0917525816850435
140,SAM73663ee4a96e,1.4098230023047884,-2.4386675699715066,1.1601891742139745,1.6286899369466468,-1.1129736039510574,0.44485817669576316,-1.4689932502898297,-0.9414306501904273,0.013523467063514608,-0.818794892518996,-0.060892027328430895,1.1778642076978942,-3.5446659314177964,-2.104119388089765,-1.1971246489289291,-1.3880936418193022,-1.5644280378968294,0.05394012075709182,1.8011060481910632,-0.45299431532372697,0.6964047521961257,1.3750635350118492,1.5212127134394755,1.2819672374541198,0.2219938721510273,0.6457768929248335,2.998387849744834,0.6919125833396698,1.6286899369466468,1.6286899369466468,1.2877433211424638,0.950101461110507,1.017558692479877,1.1397209183483163,1.616589761787967,-1.1019817896800355,0.04822298384129138,-0.028840261329835384,1.2324100406852063,0.9438805771194756,1.1232990237591751,0.989477164708708,1.017558692479877,1.006849451707887,-0.7358433380267714,-1.0027404344480064,-0.31569834713340456,-0.3374715472381719,-0.6022649326790057,0.9217061473210275,1.2521369738364698,1.4082291660519302,0.6919125833396698,-1.0186902335865846,1.8445555439847168,0.39112236043678555,1.4082291660519302,1.0855890382310556,2.25410036351479
141,SAM0bdb3428bd13,-1.6499657659968772,-7.209236123697203,-1.2251557322385698,-0.7252026407406643,-0.25837889189906366,3.359912682508604,-2.173224339455078,1.0838299411069976,3.139790425638432,1.5546337719819878,0.22478681914354193,-0.9671397610912061,-7.91570773425566,-3.961323775149186,-4.032423706390729,-3.859731392075572,-4.373411491703118,-3.3245614673286346,-1.585606819782171,1.2144904686297187,-0.5209434910707391,-0.9070559942921548,-1.415064189514817,-1.5641309417851137,-0.18392258619256158,-0.34861147045145635,-1.3668477362803868,-0.511781742039711,-0.7252026407406643,-0.7252026407406643,-0.9309881817721909,-0.7459370113022853,-1.4289513585741953,0.07640763512668748,-1.9481148515078517,-1.9344170054135363,0.3652028336401571,0.532281806861187,-1.637834255072068,-0.5121073925018224,-1.0155747802689903,0.05635691523265437,-1.4289513585741953,-1.1147673951083883,1.420285869592488,2.607952909899898,-1.060575209630539,-1.2764682132580334,1.2606885248152866,-0.9439229869156813,-0.6929559627016088,-0.313727385931379,-0.511781742039711,0.0719700226538477,-1.3547867858316238,-0.3914624605374405,-0.313727385931379,-0.45402787489616536,-2.80009728841189
142,SAM3330c03fdf00,3.7024386039297874,-3.3774887078234004,1.3087639727522233,2.9826621212490347,0.15520056118558054,-1.607758400438679,-0.8985368212801625,3.3523133838228167,-1.4461376893220204,1.9504731236321007,-0.9276701302166331,-3.371024075923127,-4.989449262569157,-1.1916768523573245,-1.7143363620777337,-2.644351114301821,-1.7317318344757682,-1.804325679287959,2.7449383432026577,-1.12751977634216,3.057561206040383,2.2672216418694426,1.8873788124630966,1.557275626312554,1.8494785922862174,-3.0471330608240685,6.151731300411827,2.6724146174438084,2.9826621212490347,2.9826621212490347,2.952069963212082,2.560184333469442,2.4847261723949265,1.6381510116189053,2.6657664004040695,-0.3207411268523106,2.1948327759880586,-1.6644775213540652,2.1185957603672843,4.089116115553551,1.2600955817447983,1.5314979979739076,2.4847261723949265,2.643095359162679,0.19920601541117505,-0.1678962682948362,-1.294221306861509,-1.5374980622305991,0.46827411479028136,1.862424620663976,1.875503790831568,1.1826364081015632,2.6724146174438084,2.2886333830283316,3.4558405677014106,2.7675454375842055,1.1826364081015632,1.1970694049850654,3.8724581195448176
143,SAM0a7c2091dd56,0.4051216344197173,0.1166557755801555,0.3752564370371633,0.8390935047658641,-2.219146430252324,2.909980710455931,0.16771914325348164,2.9184596853499443,3.0833887482984297,0.731611614488945,1.436291364452814,0.4647120516368194,1.8494832791365972,-1.0653758370505093,-0.8244716388834067,0.40215227561473504,0.06184800211918734,0.7804533723089224,0.7634621006363801,0.4903743332789718,-0.16490277933492506,0.5895000605050088,0.39433484183574935,0.8306848730704509,0.9291703911202219,0.697883060544315,1.058149746095805,-0.18380552449611084,0.8390935047658641,0.8390935047658641,1.1621276968810168,0.9501075853174217,-0.20663988316171591,0.1450026700648473,0.768627790557361,-0.026493535627107087,-0.10946399856362872,0.9933027452732912,0.19434321829974005,1.5941319792917004,1.1732209866475811,1.2813594313873375,-0.20663988316171591,-0.1001181915338602,1.5576617025369945,-0.5083935936972429,0.09486877141162843,0.8664882642191004,2.6233526688424087,0.2598562357920084,-0.044156432718278134,-0.13667635467158362,-0.18380552449611084,1.0203805630230407,-0.03141308583804433,0.011136823242671158,-0.13667635467158362,2.1059905232534395,0.2730877673574083
144,SAM7bff231634e9,3.113581944107352,11.607851178547469,2.071760071023483,2.2938957723232116,-0.5117782940708521,-2.8740196501269684,-0.15536325133837162,-3.110165280193198,-1.8899042272585027,-3.4138285643880577,0.07089780227668842,0.5340103614947647,10.923542320362527,4.391313921574087,4.37667394737717,6.327335561739101,5.263008731268006,4.931751624150982,3.367582656061782,-2.007569894768215,1.701729499832032,1.7773330373278577,2.3886837375247274,2.8317580027806226,2.1945702892688588,0.4313673774452079,1.949917552203411,1.4535068447293409,2.2938957723232116,2.2938957723232116,2.9685905012730083,2.2154783877165833,1.7984644969331927,1.059515925794172,3.408339968121379,1.5348735474668247,0.2464148311355117,0.0510959743865637,2.68776197181493,1.8483681416351556,2.4127560509517396,0.867624937722524,1.7984644969331927,1.306701468502333,-1.0727990508305467,-1.6054225118031804,2.2862188523497706,2.583600938056385,0.3096829560094062,0.5356620141759876,1.3527248174913407,0.04547791262574955,1.4535068447293409,3.9261771913169206,1.9639301537705953,0.11605046724175284,0.04547791262574955,1.839534962125222,5.375152550829997
145,SAM5d1dfd5207f5,-5.056419481077304,-1.8823268088092173,-1.585288940633783,-6.020930219402457,-1.4000724308572843,-3.3969339264754588,-0.6110629683756117,-1.8982021338594561,-2.476364047015315,-2.5941628693131236,0.8552074606297552,1.6675468615059095,-1.1303523462273493,-1.571418695504178,-2.205128571265025,-1.3919657254434197,-1.9628893761453894,-0.5507038374894232,-4.483048317724924,-2.034615259750907,-3.479502217793378,-4.760450477915419,-3.277115976357079,-3.0901366192568127,-2.4743562323748085,1.4556592439855047,-9.734455672061625,-3.3050981204702765,-6.020930219402457,-6.020930219402457,-4.777996358463211,-4.7465502354372635,-3.579713663394401,-4.246227707639674,-4.294650970856192,0.014638404791434538,-2.3659846483696803,-1.514770311657138,-2.577505376408754,-4.348216278206605,-2.5291250723723513,-3.5080152242527154,-3.579713663394401,-3.9472590302451125,-0.26891444415786736,0.31415330460334934,-0.7360084757064242,-0.5879965409710509,-0.06849374279521904,-2.8248979652949586,-3.0411511876774746,-2.454306038606346,-3.3050981204702765,-2.601065298041947,-6.2251459172793115,-3.1173515151756375,-2.454306038606346,-2.956126202265992,-2.448433057974017
146,SAMeb587a68006b,-0.9409534485423806,-4.085409143705393,-0.9785328232411191,-0.15676469349423988,-1.2319221673354075,4.323342324897026,-0.1410038267775375,2.410907832021802,2.6235606706331422,3.028503267864329,0.46565319067236294,-0.5720336059185567,-3.6824879598667906,-2.6892776536730496,-3.815253535238905,-2.906508604839359,-4.503108068869213,-3.0171364306437463,-0.919974072861626,3.584114511608568,-0.4317096874919538,-0.38958887045126606,-0.4070964478582504,-0.7957807398563158,-0.31218517599212625,-1.0789816001725798,-0.23797960775323815,-0.4462377072056033,-0.15676469349423988,-0.15676469349423988,-0.5891618650526294,0.08906180868442805,-1.1119909590244526,-0.07988924620606452,-1.1051489136811192,-0.9169999649842036,0.6192321950337941,2.3015579993435673,-1.4560156606525207,0.28541898852292763,0.10006519690975921,0.42777109544407665,-1.1119909590244526,-0.896213543263536,1.5595607547031813,-0.029661909052766763,-3.503485145851091,-3.7138181905069105,0.618111194091855,0.0026686805198995666,-0.430945122068182,-0.5923999490422736,-0.4462377072056033,0.02510118013747647,-0.7180327735878969,0.17883689830079444,-0.5923999490422736,0.3920069476595636,-4.504088584470194
147,SAM99a46b9eec27,0.8688748230693187,-6.823334149610453,0.5018376000586157,1.4065676394169637,-1.0565122801813072,2.245329352785541,-1.7273643488320896,1.3015588458525202,0.9747518590940786,1.045069153903844,0.023081809445097204,-0.3747944427042233,-8.515735958945802,-3.6110172818937367,-3.646675794541512,-3.5162083320984663,-4.8882982419564955,-2.626443068222921,0.9630141419848081,1.0492224165458313,1.211548275119099,1.0456309495800031,0.6138301926864284,-0.2341414674248325,0.8321277912665997,-1.0389049099475915,2.493650776544865,0.860035831748089,1.4065676394169637,1.4065676394169637,1.2757409427245299,1.1901788017030777,0.07359755217411199,0.8508373750311214,0.6327863225229154,-1.0578368821198203,0.9733518329872215,0.6246806048118168,0.4844420799099419,1.260901343373441,0.22186057373499768,1.1007234793461012,0.07359755217411199,0.8883159188376631,2.313229015520783,1.3224045356067777,-1.472402162242701,-2.116606150625455,0.7128264913304405,0.8686052879869729,0.6042176499483101,0.10840825990644974,0.860035831748089,0.7309419323033512,0.9667004447080811,0.8969462221732496,0.10840825990644974,0.5498827152907411,-0.0862082745610232
148,SAM1ac4e3dee297,-4.953712576820398,-2.5377653198581935,-1.8026674506767357,-4.784842542209324,-0.8225573624629755,-3.7219582599676184,0.6350519341000816,-3.396729934880715,-3.4616741537334432,-3.579142850713182,1.2856077025376955,2.226233504648179,-1.4886337722337168,-2.6301194763503877,-2.7238838109805297,-1.413149884652883,-2.7914060019264118,-0.7174321598685673,-4.335934687954661,-1.8602648507422284,-3.57849863220705,-4.075355183692232,-3.352354626339409,-3.078911579661434,-2.1277785299266787,2.2410811919574622,-7.370242403173191,-3.334744203513401,-4.784842542209324,-4.784842542209324,-3.5688629680115587,-3.3024929159366923,-2.9911141990770167,-3.0973393324519245,-4.213759919048964,-0.626000727943373,-2.6767759610858453,-1.6569536875555713,-2.6177679441368222,-4.644458718043218,-2.853301898840436,-3.5767816359831652,-2.9911141990770167,-2.975377105806099,-0.3967650398403333,-0.18675846693861872,-0.8762048723560424,-1.087768528030139,0.275039319434892,-2.461425953101314,-3.412086497171851,-1.299123236376955,-3.334744203513401,-1.8900982529338075,-5.085134949190274,-2.875700865710769,-1.299123236376955,-3.3224606187001964,-2.4756698372124326
149,SAM553c3c35b847,4.807650933080838,-6.090529845408762,1.6610066480391665,4.859273169183856,-1.2947257105939,2.7325361297158777,-0.6451805747993037,3.357072225008798,1.1547817116380326,2.2303016742228734,0.7057979749931418,-1.4911721928049204,-5.663023081767041,-2.847720200560931,-2.5754160752773516,-3.1503109201070814,-3.34658668941517,-2.9294366532887803,3.5435522309372582,0.31453102105977104,4.072483757970314,4.3659387704648065,3.521350607024429,2.39212962979267,2.4844513089233824,-0.865528049954354,7.782084007018119,3.4564657215552606,4.859273169183856,4.859273169183856,3.5360640650923325,3.1806605068523304,3.4833318819396886,3.8889596229770307,3.7034060598553604,-0.7110998862329206,2.877149936705671,0.19449553238858297,3.228599321926412,4.372041654097184,1.4463040004281766,2.663025914903845,3.4833318819396886,3.816158753693079,1.4229765061684152,1.4617956935999163,-1.1155703245376156,-1.503650256731813,1.6846194370948506,2.2394497405997695,3.2863295308315115,2.653625283858458,3.4564657215552606,1.0149167251445435,5.555580030837862,2.852699015308335,2.653625283858458,2.1167121128268604,3.2290212098774873
150,SAM3e04eb914f3d,3.137733664359729,-3.1124489883947914,0.46503448082435245,1.6540788465251013,-0.8109996046547422,1.421667906498948,-1.1574120185983134,1.153259794463743,1.1653292146452563,0.9633636709304966,-1.3092237261219652,0.9796565590952596,-2.830944651266707,-1.8710793330776723,-2.152699493555849,-1.6327028953030283,-2.40928434521584,-1.1133962169685137,2.529226892029617,0.8351293590049708,2.225324524391602,1.2119382576239413,1.4887269100808227,1.952799151634801,0.9303541325853947,-0.260835844025769,4.9998273685852235,1.9374225075475593,1.6540788465251013,1.6540788465251013,1.2661241598814539,1.2427391108800114,1.6229885850361305,1.2227574423025376,2.250997951392998,-1.5531008011963736,1.42418722307487,0.30868930782461124,1.2902752938135984,2.3862790555881306,1.675797967744744,2.3835120879396614,1.6229885850361305,1.5814193488728212,1.013433725185993,-0.5240406752251271,-1.6167320061439054,-1.6520085946225196,1.1131216178504304,0.7448003513693364,1.2062343849503323,0.7974143375945262,1.9374225075475593,0.49161253579988234,2.083495304837786,1.6636099842844043,0.7974143375945262,1.6215792746688256,1.694097533024646
151,SAMc2a1820d4e6b,3.037491656254956,-6.830766820389281,0.739807555800532,1.978159103242835,-1.7844909420901969,2.248452304173669,-1.0348474568871056,1.5163283849295974,0.8688574251994362,1.3444444732139504,-0.6055823608468462,0.658607514253881,-7.13750794459327,-2.768739428766005,-3.2025576310752983,-3.288676174169757,-3.1401098191608505,-2.0502620560032248,2.5799960830497506,3.1938294647316074,1.9258427757474026,1.722045162057491,1.6559010091108792,2.0311370773090203,0.7499595115572835,-0.876251283700563,3.6296205340043084,1.5285535008321176,1.978159103242835,1.978159103242835,1.3024527211273762,1.341294090623344,1.7313910296481334,1.4582609324324722,2.335441222444393,-1.4887434712940653,1.6155600265980465,2.0174110894219983,1.6588664591140034,3.01487712421851,1.6941548911126403,2.699322449803022,1.7313910296481334,2.473045293767834,0.39166908553894747,0.6063189118444577,-1.4661365656100551,-1.5549942693266532,0.42846951651479975,1.6780490089952502,1.719405272232948,1.4175763084245214,1.5285535008321176,0.4069646343016595,2.7796639984213,1.734823111811947,1.4175763084245214,1.305115160471875,-0.6138333816818569
152,SAM822b226466a1,-4.014248391678334,-3.63628680798348,-1.9067944819774525,-4.104504037332768,0.043157953875783105,-3.460384979023408,-0.36773766457084095,-1.9847573382078334,-2.1897983696193952,-2.5206506767279193,-0.10084984018312432,2.124531524214326,-4.355817624526232,-2.7100920159335726,-2.5020806259910318,-2.5069837827657384,-3.1209355363639992,-1.1569522290349075,-3.857248601401603,-0.6327508915910562,-2.9903842962660767,-3.3089126148303154,-3.2386867786351203,-2.5278755344329324,-1.8376835807215774,1.4653884518535656,-7.12374241617613,-2.708870877354846,-4.104504037332768,-4.104504037332768,-3.3674174683307077,-2.9537464217670064,-2.3810781442733964,-3.2362812845764393,-3.658116606567312,-0.8707731716407683,-2.2426827869416464,-0.4623458430161445,-2.4091788384013406,-3.775211784197705,-2.5082935783417444,-3.103432991694157,-2.3810781442733964,-2.7711333533431484,-0.4601118158322114,0.6975310616698145,-0.22411942021601342,-0.03927021649705696,-0.811553130306125,-2.0221641512131434,-2.7973804245793543,-2.1783030495181603,-2.708870877354846,-1.8717332604307102,-4.493484029312234,-2.337563159402568,-2.1783030495181603,-3.0566844227006387,-3.2244977098105467
153,SAMabc151b01ea3,-2.034072001145503,-1.3817229255451295,-0.3475070260122562,-1.8717147644970404,0.9277031743668088,-1.1320855327631965,0.5557085863047093,-1.6369519734780715,-0.22692107316042992,-0.5772929354069642,-0.7476452481003423,-2.529277975523707,-0.30797267348423907,-0.0654872455640744,0.41782782277846703,0.4130085398982176,-0.4243779936079778,-0.5991098003443592,-1.8837895726577156,-1.4065915322259823,-1.3126105087829372,-1.9154796317286469,-1.8118487749373948,-1.4730761844151408,-0.77024844623851,-1.0504352535370767,-3.242409284185954,-1.4466144842489028,-1.8717147644970404,-1.8717147644970404,-1.4029629325900361,-1.6579219588041865,-1.613508170250918,-0.06301988351605364,-1.957170397656201,-0.399529940621837,-0.6280087841239758,-1.9617194456399374,-0.5135609212347588,-0.9323376656379838,-1.5166933712882955,-1.5303434877094841,-1.613508170250918,-1.231501132697957,-0.6818063916267162,0.20544892924036087,1.084166349421753,1.8347042654156605,-0.30229530037475666,-2.455235272068692,-1.2983439040867735,0.5960898455691267,-1.4466144842489028,0.8333918834548019,-2.294364812067366,-0.7866370432428472,0.5960898455691267,-1.3732126511726943,-0.4771980404317333
154,SAMe1eb5d988760,2.812769350570489,1.2723294710000699,1.077391840234455,2.2851185901000277,-1.633788201852623,2.9664266359644613,1.0027877062969963,1.4846192742206892,1.5725410072113595,1.6911428444452397,0.20493560505648792,-0.8021168329752616,0.8235971612972905,-0.35563552982057595,0.4612092262782505,-0.9090404279841237,-0.14769562219452753,-0.5188335864902497,2.8992496175232736,3.048275013464724,1.8463521442064161,1.9423568760096799,2.1019617477426404,2.0374442746204697,0.8931122092875595,-0.7342760404234382,4.481925760570461,1.6356522140131917,2.2851185901000277,2.2851185901000277,2.226135592039664,1.7018141693917275,1.9063932391559184,1.5271994429871085,2.7969368802262564,0.6941740153559266,1.6198964819620363,2.149300661719017,1.7471596928918085,2.746270826238945,1.7337969157797397,2.6082212781602463,1.9063932391559184,1.9788530401361226,1.3821267456097168,0.99441200378305,-0.7225933978517691,-0.7592667313157345,0.09924848814891643,1.3633512540001036,1.3899378238565319,0.7264569561446884,1.6356522140131917,-0.5295762086710307,2.7857770306294998,1.3900513988311796,0.7264569561446884,1.671437108892698,-0.14902539594145026
155,SAMe3210d3632b4,2.2925947501389947,3.4920045004772726,1.735842138865132,2.6408533875755897,1.4046913657906095,3.3092817734288853,1.0595202579172154,2.183696283778165,2.858112427507548,1.195303950008037,1.150260787887091,0.4646715378977235,5.940044625218834,4.386439724350811,2.1175527089829496,4.095637765992115,5.1821369729638285,2.9211442060480945,2.5785180523780418,2.1434014944026734,1.5496443876682526,2.280367014524981,2.0574537768762693,1.8909065666411904,1.4339131035673163,0.3423378929401713,2.7049447618145024,1.4876094412697307,2.6408533875755897,2.6408533875755897,2.315254962216882,1.8038738807683852,1.4240719605836019,2.1209118749378026,2.2574794279987196,1.2264615162031864,1.023774512941324,1.1681807744040558,1.971617478200736,2.4789672454983913,1.6943971182455722,1.712111189688979,1.4240719605836019,1.4302034468412836,0.7881466000555778,-0.40691991490451496,2.138359490400564,1.8803288970605063,2.1671927793417516,0.9871447769225521,1.5162845635969808,1.0524651857198437,1.4876094412697307,3.047340269900017,2.5747595586095935,0.9962733659362859,1.0524651857198437,2.114905973676529,0.4351165579753684
156,SAMb15ad09d6e24,4.452447993278752,0.5419128852633054,1.434511463652583,4.1046563524292345,0.3416616181064381,1.9910362527686318,0.4139733711464208,1.3472625235129607,1.8291914446149025,1.8613044116334472,-1.0836318707158927,-1.1479688885672883,1.2995533865521829,1.8576186897792577,1.65623775713052,0.5215290799510801,0.8047767784195538,0.422521308903804,3.8443665233683886,1.4664972199841488,3.5519072601406174,3.431028552889599,2.6037079026616348,2.4223863445962945,2.187788877507836,-1.2310745988766263,6.581163813614451,2.9388745086212475,4.1046563524292345,4.1046563524292345,3.497920346453355,3.2122574042295704,2.7027188252683345,2.6179909403323283,3.527756484925371,0.9071626388689396,2.5728363904953637,0.8624921976282673,2.7068622689728867,3.947142263671087,1.9178398784148307,2.933732130661757,2.7027188252683345,3.3775427213353084,0.5354551262959748,-0.8309192641351966,0.06083338273947589,0.04776141328354948,1.1213261026211014,2.234894183992331,2.5163940037225396,1.260202472712361,2.9388745086212475,1.3743788041757246,4.342010382880263,2.444775386283672,1.260202472712361,2.134922890792939,2.37786930338424
157,SAM7893196e0e89,-2.2391215845174393,8.501913512052164,-1.3866175582746694,-1.0522341354163172,-0.9278204039329447,-0.5053612152680264,0.7486383032585415,-0.25925003314478823,-0.10811547764993587,0.032994444689060806,-1.0295295924155716,2.0505017369294136,5.852613499871332,3.593953636593525,4.259456949257947,4.140828759776945,4.433620094562623,3.103158425290744,-1.897940771055668,0.9556317044700714,-1.764451484212354,-0.6059276191841682,-0.8088505687327692,-1.0533530268390805,-1.2709058723090156,0.21697446695310338,-3.53717093553252,-1.4059841626392664,-1.0522341354163172,-1.0522341354163172,-1.6561255733715816,-1.205824527452623,-1.3416178465721194,-1.10083372971997,-1.9126753772957301,1.3001037954020689,-0.9882500289362811,0.7953470781937055,-1.814442313283566,-1.709985045850089,-0.8189770224536992,-1.2157201797027446,-1.3416178465721194,-1.9859716743620377,-1.2019292897291118,-1.7908788472773052,0.9798971335197272,0.7682287122500592,-1.1848043154520955,-0.5571133717924924,-0.7465127136432937,-0.6351192381691418,-1.4059841626392664,0.49272176607528695,-1.7066907738693313,-1.413299632602743,-0.6351192381691418,-0.8394241182677373,-2.8535724755257394
158,SAM3f446449bf81,1.3706692507359262,2.7937434646046615,3.205735378565087,0.90915842138923,-0.4955248597218096,-0.13041687763263374,0.6066781142752375,0.48365128884913305,-0.5683138835187107,0.6125966523794877,-1.0418342551873478,1.1304140052463647,2.289315222277259,2.0465890530044595,2.071643094378915,0.9923738484454508,1.8117651448001777,2.846731806375281,2.112599749044801,1.7554462263794888,0.5768192594860535,0.843924368201028,0.9004780438183271,1.3355062414453451,0.27673856232829275,0.09749398378774,1.7265743753044553,0.42238501392716293,0.90915842138923,0.90915842138923,1.87974826976472,0.8587105723656534,0.852927083794112,0.43890581198249107,2.1517163494998783,1.0677697618411597,0.8189362889410842,1.1355423165887006,2.959565172696665,1.6758633694882636,1.2684001911651674,0.7528894973429303,0.852927083794112,1.3244923349254543,-1.3103832667394648,-0.9004552183253637,1.8126309343973077,1.7622411415017547,-1.967813445470482,0.7726762880498333,0.7269682603019254,-0.2815493255289797,0.42238501392716293,-0.010702036504994438,1.2980368311236408,0.19561007870753874,-0.2815493255289797,0.4648221698521965,0.3571535226653124
159,SAM961d04c42bd9,-0.37163044631732295,0.9442525155982676,-0.8067357861503583,-0.17722835474160717,-0.6795829298207784,-0.27574662561753005,1.8446921594619,-0.8538689802200117,0.0811471979090533,0.020870022655463758,0.7407096956804315,0.7867459299837181,0.3203914459493602,0.7698173555852176,0.9387196380042002,0.5705669339333341,1.1740911226794672,1.4784843156527672,-0.7944295836435932,0.9675240592025574,0.14368369645202067,-0.04452357533668814,0.2195503174751788,-0.8053975553917103,-0.7838153181653965,0.4954924368652333,-0.805202389703128,0.10499571591858582,-0.17722835474160717,-0.17722835474160717,-0.7262502213328698,-0.5263305503620451,0.16543453760644486,0.17096803784092446,-0.5975109194776537,0.3269065592428051,-0.18264334420392955,0.35054742624180174,-0.7146116560595954,-1.0415126978737272,-0.743359267247686,-0.9010654510215244,0.16543453760644486,0.07219148880089889,-0.6853741852186268,0.10843050813268305,1.2740208878597907,1.1231814691952442,-0.41925659638151946,0.49978827384530994,0.5205877747115102,0.6079811835857794,0.10499571591858582,-0.10794525073214918,0.48570322916592656,-0.3196059749466295,0.6079811835857794,-0.8657923386175308,-1.7619536428461506
160,SAMb0d11db9aa79,3.4876220472913313,-0.45343999114445477,2.1880597690142474,2.3067090186337316,-1.2603099525135826,-3.1989134202968157,-0.09984401494997835,-0.32812072258786207,-2.5067629715929898,-0.003677270910199387,0.41565719113818134,1.9103945949586028,-1.8860044911479406,-0.3916943364308311,0.4003118603847126,-0.5958014141336263,-1.0873279278175771,0.7687249781920533,3.3513443133654457,-2.127688944757793,2.1607798113331502,2.0766521483309344,1.8939133928407135,2.514163514815415,1.8203681766373572,0.9816920436451729,4.621343672500939,1.7025099264352366,2.3067090186337316,2.3067090186337316,2.615011336412701,1.830467203265011,1.9004928340711045,1.638526299894812,3.294675536139234,0.6046698064235752,1.2728644782291756,-1.965492208606265,3.074911925344135,2.7975252357220697,1.984518947455595,1.9803778399410976,1.9004928340711045,2.6184291730891625,0.15038135339665076,0.6648308804203544,0.6152141371396118,0.3176129732504734,0.2807544542622238,1.191662921744158,1.7075773284296036,0.9260135432403446,1.7025099264352366,-0.8761685584990611,2.7369030761892184,1.2120326189743775,0.9260135432403446,1.3388425162649777,5.479033258123239
161,SAM19fec8f3b3bd,-1.287343183864379,-0.5431562301297037,-0.5414256242386166,0.8708170533376883,-0.4912930331376413,2.537688347703098,-1.7809960819706698,3.663096498398596,2.761046138646286,1.1037114633773317,1.1665821826047482,-0.21690670141373206,-1.7511470599213297,-0.8404420474872132,-0.7027212781147586,-1.0245612153027541,-2.2089611037417685,-1.3155349893385087,-0.9903321953888192,0.012166754412334932,-0.8002372560512921,0.6248540785094584,-0.6356764286530304,-1.0863234771690193,1.2752149927387246,-0.6194004396702332,-0.23911883767148773,-0.8594218792145022,0.8708170533376883,0.8708170533376883,0.5011602889310467,1.0730416595449566,-1.2037336724186543,0.6064591034112761,-1.183783607301141,0.3545335649996653,-0.0825622568703603,0.8836901659596608,-1.0152879507775776,0.6518700207563507,-0.5536500307146907,-0.4246189242220345,-1.2037336724186543,-0.18037901393475111,1.5381137659943607,0.2721212756303699,0.034964087012061086,-0.6446880629764897,2.0383418566201494,0.07690067745697662,-0.2300759310145027,-0.44762640088722155,-0.8594218792145022,0.7618794157269377,-0.47951638273268615,-0.041917982751659984,-0.44762640088722155,0.2203918528966446,-1.002498949801154
162,SAM6083aac8db99,2.156105940393226,7.119745808751832,-0.10272030524832713,1.3956406657010265,2.3250202654250334,-1.7052311559193187,1.7985772544490313,-2.072236529804776,-0.888591216433767,-1.3418569660630075,-1.9130086185780408,-0.8503557148985705,8.92447612859621,3.1652704951871367,3.374939340221028,4.5909381652099475,5.534122155852497,3.7426933485309464,2.0617292040561304,-1.227814686725179,1.2252943755089865,0.9145250826294972,1.1923121785047346,1.8726436846527814,0.3260889120714186,-1.0600152257817281,3.1581016702379854,1.0922773101250929,1.3956406657010265,1.3956406657010265,1.1242672957577127,0.9612847790157723,1.493849477397748,1.1470514208154392,1.8503969743394952,1.836550681459728,0.30101332214590215,0.4470318883885256,0.796150412793561,1.5925830388996978,1.4171741876971984,1.1751291535908788,1.493849477397748,1.1838949427037408,-1.8662637514721963,-2.028225737389047,1.9176877300910937,2.719741535667428,-1.8378698082479223,0.2993383677929222,1.0954447341026463,0.9263500246882395,1.0922773101250929,0.6786447542587156,1.8751681888418226,0.45692771338680765,0.9263500246882395,1.0653328190897344,3.2895438907813093
163,SAM7ee2b6e4d6b3,-1.938600489032908,-2.538190237954716,-0.39716217884215466,-2.2531329856022646,-0.8565350760280633,-1.5734533365094676,0.014462834341248369,-0.24457754157514197,-1.8841104423911093,0.04817259620221836,1.5226959832145992,1.6749696341621412,-2.6356658677485036,-2.5689102034708418,-1.4346334756218366,-2.656855992028863,-3.177635817671311,-1.2062307840638067,-1.8743936880634393,-1.38032052118182,-1.3765417077100137,-2.0527510455009703,-0.6853213399194262,-1.3388895712121818,-1.297896315503389,0.5297579736932011,-2.474661459377225,-1.1217818023913926,-2.2531329856022646,-2.2531329856022646,-1.2681195911728773,-1.3645252160887675,-1.3640785108718234,-1.1955775381399758,-1.681442414576813,0.23848454188380783,-0.9005014021315954,-0.6170060651365484,-1.031482044711434,-1.6679400867842664,-1.002109222425096,-1.5161118814088552,-1.3640785108718234,-1.2198908027040947,-0.7268856986842632,1.3160086903893953,-0.11970248474037745,-0.05589952133560433,-0.8020196418722161,-1.760925285576009,-1.3418193678363033,-0.7807606074341861,-1.1217818023913926,-1.4256980433598667,-2.3344943780700116,-0.7569465342145439,-0.7807606074341861,-1.4003879616947272,-0.4940731668816194
164,SAMa90d73f8d891,-4.3412447655492254,-0.20005764118167796,-0.38450596988444014,-3.972720432837691,-1.977793793134805,0.19967131031958732,0.26699171751463907,1.5757943323872121,-0.39136560518108304,-0.20575158508518682,0.3918672647163099,1.216327168188301,-0.5044499963453568,0.04649464137843298,-0.36301950829914553,-0.08184967424565402,-0.7187808040974635,0.6331870297862103,-2.730459818616089,-0.4969920926215577,-2.9680330432477517,-3.941585871887716,-2.2882937618076,-2.0828943584537223,-3.145533135605902,0.3809661840040956,-6.226142788636614,-3.115998417508082,-3.972720432837691,-3.972720432837691,-3.2824475282527845,-3.4856187647860053,-2.6220542765870545,-1.2089679643192912,-2.704160882867366,-2.003569079510792,-1.2076489517975113,-0.46327878870700434,-1.1295313042177668,-1.9508161266494999,-1.613482071289734,-1.867688242798363,-2.6220542765870545,-2.3204881589640998,-1.186056976016275,0.06742889582755601,0.47694579840219764,0.5437587016319433,-0.1371451908016234,-3.331110837613238,-2.364109957384727,-1.5890370103197449,-3.115998417508082,0.1397814988989545,-3.900516058183492,-2.5325138349674328,-1.5890370103197449,-1.7627307619767567,-2.2334677259945312
165,SAMaff272833538,-0.565885352642903,1.54344347834322,-1.3014482865204535,0.37361845498477253,0.5585418058249948,1.588651889387147,1.7600318922070162,0.13997587391362165,1.1550954232383752,0.8448581087686244,-0.03307767256985901,0.2592457153613757,1.7734631774852552,0.9253766561437688,1.5201918625784232,0.2583045542867551,0.4803527229709027,0.6623105507209353,-0.8806945990738311,0.695473548560985,-0.22123176638282654,0.3492710778455655,-0.33249645626092295,-0.8819106164290267,-0.41864232206014035,-0.2432387144917152,0.7700856695075938,-0.12243531894929639,0.37361845498477253,0.37361845498477253,-0.24033887332720147,0.12590562325195673,-0.5893380955702023,0.21196668750181782,-1.0929208988641752,0.2369650933768094,0.07708318828326145,0.7238701649839346,-1.4545696989896717,-0.562696216411596,-0.5544683491385938,-0.5893543758768919,-0.5893380955702023,-0.27605965942630456,-0.4112564265745599,0.15329458239522464,0.3541922717190032,0.46462024251403466,-0.7022926041544425,0.509981955885569,0.08952426768156282,-0.4226319916831834,-0.12243531894929639,0.16331921073469444,0.07439281711702708,0.4833208223356435,-0.4226319916831834,-0.2920356819580639,-1.576168147634816
166,SAM415f36ad349e,-1.7560869100050658,1.1689754704475628,-0.8140553933638527,0.9862599949049076,2.5684742920196473,1.8484712773772292,-1.9609429958744415,2.0948941816108038,1.3305094291635926,2.176020840539059,-0.7356771431137699,-1.77706163079058,1.138924879879674,1.1622002551335655,-0.44381315972588975,1.2442560865946926,2.301790986097486,0.8056138407387449,-1.2636964784929885,0.6490554077443953,-0.8526998765535123,0.9683559016591686,-0.7193466364910212,-1.460163056927441,0.5626311825730675,-0.5747808528794123,-0.617689197142019,-0.7534411238717419,0.9862599949049076,0.9862599949049076,0.7982652152098139,1.1217384818929976,-1.0009062939963866,-0.0004404370937855165,-1.2361234048496874,1.089910053459029,-0.033171259135087235,0.3561753891071758,-1.4518225179468471,0.035281663287724904,-0.8057121652419315,-0.5784881065738906,-1.0009062939963866,-0.3956349800150579,0.1277323670006414,0.6306831510344882,0.7035804149507785,0.3808406136317549,0.4322862981800067,0.8532178885974885,-0.37482238364240816,-0.2130929158879991,-0.7534411238717419,0.28075954648764906,-0.1716827961733158,-0.5351517248480492,-0.2130929158879991,0.10577147827914254,-1.9127518862373838
167,SAM7c67b05aa109,-5.9895384778254455,0.8615789459510984,-2.4542245503286404,-5.96055147892423,-0.4770476336745404,-5.137853656030303,0.8939539063683131,-3.8776315956888325,-4.293581588349384,-2.94252803514489,0.9962854126817544,1.8173220881657657,2.8084005861356673,-0.3910084958008306,0.56465992737768,0.6625939023073946,0.03688008814569595,-0.014982992411036452,-4.833185122476745,-4.388500105105892,-5.160951978829906,-4.70244006393159,-3.1527253768097205,-2.56753109711769,-1.8048911581921703,1.5743711887770402,-10.719215634243069,-4.1607233839930995,-5.96055147892423,-5.96055147892423,-4.790702751035313,-4.309749034631976,-3.5106033067736275,-3.363475468799744,-4.746753126529147,0.17224928312120097,-4.0847306890659585,-2.526319167412132,-3.9380682825192737,-5.44945188484349,-2.1741784949616285,-3.662425105656172,-3.5106033067736275,-4.094933903772676,-0.6759562893710612,0.722588951544037,-0.5810155873041689,-0.4231758118791407,0.8648006390849102,-3.1640503494431393,-3.8069428567086745,-1.9868337651865877,-4.1607233839930995,-1.0279399215203382,-5.975327613049956,-3.5126190169836775,-1.9868337651865877,-2.8725469089387836,-0.444685017370853
168,SAMad83c9c53537,-1.577783495842789,-2.6007545109303467,-0.5122622960730204,-0.19277828960869453,-1.66105155676078,2.072981044751042,-1.792272837319008,0.23575666579969126,1.411039994725329,0.5755911985791744,0.8934414485482906,0.6875584400331786,-2.758819884036481,-1.5556223197509893,-1.0282557101594354,-1.180188430876987,-1.0771475453664845,-0.41136182406462524,-1.1273310703401966,0.6622501391909846,-1.6661680975886761,0.0012265007570207485,0.23105538257773198,-0.4886368605161061,-0.5770689387887208,0.5366234034832409,-0.8277682742573478,-1.2855644579088608,-0.19277828960869453,-0.19277828960869453,-0.8300229429196638,-0.401963218374597,-0.7825066347745376,-0.07852972237857536,-0.8204137343134358,-0.8671442897074413,-1.0939874970063028,0.6397725141720654,-1.0948557871692364,-1.1278787832854569,-0.2788114515902658,0.07427221464649274,-0.7825066347745376,-1.1149161216967336,1.0338651743017624,1.0311546007247228,-0.1562182162733847,-0.5001491590171321,0.49862315683292363,-0.16172290771919798,-0.34339153612246,0.05626083745144812,-1.2855644579088608,0.9394888171950654,-0.6329989030955291,-0.5871337935738651,0.05626083745144812,0.21386992824463835,-1.7895812095311814
169,SAM3e8baff50d7a,-2.505920698423704,7.760991437781296,-0.38717023872763373,-2.2724575565060814,3.814520190884949,-3.4899162639383965,1.8716409493028605,-1.8047684236875914,-3.099127220040589,-1.6304964653200895,0.8166402053310623,-4.2888895136408625,7.830980145991807,4.7391232506805965,3.792086209650402,5.083615082743392,6.661979132626987,4.357704549945364,-0.751394863996921,-2.754447294373799,-2.2463720179586057,-1.9847799719464676,-1.2488131771191682,-0.5181956635593769,-1.5247497108257904,-0.37938237763321214,-2.2112022302076983,-1.6482496292478175,-2.2724575565060814,-2.2724575565060814,-1.4587422538833479,-1.8702447732933785,-1.410845164863977,-0.8034753590317687,-1.492962457114625,1.513824719634048,-2.4002811477957473,-2.3298531323348923,-1.2057855499358776,-1.9933947867625623,-0.3231882590170476,-1.4385039835597326,-1.410845164863977,-2.161650104031767,-1.582931321258328,-1.4960944956201263,3.6430296863442644,3.1051101027526595,-1.6906093870023375,-2.4083110843019333,-2.197742046732648,-0.31903079866707634,-1.6482496292478175,-0.6630921040061727,-2.4865572271779857,-1.8090908963610732,-0.31903079866707634,-0.0021572790373495633,2.003052430376878
170,SAM3ee5dcd894f0,-0.642008344890375,-0.09752331629079472,-0.4241639517694918,-0.6712402642102179,-0.9083472079044959,0.8073515499372863,0.9752001367764008,-0.9699357261600545,1.0675373509653354,-0.5423920593484567,-1.596728348962415,1.1926306444272752,0.5959575464239891,0.8662673458450321,0.7009097338113525,0.5524234438913731,1.9072603646800217,2.344684135211455,-1.3468747518981448,0.33673610886398425,0.2722901178457349,-0.488158381894682,-0.25243030506347874,-1.719397090378991,-0.21694033347398492,0.5247297401201542,-0.8734757296910723,0.7136333079930994,-0.6712402642102179,-0.6712402642102179,-0.6992310374976901,-0.6196907291397099,0.08805430334173703,-0.1322364496240792,-1.3517081008524445,-0.05825012937495014,-0.05845679467228823,0.45518222627757055,-1.2439641676797764,-2.1150919341191545,-1.1601186513606272,-1.6204572627243394,0.08805430334173703,-1.583852452588456,-0.17696036477880922,-0.053511911276898326,1.2147498000022752,1.1430129410901002,0.9006551880972701,-0.7830193749768132,-0.795751320640664,-0.8010972014797677,0.7136333079930994,-0.6239923416483519,-0.4551056129213185,0.8785418450227825,-0.8010972014797677,-0.7286107299087671,-1.683610860762129
171,SAM8a1b0e02ee42,-2.545113594502413,11.652670647833204,-0.3533565468515334,-3.0789006762957984,3.842128789236378,-4.327782857372855,1.4783880181964464,-3.0055926922156067,-3.197759044581423,-2.5468546365445137,-2.8386727212143748,0.5342640167355378,9.30578926306396,5.925713368960172,5.368836651857387,6.298063412575721,5.651495757126596,4.8521676881387386,-1.9223459380405978,-1.903087012469389,-2.234734628839105,-2.802681564576802,-1.3417396657776777,-0.6941153709275736,-2.1742078750342615,-0.5935263621514191,-5.801384266099552,-2.1036994999962615,-3.0789006762957984,-3.0789006762957984,-2.1263994965331685,-2.1776176132410563,-2.0234710806777083,-2.082885934730751,-1.3729843985619932,2.2246810709725917,-2.1089386565996557,-0.6469770256655548,-0.964187958008204,-1.8791378803427183,-0.3311206637910411,-1.750062273673531,-2.0234710806777083,-1.8452826804045468,-2.8562612171149913,-1.2029732209915636,2.5835513709618048,3.087165227173443,-4.090820326038354,-1.8753294833679701,-1.8711182586553328,-0.18535989715226728,-2.1036994999962615,-1.7350442883404071,-3.225477704026604,-2.774865493215047,-0.18535989715226728,-0.8565283521235864,-0.019258925571208785
172,SAMd7d57ee3a863,4.328444244831158,4.425886266970662,2.366099021894732,3.3742415842912106,1.5324108626794481,1.637883617518176,1.362730099400581,3.4879461290842424,2.301958387857076,0.766395417495515,-0.5367318686793718,-2.503788493226989,3.119524981336182,2.1840191571524548,0.7412300064339102,2.2542583064812627,2.479470400890514,2.596125661876719,3.877251209865606,1.3267304752683637,3.0278130408969637,2.679020895375367,2.6013458601485335,2.9023280471807564,2.0745345189374764,-0.4813772636185938,5.383510456949097,2.475127331560109,3.3742415842912106,3.3742415842912106,3.0358117798292836,2.5510893632569758,2.2586943367879795,2.5724115305562414,4.078004335781819,2.6464265373206155,2.1382384453491623,0.4655346452730204,3.2972028740821426,5.201629602964669,2.457687908691777,3.405988683348431,2.2586943367879795,2.5894026810019803,2.392271456045151,-0.991237378928272,1.7993084763019824,1.9254527689464975,1.121114325553869,1.0350144656466784,2.095162094684226,2.131613302052251,2.475127331560109,0.8493116877281406,3.3930780053392287,1.9345162060358325,2.131613302052251,2.4254444467299465,2.5505207345972423
173,SAMeb29625f76a5,-0.169641815431446,-2.756761782952278,0.8754029889832067,-0.8498208675492835,-3.1244054809081234,-1.0974650148004965,1.726355408731506,-1.5039718574614727,-1.3671359310786086,-1.2273050264413026,2.628471453553245,2.103487431178518,-0.9594368227412483,0.39429891474235407,-0.0040260504692681606,0.2344410201494208,0.23759731489715258,-0.6383870040640903,-0.7748537060760577,-0.9506184939491388,-0.4120938138339601,-0.9112091508839513,-0.5378391793009182,-0.26776266523739894,-0.2558457240236741,2.2311410251578376,-0.9920957535888456,-0.1563673567767863,-0.8498208675492835,-0.8498208675492835,0.0822962004563382,-0.41356176157592467,-0.4235199344939181,-0.7504929509450747,-0.42120639759355827,0.2829870075702557,-0.3525469047450095,-0.9948701783612729,0.1532134471439818,-0.6299465868275994,0.22435778280812896,-1.0309060143746764,-0.4235199344939181,-0.6776785274268685,-0.4119969166138538,0.6201959165793234,0.14391018348256887,-0.27542643603548195,0.9191591629292439,-0.34069689684968285,-0.6554605287378181,-0.41485235777774104,-0.1563673567767863,-1.10439581269723,-0.8751470698580913,0.4193358245245319,-0.41485235777774104,-0.01997581743993569,0.17576478787308103
174,SAM563d6233dfa2,-6.779734520337708,-3.561492309796886,-3.164480934092688,-1.590403870889675,-2.491095584130008,-1.7768610605152444,-1.8164726988182804,-0.7954946505371387,-0.4845376768847548,-1.1454661906662857,2.9283182399406216,0.3114347052575583,-3.641242601984527,-2.204583064619363,-0.4555352309745134,-3.7562619893594005,-1.8031689059435128,-1.1314541297387035,-5.107238797781712,-3.230906925984343,-6.247811060032551,-1.079722243950637,-2.015428890136765,-2.6233573192750397,-0.5528871423294788,0.9999203307993347,-7.605157699562935,-5.230780280884278,-1.590403870889675,-1.590403870889675,-2.827156132311694,-1.1587176589854775,-3.9814557997933675,-0.7389221682799892,-5.003303704821441,0.47085847620245747,-3.897263276144465,-1.9039612765288991,-4.6964383870510575,-4.532981540570539,-2.225717509923562,-3.185193860014389,-3.9814557997933675,-3.257961166654985,-0.2879145972323691,2.5268228070616554,1.3897409374455334,0.8925948215955146,0.36946567407207176,-1.867137312150591,-1.3768034307092327,-1.3762217027425518,-5.230780280884278,0.751801969349197,-3.8707770518352698,-3.4158747041208626,-1.3762217027425518,-1.5245905308540086,-1.8763318717973694
175,SAM4581bac493af,3.801985824965659,3.423448908133576,0.7332315500264598,2.9392820562822752,1.3235653781648578,-3.771334395347439,0.5536843962562248,-0.9712218553992116,-1.7725786984850123,-0.4797010554661666,-3.052661027427975,-0.6799727389852895,2.348553352708975,2.650837135365907,1.5920526953581715,2.375309918307589,3.679002366527798,2.4828697349743325,2.6482875322353636,-2.828337826721441,2.8127807861753844,2.3758028288268633,2.229461582689897,2.0913582354225135,1.4253933102665293,-0.8061690503075271,4.979857616950572,2.73727027583348,2.9392820562822752,2.9392820562822752,2.1032499269902596,1.7910667304705996,2.900284028489317,2.6265701231205765,2.5839088863324564,-0.14058927956800446,1.319404979454903,-1.0048450262318034,1.7968097468954622,3.140956432890224,1.38126023546535,1.5694822532487755,2.900284028489317,2.176439922732541,-0.6322206529091727,-1.9189274061338901,1.7745285344532926,1.4848419544991946,-0.11002001137246163,0.944322925565373,2.4657352468633364,1.967412816719649,2.73727027583348,-0.3424993280156056,3.8866789488478632,1.9830729752651983,1.967412816719649,1.0806393988041236,5.476625358956804
176,SAMa1871f491b02,-0.968817678305781,1.1544100129097574,0.013374319147099625,-2.1570760264171245,-1.240849055717473,-7.008065922117142,-0.6808328702524316,-3.477440743829627,-4.170762758701308,-4.107545673953627,0.06263215551518966,1.0807725094300196,0.005167115272437808,-1.758982804653525,-1.0709705635854152,-0.9697441918125129,-2.8779705140922522,-0.28678082854128134,0.11284899204205756,-4.525412792140074,-1.0858793693690543,-1.6043538913715683,-0.17060515244587665,0.255365888314386,-0.7550402172089103,1.462959844267105,-3.10284060834441,-0.9917060859615452,-2.1570760264171245,-2.1570760264171245,-1.1839591593943595,-1.7324142547673957,-0.37965123475894275,-1.3129617087262417,0.028928268446566024,-0.03980358523597473,-1.6823294401860303,-3.3869302040295994,0.14350955760447207,-1.4420308304608331,-0.030462257956986708,-2.0038107294554712,-0.37965123475894275,-0.6317312982918651,-2.249829677579732,0.32623327143790154,-1.4591652336926266,-1.593026102740655,-1.4428532447558096,-0.9031098927563251,-0.6804817848652879,-0.5646265081535387,-0.9917060859615452,-1.7796383556766406,-1.47472929884705,-2.055591758969908,-0.5646265081535387,-0.8694493878881165,4.638261784182132
177,SAM30cf07d4874f,1.3699641034345411,-3.9451249376644273,-0.5791331238794789,1.4133279644701973,0.25852341814610136,3.628446076722449,-2.0516394145009427,2.253891031327899,2.135327140167394,3.283846530638152,-0.17108759352213854,-2.4494974138235186,-4.453669606266442,-2.2856479832989374,-1.8528055432307973,-3.458101745160853,-3.108691691722133,-1.9648059770115842,0.9774723128247962,4.21133294377645,1.3806584842939962,1.3148353502738348,1.0245648614222074,0.3171448987442683,0.46167237525395205,-1.015624972762721,3.276621315876285,1.3269439168939248,1.4133279644701973,1.4133279644701973,0.9248684109833762,1.060544969608805,1.3346441524672366,0.7342036869782902,0.6228324623959436,-0.1725378626233765,1.3364198017296738,2.779636706757819,0.027878659268116546,1.1312297564719476,0.04920552002361807,1.441736632848181,1.3346441524672366,1.4788790562561307,1.4852179891749653,-0.479257977514765,-1.7997189384193546,-2.024846597289587,0.4054796848647487,1.4083313063309661,1.1126768963872269,1.7280665124363497,1.3269439168939248,1.455277928071782,2.0236415342578957,1.313681547777621,1.7280665124363497,0.18551399058050935,-3.2338606309516544
178,SAM31291c256373,1.129375206412856,1.3406744517195386,-0.016906591206566828,0.5353509381767286,0.9321678912004683,3.6973901886300884,0.42108406751698896,0.3020302531319466,2.0134659675578153,1.1308845162531123,-1.3972742736611217,-2.2677716267428063,1.768221978706462,2.2671745703955337,0.9992068881008457,1.7648083527688296,2.5020192836489743,1.2003512056610266,0.9109312005638873,4.062035935839998,1.036992849035051,0.3764401191880175,0.998314727773326,0.5943909323080027,-0.49571969797381865,-0.4071206911370728,1.928950021908861,0.9828875887095149,0.5353509381767286,0.5353509381767286,0.5001604882364094,0.12188980437335506,0.926347929850395,0.5854730353808253,0.794726441348249,1.4353459069452617,1.1059161560206916,3.4295265952772875,0.29310602874541225,1.3625980116423229,0.6065509667098195,1.7240449429187388,0.926347929850395,0.24967352263157785,1.165813298367454,-0.770182672603433,1.3943816744888409,1.414758631254382,-0.41949897828811156,-0.19576423133212467,0.17483590122149187,0.583757446527589,0.9828875887095149,-0.3178825496546887,0.9297505065758649,0.7004828567640308,0.583757446527589,0.8353482299967708,-3.151104735276111
179,SAMd135d5867fe3,0.4081731199649972,5.530122533904982,0.10230396814740175,2.7334479096487776,2.243462224837675,2.171962971483002,-2.429344683361983,5.255688545603598,2.1932142067724385,1.9039039429499978,-0.7201857957995607,-4.076957272381303,7.121321108319867,2.3815867931025063,3.3565671499871828,2.0422997319485097,2.191455427993683,1.343698370879303,0.3778519500196115,0.6938154924671482,0.39836830100234777,2.463472466545523,0.5887318775607172,0.15862768497108753,1.5934361802190438,-2.5345850800322043,2.123481748447202,0.5028503930418957,2.7334479096487776,2.7334479096487776,1.8915912867993012,2.202254522183911,-0.04974753022709864,1.5951998494285875,0.02643171569171625,2.5859265863367464,0.79037606185767,0.6356023732392131,-0.24392509596089296,2.5577927873515653,0.5894202478268327,0.6052398317499379,-0.04974753022709864,0.34484779070105515,0.15824375934254403,-0.27402904170950715,0.9495368483369866,1.168497140832357,0.6919844791212882,1.1297666913353346,0.9259501725951388,-0.2514866102346807,0.5028503930418957,2.5434334358228257,1.4807280398369136,1.2725553310430038,-0.2514866102346807,1.3595481736077188,-0.3159635424475367
180,SAM9e11ec6bea80,3.438246046379354,6.72494957871214,1.8629330568013567,3.7959205248935364,1.6019191075356827,-0.8672853763401102,1.3246570528403498,1.794560679171278,0.9051121849204548,0.9432554010723193,-1.4938494805863762,-2.989581598014747,6.476713089373378,4.302119402942794,3.7963767561804715,3.5294614651699696,3.8201163671330742,3.248187180638667,3.344509866582775,-0.06977343264555372,2.497139341886114,2.9696421726750923,1.7096739695503493,2.2510854569064667,3.1221998047729507,-0.3551476727269097,4.635703195326546,1.777285566982153,3.7959205248935364,3.7959205248935364,3.521157891813985,3.319449632215305,2.026570104509643,2.3728934785649933,3.261686029981732,2.7146621189374307,1.9593737110132594,-0.07633039612920346,3.117944108570019,4.440590818592358,1.4907328390784729,2.531307157889983,2.026570104509643,3.014505286887885,2.232206594081114,-1.5429146896576715,0.9929465077419523,1.1716586126166753,1.1816154335358509,1.2282528759951028,2.247020470137758,1.0751513901947674,1.777285566982153,1.1979630887613004,3.208150297072939,1.4191995287875172,1.0751513901947674,1.3332230399763918,3.4142832992283285
181,SAM065890737112,1.5505772943076754,4.2620001097921625,1.9797332138806598,0.1555715908029405,1.9339998836681735,-6.453732727546103,0.7705846827542713,-3.0791726091453215,-3.9624010117922506,-3.4649694259376256,-0.732868066661435,0.08125783852873157,2.981481498084132,0.5358051730799216,1.7575532192298662,1.2366547632309708,0.49723111399507414,0.7110768738629751,2.23017512065797,-4.995189287154669,0.7691542993495596,0.3452389604404927,0.95382257137198,1.4898668888761826,-0.6297558169737231,-0.6106687017617033,1.5593248437187617,0.7003534817201801,0.1555715908029405,0.1555715908029405,0.8865744720161898,-0.07822963283560928,1.1852644399332244,-0.09432711145191051,1.9568153316645867,-0.9107439025586562,-0.24670001135013755,-3.058255937694054,2.2452936573139097,0.7685025710319305,1.0174803925745854,-0.04506763535264064,1.1852644399332244,0.8205835850997876,-2.386372889837679,-0.9100028589609028,-0.7299878661646144,-0.5563828168240614,-2.2903628904952456,0.43456614877993766,0.37868151430761243,0.2104551134281375,0.7003534817201801,-1.440157836190654,1.0246804314827536,-0.5254548654554954,0.2104551134281375,0.4900576414892531,7.225364407812639
182,SAMb470eb8f04be,-0.05153101503385513,1.6522340489557377,0.53180862470659,0.31964703978845566,-0.4017137945206673,-0.2528362092101396,1.0724842906527319,0.45807275488577215,-0.8506566325848693,-0.0857942639351839,0.023063026894778273,1.2877455641901596,2.173699819915713,0.38448488628691063,1.2980455838816158,-0.46665253048308597,0.6804611499025367,-0.3227446074776921,0.06943868258577719,-0.29375378304667465,0.29784422009899764,0.23450432447130343,-0.05291455460072142,-0.4350828094332535,-0.16703414359204666,-0.045723450518839436,0.4110696015494907,0.1830285395971796,0.31964703978845566,0.31964703978845566,0.7397324089897448,0.32033263070292695,0.07884790047836515,0.08088350535682332,-0.06349632464444334,1.7321637022530803,0.4643358315797539,0.13539722883172134,0.5658155629595945,0.43145202422568774,-0.38000868155132295,-0.046587881021812765,0.07884790047836515,0.6119164986076383,0.22482840055446396,1.2202217403809998,0.8116560021407316,0.9522882363615988,-0.43230705641694517,0.6647867845529756,0.38743060948467056,-0.38381698082077087,0.1830285395971796,-0.43209769823311595,0.44766152545227417,-0.06398359515080834,-0.38381698082077087,-0.5100459858928945,0.36319246563245183
183,SAM675a12a09c15,-3.0943429737609933,-8.387921043058462,-2.7791856386876406,-1.5592680759880198,-1.6068520491869003,3.293702112050766,-2.4235122255478414,0.44182256277927756,1.3002071076253259,1.3675395818661098,1.0914394718131162,1.425826320031635,-9.399516290784264,-3.920138098976011,-4.177593888622312,-4.3543646664601106,-4.354528577283521,-2.461152101354139,-2.710680384872932,3.7723670069492186,-2.1623422495068385,-0.8249314399527574,-1.7487081534919664,-1.7602222018126448,-1.5250270104565251,0.9534168414366172,-3.8104416319431103,-1.936236081854284,-1.5592680759880198,-1.5592680759880198,-2.492725550550532,-1.442345451793326,-2.2504643612347692,-1.5737621876234469,-2.844730900767975,-1.8019233340500551,-0.9340561996336985,2.4970849555441954,-3.197663225338823,-2.871830324712543,-1.2301166914567119,-0.9224060319841407,-2.2504643612347692,-1.8020191184155365,0.5362546032052317,0.5648897135421046,-1.5317390336007022,-2.1210354385640753,-0.061967337267614296,-0.050545410733294015,-1.2449956236182573,-0.6569069135144949,-1.936236081854284,-1.2414383301501293,-2.3426332677695045,-1.73765417331786,-0.6569069135144949,-1.0896391011675342,-6.483047391822151
184,SAM1e9c4d1d39ae,0.5828903700629121,7.681192003572264,0.6258234488986407,-0.5804441332961647,3.4839610445079567,-4.02759621331914,1.0336169607081345,-2.6586372684437225,-1.6844961524904505,-1.1998869327033421,-0.19454704012183857,0.16854544359301224,5.866999443782443,2.645204934066139,3.1219769392760703,2.2491587274893288,3.3922581577321993,4.024466672313835,0.9994191098692765,-3.4481408493803305,0.261293850778735,-0.384176770408257,0.37174859778921704,0.5783531833529242,-0.7328745848192018,1.3924509038337427,-0.2601324855014938,0.23787284135624295,-0.5804441332961647,-0.5804441332961647,-0.0020130101485537617,-0.5358217972816792,0.47462785467850954,-0.6235545082253581,1.0412378434075353,0.7881850203695383,-0.3244531514786387,-1.2103679625930228,0.8183913276596267,-0.28955484231081025,0.28770630861534807,-0.52360282872513,0.47462785467850954,0.12213616503181775,-1.3794952791801192,-2.2324044894456465,2.027177243836799,2.5537910723015593,-2.4573535966456084,-0.1909754046001524,0.04106033970383974,0.8713224500632636,0.23787284135624295,0.23274801673539322,-0.03630918010080134,-0.5281641351642877,0.8713224500632636,-0.12061282489921196,4.447559959249607
185,SAM5a2347c0498a,-2.445069115479758,7.509731813218793,-1.6057494844958158,-2.6634377581437443,3.2489399920187125,-5.242329682308528,1.1868040324242386,-2.8286721460982953,-3.2206482556768354,-1.5046321357361276,-0.7845380836843274,-0.6668985467440169,6.73900245565461,5.082481827566647,4.1233466141391375,4.407422989260191,5.8666001972952175,4.451254034817843,-1.7037409098150307,-3.6829385101374608,-2.0521581583751645,-2.1057336988726374,-1.1509666876628868,-1.2665650054058095,-2.5694862086411283,0.38873501438239344,-3.6675868579035287,-1.523591702842879,-2.6634377581437443,-2.6634377581437443,-2.2518524321547924,-2.100997867325613,-1.5835336498045944,-2.2243305569994276,-1.8312214810596341,1.9532901481879574,-2.3359685679253768,-2.1815354211550924,-2.359091319433715,-3.250429403036546,-0.8154598681356172,-2.6255605802050055,-1.5835336498045944,-2.0903681918321078,-3.05306361265839,-1.3984817011752202,1.9228553039263514,2.0329913674203306,-2.7711719191887654,-0.9402416025373945,-1.8568553302047477,-1.3983738401081933,-1.523591702842879,-0.8633078753307718,-2.5930994442694084,-1.9777515860694062,-1.3983738401081933,-1.2427047146805288,1.97919760032243
186,SAM0571f17f4045,4.107860757500928,3.3077606509237634,1.6569654589255967,3.712624632257878,1.1541893707700588,-3.602072510811092,2.276187837256595,1.231186445251818,-2.099559366973214,-0.4196924600734799,-2.3337136249403447,-1.9349244313692735,3.073834099371837,1.6926521389154432,1.9005113842036347,0.639105905051529,1.987696911742633,1.3359900046638324,3.0428377486168032,-3.237699975996113,2.9458425187949735,2.9983496992946788,1.9461587175760686,2.1270486637137793,2.0156412423006786,-2.8538117045864926,7.231287122810746,2.346965620527813,3.712624632257878,3.712624632257878,3.08590433443811,2.703793957183653,2.1237256831220495,2.5047203037151595,3.0374571265883143,1.398547872578703,2.2161067706373747,-2.7036203254243882,2.6669668614708066,4.242998755645641,1.7094830279474726,1.6321276172528072,2.1237256831220495,3.4416486749677886,-1.460332086629071,-1.1293608832153827,-0.31556812597768075,-0.41256488980852873,-0.4223075138830898,2.5333134500803105,3.341063241095925,1.1810169111324964,2.346965620527813,3.0928742301025323,4.145756074129204,2.592087443239226,1.1810169111324964,1.2378504687133292,6.280537724612916
187,SAM4b7ea015fd9e,-4.891646266419442,-4.584108004410677,-3.4817800183525494,-3.4008074460917332,-2.2995431439734966,-6.5023846880633736,-3.3692297003379097,-2.50351827562112,-5.219061505794623,-2.86365626126569,1.8050708666266164,1.9335396988133609,-5.473992671563483,-3.919663987858412,-1.3295751938716507,-4.606289843855465,-5.901014418099,-4.410982914170889,-4.237365700078951,-5.959747406280264,-3.2086598595206453,-2.813874816105456,-2.3568019884823816,-2.7032749631147475,-1.6821359946939176,1.9382690249452268,-7.336568149150848,-2.5859937415354324,-3.4008074460917332,-3.4008074460917332,-3.0055474703370693,-1.6715202947777725,-2.6261399218647514,-3.524954510220152,-3.6577383205778475,0.3285259958982022,-3.495246488994796,-3.3740245405084504,-4.114087511587615,-4.537018447608767,-2.4402120867888586,-3.8591086920481428,-2.6261399218647514,-2.1315999162399595,-1.510890063248768,4.4927519448283135,0.0003025678076217864,-0.28922072128907095,-0.8808715006525023,-0.9304867547527723,-3.254906953774997,-1.6497168690428305,-2.5859937415354324,-1.7983140270210876,-4.2344972679691155,-3.881556937907854,-1.6497168690428305,-2.7430344973640666,1.722381706201313
188,SAM9306c5c92444,0.9239144399103039,7.325197215949259,0.6025804575104639,-0.04588228043220908,3.0416816891584086,-5.302111248009681,1.8777296950180156,-2.547464402360911,-2.943846833188952,-2.171737141591085,-0.5488291323006284,-0.3010087049589423,7.158759465365346,3.6224444144110675,3.1581334453045535,4.256379117780945,4.8717988712518645,4.177181322706077,1.4317136627041316,-3.3268992487405864,0.3125749150151132,0.1123675588893894,0.6419697300009384,1.1027726859069016,-0.11193653141936312,-0.08147056286986912,0.35283942684719394,0.2295691605216985,-0.04588228043220908,-0.04588228043220908,0.46471494934763286,0.07099094809809166,0.48130440993232937,-0.19214326405340368,1.2892336896226384,1.1786314605367783,-0.3976107356335629,-2.4545736922517634,0.8230948430289317,0.1506773835880302,0.9474711305703027,-0.47125718226259367,0.48130440993232937,0.5685191561801162,-2.3610545507528897,-1.80106509365686,2.7909043562266866,2.7832254060427024,-2.3973007650336036,0.14130650904038752,0.35979437741123504,-0.039064579559033044,0.2295691605216985,-0.8770882763214408,0.4190288895693918,-0.5773190368826088,-0.039064579559033044,0.44908811371142066,4.758612911444718
189,SAMb15ac6e4c4ef,1.5646940139360161,-0.9183737304707693,1.4791515191633033,1.3316349432031322,0.5804465736591345,-2.8761829017746856,-2.5208189236072287,-1.3134091968764618,-1.127927771683573,-0.8752734123935687,-2.372209696314634,0.03876034554386991,-2.8843359167336304,-0.4286599616367947,0.1793134214113334,-0.7692990759808804,-1.0410661363352434,0.027700491247521445,1.5939043728768352,-1.4732791753496635,0.771818301441816,1.142242832277971,1.2115697641163363,1.6564036791640058,0.42042626026946583,-0.4889567346325918,2.531193388475958,0.7011697221211977,1.3316349432031322,1.3316349432031322,1.3753414142787403,0.8550348003939346,1.2034656254645626,0.9315752246532438,1.792791902150048,-1.6711195959071403,0.25881511430439186,-1.2067372490478216,1.8824882029304875,1.3318371290209456,1.1286248373359378,0.6115907009578104,1.2034656254645626,1.4922881328781603,-1.3559894244890143,-0.3950997506579576,0.2164013894475174,0.03833729931923582,-0.9787128132485314,1.0366860478644382,1.3872430814908228,0.267872447553862,0.7011697221211977,-0.8393461891535986,1.8562849478346535,0.006454745038147979,0.267872447553862,0.9337860227561341,3.067183548226499
190,SAM28e6031ac18b,-4.4518627412416425,-4.148897153179852,-1.4243562090962771,-6.283221630297871,-0.651679438715777,-4.654277744366404,-0.8753446564810691,-2.2870256448358073,-3.484641550078478,-2.707769629776662,2.6631191398935745,1.9533682615970707,-3.567070528955144,-2.584057369407924,-2.308056560500622,-1.49598014462795,-3.1983699189870185,-2.0829099166810976,-4.319416249197881,-2.637034164215414,-2.8961208233224105,-5.178060353496011,-3.2055865015576517,-3.2316813973879275,-2.08952579379709,1.2529642467432867,-9.436465160739544,-2.288516327529115,-6.283221630297871,-6.283221630297871,-4.298905984596087,-4.534978766983047,-2.6137267134646844,-4.26112657641144,-4.262622982573767,-0.9000619663242223,-2.6108571568811234,-2.009437583126337,-2.5729903243992585,-4.692267013046686,-2.7661666348241924,-3.792471371113681,-2.6137267134646844,-4.863693138969996,-0.8761248223167639,0.9476359662033832,-0.8262762676451876,-0.7885191999979573,-0.6682488395028615,-4.659497756561099,-4.66761082059744,-2.731241840624731,-2.288516327529115,-2.0907760791814867,-6.566790144069088,-2.6109957349173496,-2.731241840624731,-3.231575811467345,-1.6823820849824673
191,SAMd86389d0d768,-2.9562456513168485,-4.895464708791636,-2.562335981516464,-4.038566678785154,-0.9322367714263474,-2.5821338189257865,-1.1387620248062251,-3.0019771135749385,-3.0130020395660826,-1.9021234743386146,-0.3782628482952581,1.7548659289137893,-5.674297972306736,-1.5889580448087306,-2.7635465716557,-1.0052988636575722,-2.431913968760215,-1.9309128525144825,-3.4559223373969457,-0.43614630473794985,-2.703332066393145,-2.6761416645121123,-1.9986564883677786,-1.4544362573884722,-3.0422520264067834,1.1046185348482904,-6.782982067291089,-2.5373000397004426,-4.038566678785154,-4.038566678785154,-4.30342407403393,-3.8307157250316646,-2.1992758407428283,-2.8753101775333856,-3.203952970503457,-3.428981051303475,-1.895196861755463,-0.5349793636911869,-2.5804640723638763,-3.451115873658469,-1.4619206354507404,-2.25131815427436,-2.1992758407428283,-2.712159216504951,-1.6537145646288083,1.2050938903527113,-1.6285875454458636,-2.0074471947947248,-1.1660140573946094,-1.235346917962485,-2.3243891090669644,-1.25717348417734,-2.5373000397004426,-2.511539785125866,-3.7589370033899834,-1.6132444503469896,-1.25717348417734,-1.43805770653425,-3.0197760326589957
192,SAM63b2189c36d7,-4.018288269035366,-1.3762867748124645,-2.8315548108279835,-3.1853805200204186,-0.17461880273341182,-3.248881952043906,-1.9647839746698705,-1.4523211437897423,-2.3102114887889025,-1.057581489723571,0.6739481973598311,0.539880020780342,-3.7623818309725294,-3.4461000300090516,-2.0408532002232884,-3.339208040528346,-3.8697010647272796,-1.224254478828185,-3.666591677392507,-1.1806389465095752,-2.481847374635382,-2.0457228072853133,-3.2122938338103375,-2.917117928170934,-2.97584182969265,0.7939995093054582,-5.81929825052347,-1.9177213472669568,-3.1853805200204186,-3.1853805200204186,-3.519727156570206,-2.822102009384602,-1.7895311486657206,-3.585862135747294,-3.689017543830594,-1.0123914946378403,-2.1539862489326707,-0.9686945017878698,-3.2502687572798243,-4.710733853146884,-2.9991236739669507,-3.3522422025007694,-1.7895311486657206,-2.8085633972836526,-1.0913020899102983,1.1958845234835143,-1.5281737244592457,-1.8064865717794176,-1.2390541123732564,-0.07395911199569412,-2.851017234891373,-1.7360080341050608,-1.9177213472669568,-2.9147705129135466,-3.316564960416844,-1.9892730680209665,-1.7360080341050608,-3.204921928393389,-2.4859527308829317
193,SAM18be5b395318,0.0778496911959678,9.169051623905757,-0.27567165611474936,-0.7389801931491191,3.2169720508963766,-2.3571010304853544,-0.14530478128321958,-1.5925858512118432,-2.224219250217547,-1.9384478840992876,-0.766788856696008,-1.2938584993404134,6.896834448341472,4.082905144508492,4.233194210056901,3.1043423705523794,3.3352487303397993,2.545957430669444,0.9285862012531518,-1.497291403999225,-0.004611950874927856,-0.427134650581514,0.25773998510703194,0.8210264134832224,-0.622082241501096,-0.8493909807748945,-1.6848708007047681,-0.19202273871321124,-0.7389801931491191,-0.7389801931491191,-0.011161862498696946,-0.37653634700355276,-0.10671396197253662,-1.1255706318781196,0.7748374922899641,2.794006869665912,-0.3058269473218563,-0.15818681644110155,0.15688668247697715,0.3666812188473144,0.7901174851639488,-0.1877308385589107,-0.10671396197253662,-0.1500318528078372,-1.2596902367036544,-2.5709968535210046,0.44960847137064563,1.1731036105184645,-1.6498616677250688,-0.15920096971933909,-0.8706415973257633,-0.8681143179527845,-0.19202273871321124,-2.170052793515592,-0.7917092945905236,-1.3261836236863358,-0.8681143179527845,0.5613300111285284,2.425877605252377
194,SAM0d855cff64e6,-1.7255039933516345,5.695477037754627,1.0201070338060256,-2.3584809367837285,-0.5209087094143164,-2.978195233106777,0.4008116109476095,-1.6544076515655763,-2.234491310237598,-2.2363644682239032,1.1973874442394736,-0.31527820971025283,5.256837017739327,3.2333934092195413,3.024461058311949,2.920364691135487,2.399391521618101,1.4590958489985772,-0.7194380150399206,-1.9423406245005823,-0.9557840568261294,-1.9970647121305383,-0.7742078874789616,-0.5300960130315098,-1.1894804146507578,-1.5330197243194648,-3.378583691883691,-0.6540440945907371,-2.3584809367837285,-2.3584809367837285,-0.8309677199350741,-1.5211269859656287,-0.41771919151159637,-1.7642647483187002,-0.43361616643928896,1.9236611630745517,-1.479486342343314,-1.2803904150395953,0.7032549498727411,-1.1122496206108896,-0.9613283113197346,-1.2227431498056243,-0.41771919151159637,-1.3448243611217516,-1.1560882142041733,-1.0451911886955978,0.4618930098867306,0.8414315089877805,-1.3882623101149423,-1.7968694294447085,-1.9803744821297233,0.9555430835471151,-0.6540440945907371,-1.208431845750748,-2.184241122586723,-2.4179759136097734,0.9555430835471151,-1.0598808013823064,1.2229026094606619
195,SAM6cbc10abddb0,3.0236112304140534,5.217030163327794,0.47196486761310835,1.7751916271893087,-1.4412390085447961,-2.492541277366063,-0.6276703095503943,0.6707911464435874,-1.2091077357792723,-0.6912836258964747,-1.6581802202086546,-0.33519496108962404,3.565584551623314,2.230792538038867,2.160304835001047,1.6108851094509014,0.4525263064006381,0.6179987181642939,2.3723331395735587,-1.505503660636292,1.7567562871053428,1.4362570164879445,1.1595133055275237,2.621385637791945,0.33149331469554677,-1.9031813481785826,2.5823238521028125,1.3636046418869332,1.7751916271893087,1.7751916271893087,1.6768489013965042,1.1697329823782248,1.541351256427231,1.140585169907098,2.507874779049794,0.7623684679452511,0.9714065460613224,-1.2169211828675006,1.7555424546739653,3.463103106036323,2.0389844660962377,2.1141355800354646,1.541351256427231,1.9731616935091207,-0.9784225988319115,-0.3172081573859742,-0.609550319972243,-0.35135499495906974,-0.15415107009327983,0.8056872773170198,0.9693111997321769,0.5904641087257676,1.3636046418869332,-0.7018059954100053,2.1097779040095754,0.7807639718099003,0.5904641087257676,1.861168503064871,3.8778368002098507
196,SAMdee1011782cd,2.2476700167089136,-9.70294057835209,1.0703206508153427,1.3825901417355324,-1.4201892097408295,3.3690618218791366,-2.4471170245698803,1.6546115198055364,2.36060310460265,1.94048545749958,-1.0201524883227644,-2.0927296421013604,-10.859598174018583,-4.137648355982249,-4.28305024549317,-4.007454211887481,-4.748216796654408,-3.8024307941262188,1.687365025786076,2.8822241298185363,2.038482818466916,0.8106499427647533,1.024437468988874,0.9960734224377855,0.5592872284001855,-0.9642449023823118,4.658973134256135,1.778100134933935,1.3825901417355324,1.3825901417355324,1.2412740623009937,0.7736043229728755,1.1049488058174775,1.373222024882655,1.3674417145360875,-3.705380258505527,1.7787728357087462,1.4558663260755562,1.409530224825203,2.5955173372855262,0.9903008700381286,2.129790334230258,1.1049488058174775,1.111126803369126,1.2594094202405395,0.7923954036929445,-1.9229900871036678,-2.4346142260882,1.1828810263020326,0.49941041088008586,1.2704683730711135,0.743662541954864,1.778100134933935,0.20845768167864245,1.7283912257111538,1.6552544683160755,0.743662541954864,1.1233382106677603,-1.1948591040324603
197,SAMe9475f77504b,1.8819394646938026,0.35155985842718607,-0.8041045273860369,0.5525987621569488,-0.09272015782616574,3.146496308979093,-2.033219708623317,3.339185066840776,2.188531096584357,3.605445985674988,-0.034212154289323345,-2.3851199059206896,-2.1719909743745185,-1.2612829605689906,0.5390563325988744,-2.0579547933013744,-3.133573189808975,-2.114415135293359,0.684737510123807,3.458727192380355,1.3718060262205032,0.41143079269775973,0.4897762007238265,1.0415443476681934,-0.07042578023011353,-2.3901207880982667,1.290883812073775,1.0496499134752884,0.5525987621569488,0.5525987621569488,0.265419304303164,0.5626149150256756,0.7040517518702514,0.3848241744643007,1.079525595941505,0.29840718257055177,2.235484717897665,2.3189721534574965,-0.07991956723191626,2.638740486364957,1.1921280348778927,1.9056616976879077,0.7040517518702514,1.0343604012656742,0.4552819007583371,0.31057127443391475,-2.8566715860292313,-1.798329423400595,0.038728812300044366,0.3326000449943756,0.13682156946644805,0.654693223628742,1.0496499134752884,0.07175741695781757,0.8946388928080369,1.5790874126125698,0.654693223628742,0.9201409464545081,-2.773989682256548
198,SAMa535fcdf18a0,-0.37525456751788555,6.013750490370678,-0.7661642625500195,-2.8394598755599363,0.4529393473642278,1.0339307832269578,1.15088999424323,-0.30294237865559925,-0.7032032695540589,-0.21687151227435605,1.6760035268904505,0.9824859673820822,6.920214982133856,2.77436814265266,3.006346372713928,2.097560525328817,1.973189882038026,0.6180124515276694,-0.4115082984464709,0.27263663166998103,-0.48529529509171787,-1.6734202096246908,-0.2966909993255594,0.1596234143875927,-2.378603626335699,0.7582577141691491,-3.289657626710407,-0.5774886078404265,-2.8394598755599363,-2.8394598755599363,-2.65113081270623,-2.598099593204837,-0.33932902550270405,-2.333274613033342,-0.20776802245927112,1.6214366568499303,-0.286972160522612,0.3043591399785872,-0.30707740966336877,-1.1238104221424678,-0.09625833479505734,0.2920048873433596,-0.33932902550270405,-1.6090177793258238,0.5849987242350518,-0.434651991566202,-1.3820289478017997,-1.0495033960338693,0.24684685521657973,-0.9335491418982687,-2.2695676002301557,0.06691091977842326,-0.5774886078404265,-0.6186433952420552,-2.159518384648585,-0.7141107309992963,0.06691091977842326,-0.46379430762750384,-0.6841449301164519
199,SAM7746b76437e6,-5.290613799222289,-2.344956242543263,-0.9700441523506188,-6.262766349875662,-2.423839595068019,-1.6664673552238907,0.0035291942233840004,-2.840441668235627,-2.534593688790634,-2.995947451850385,1.7339369773481432,1.4870393108478408,-3.0100593560662063,-2.9014473029679015,-2.3306622694217856,-1.2224191530459478,-3.2183890583923254,-0.7729261649963775,-4.719936762813445,-0.04572972223527772,-3.9106160086943316,-5.4888545952940735,-3.314522094557194,-3.416205333510098,-2.9022773719375152,1.7430317130356185,-9.723627046778928,-3.605518267599871,-6.262766349875662,-6.262766349875662,-4.748863718648747,-4.658767795926334,-3.438512163245534,-3.654348199678026,-4.418939588229427,-0.7584003371682818,-2.8295802663909178,0.17933897567393178,-2.254585315907665,-4.717570768291984,-2.9713781225195635,-3.912649826554761,-3.438512163245534,-4.166790527234527,-0.4345695789445136,1.956725956263162,-0.6723389347831369,-1.2371772840919006,0.17649801440872842,-4.166578312893055,-3.910213111529909,-2.1579992624043554,-3.605518267599871,-0.6993733897746333,-6.48438653503401,-2.7234775537580664,-2.1579992624043554,-3.7806338452095223,-4.6742070405781675
200,SAM548551ef782c,-3.132182539603917,13.545776068197407,-1.6929711997809334,-2.3475725718763236,3.0625300983759893,-2.2370889617620264,2.5521188908395236,-2.736303589204873,-1.9794074989386667,-1.8378357169722632,-0.31397627923175053,-1.568591828494119,12.758698187227399,5.73389582672848,6.758914637219987,6.469273237040489,5.87677449422659,4.725342259304622,-2.3651833168229683,-1.6745105610906952,-1.8709255416804487,-1.6927304474245948,-1.2343385569504723,-2.090890003343255,-1.069995867238033,-0.9067081918812375,-5.585174483204737,-1.6870184815196858,-2.3475725718763236,-2.3475725718763236,-2.638018853370531,-1.9429966483536187,-1.6515700622319849,-1.5381782838766405,-2.226884669480799,3.1938746627379913,-1.4916649433059168,-0.20037279979699987,-2.1095295428209173,-3.10617391182075,-1.8774435306452892,-2.943493983496774,-1.6515700622319849,-2.29432019240263,-2.041961077377453,-1.7584732342938294,1.8726506730383607,2.391140928043112,-0.7522331693342376,-1.7716090110298355,-1.3550506684181527,-1.4543461689363544,-1.6870184815196858,2.100689851903003,-2.7590354813779476,-2.1846714259949045,-1.4543461689363544,-2.1448051253610454,-0.6906727557322732
201,SAM203dcf14f927,4.16090341847343,3.300073548218893,1.5709735585064173,2.7510774324396965,2.510227438923167,-2.3407244457470107,0.43783291868215213,-0.7169389583617274,-0.6544658119821375,0.020006850182798304,-3.267838189828831,-1.4092605428755296,3.76095246004062,2.1891038668699188,1.8442456977075274,0.7649378502347047,2.05058835983644,1.5558403831533454,3.6900022980119553,-0.6477342214941928,2.8271459616034784,2.2710784754640483,2.402312519970175,2.654118072478292,1.0702072070480428,-0.7673842811751252,6.073566716478906,2.4274938502578287,2.7510774324396965,2.7510774324396965,2.534112458905763,1.8022793670288313,2.643831375157054,2.0980063785508363,3.484707501106,2.0640851900386967,1.7450269913217216,-0.6847420779413692,2.7284169210479092,2.989278529557656,1.938609643636541,2.0327361301068834,2.643831375157054,2.686690319517207,-0.38950265887424307,0.43832967165396747,1.1972136637287603,1.4242177931221462,-1.468559149787115,1.3253671782222622,2.2254863506845686,1.5811772479728934,2.4274938502578287,-0.40817296051249286,3.637750529502077,1.932698401123442,1.5811772479728934,1.6316057487556328,4.337736519506148
202,SAMe41b1e773582,0.35198181766299186,4.031748092918343,1.6542492210615463,-0.7868617140891055,-1.363053881482454,-0.8656724624255046,2.6312463443807577,-0.9585192393383186,-0.6372765104818016,-0.985658516881644,-0.06593878071754888,1.3114961543706989,4.964442022313893,2.3466460080715867,2.4687288270079075,3.021706274592783,3.0104256171087034,2.261917353546014,0.0807540822378161,-0.34956022758559396,0.26894302884285026,-0.8509187796695852,0.26230582606561154,0.1998932616461875,0.06938361450288007,-0.08247199957334544,-0.4813581852604868,0.0767773980423507,-0.7868617140891055,-0.7868617140891055,0.1339527874518177,-0.5208101308211458,-0.25340851141086895,-0.11208019428301266,0.5563247737289178,2.93956436772546,0.07419319319509234,-0.8407254049761493,1.420451640769604,0.6477700751026527,0.322636463186496,0.1402440890470606,-0.25340851141086895,0.28589788498785723,0.30892498312789535,-0.48212084732849825,2.247290709955865,2.103377021353783,0.1440742800093994,-0.20297729257233166,0.25402823442722194,-0.2862493477306421,0.0767773980423507,-0.05800426649626479,-0.37921071689296554,-0.2836217265792638,-0.2862493477306421,0.46195636910977383,0.43031430982341007
203,SAM978a587b207e,1.0880873782150693,3.7984450831228815,0.7919230881500001,1.262376091211475,3.406216060203885,1.3831083026720439,1.7374222761004856,0.2831861225887753,2.2387285879075978,-0.11615261653378552,-0.9283409171112126,-1.311786839594962,4.1699019657226115,3.2568755503141786,2.5425521594534906,2.930849565611729,4.440307220932662,2.4827170062820936,1.172224259111449,-0.07243893677317836,0.8315178661525437,0.9474106249291732,0.6455431955488118,1.0309753004300994,1.0335064498425042,-1.2063658363268688,1.1781888140762957,0.6006726971003844,1.262376091211475,1.262376091211475,1.4756106574691918,1.0963286628549107,0.6721697617034879,1.0913727221130451,1.1949161966148796,0.2988426255404766,1.108598195112996,-0.1756045325054487,1.1811338361477355,1.6778673441377123,0.7918263626050254,1.1265863551671842,0.6721697617034879,0.944575995889594,-0.7458197341354169,0.2660220790671761,1.7803494327313287,1.5607636737048123,-0.09510511777567064,-0.05979431995866283,0.45261573328818366,0.5858670533387336,0.6006726971003844,0.5804474785608621,1.0359091264531453,0.34029355355546353,0.5858670533387336,1.027160699374718,1.2446631958846273
204,SAM5234688806a7,-2.309508680784242,-5.10724980908639,-0.6485022295788204,-2.5764852899413295,-0.9615694422416137,-2.585142078856904,-3.1447222252235694,-2.040542031946266,-2.101765312159874,-1.6585431750207673,1.9047243206754612,2.133610039990695,-3.153330495021329,-1.736656278971897,-1.7259228450796034,-2.330559537265485,-2.0704811336785514,-2.303676234291743,-1.8848463438341656,-1.5560880550886764,-1.2614358932102114,-2.01938465651972,-1.4409570127129432,-1.207967829061764,-1.1464915298892453,1.724524702135301,-3.8717091323409343,-1.1364538697228403,-2.5764852899413295,-2.5764852899413295,-2.341525557594376,-2.0277457085363544,-1.0980800037782688,-1.337220467409596,-1.577005935676351,-0.35119120976457624,-1.1030064596672533,-1.2622215934578827,-1.0172234090912866,-1.9702499231196853,-1.0619451361609529,-1.9215415960443687,-1.0980800037782688,-0.9346614369923419,-0.7561068882570683,2.0218429880399738,-0.7238829476589261,-0.6526912750421923,-0.6034487997520186,-1.0813064684068665,-1.4043738661005931,-1.3175295328655328,-1.1364538697228403,-1.6872746668415106,-2.0201133935112114,-2.213989724519522,-1.3175295328655328,-1.5930918490741655,-0.3287582887454892
205,SAM2c9586161ce6,-3.603856403640013,6.427443689473418,-3.1405488914199675,-4.064496919361629,-2.422585213232429,-5.218559072979792,1.6806890320446386,-3.1873869395652217,-3.7705781856676057,-2.8595735027047966,0.8486336909836378,1.5392928992471913,5.502333414550604,1.5261994100582195,3.3741994847472503,1.974286265859771,2.278362321408512,2.111892262140461,-3.3592921634402484,-3.3220856558855627,-3.3148826389986765,-3.4580887659539097,-2.441038034911177,-1.3701848279837738,-1.6783835898530959,1.4799202144172847,-6.736699470490364,-2.905601936820192,-4.064496919361629,-4.064496919361629,-3.5078203217911357,-2.5890623448864964,-2.3524460637365108,-2.8426968677431033,-3.020550406170582,1.2566106632168381,-2.9837019195598518,-2.723774495954572,-3.1871860483618137,-3.078658358712861,-1.4844549383765224,-2.874517764004067,-2.3524460637365108,-2.1521757259292826,-2.0314765481941524,-0.5226941368489864,0.769522087093074,0.9099949362485226,-0.5971765785787646,-2.09167637615837,-2.6269208814948692,-0.38612623472801083,-2.905601936820192,-1.1130914069599218,-4.211759769273037,-2.8316089055330416,-0.38612623472801083,-1.9729362455608883,-0.037206507554685686
206,SAM76a431ba6ce1,0.18437387892027088,-5.978805827262889,0.0394567463602822,0.9509813640844299,-1.4935557221178422,3.3532221263424566,-0.7458060709362887,1.3484911408591014,1.7282398662609133,1.2578743544691393,1.0239355294882406,-0.4713555414059732,-5.5355789137203075,-2.5140163034734777,-3.381396344512528,-2.3139106754838896,-3.0655404567230216,-2.428066295611924,0.14540487253960382,1.5563250994651838,0.38984021522181256,0.6686983661402361,0.6001025361833413,-0.4390073428537729,0.22621480923905044,-0.05456663025112644,1.7363168050313398,0.29447635098777875,0.9509813640844299,0.9509813640844299,0.6170576982568038,0.5807284281585599,-0.23134197590859604,0.9718295914864951,-0.1925952673462587,-1.4715897704708145,0.6929656985105774,1.1928236867471183,-0.35011378848836244,0.42987072512703445,0.25953508368250433,0.27184422094203003,-0.23134197590859604,-0.05204456443155804,1.1753155053583777,0.7956990690505863,-2.0684454897953826,-2.5464727780888614,1.1355519771967166,0.36082596438115166,0.42003578927122937,-0.5156007940773162,0.29447635098777875,-0.4845955404201384,0.6120651705784883,0.946544629199409,-0.5156007940773162,0.6119033632291265,-1.41092022692558
207,SAM7a9093b9c7e9,1.1441345118504327,-7.943439813738072,-0.9071464126773695,0.28963193341008586,-2.389758122408247,3.0171927699266954,-3.0792661316327066,2.086882191827563,1.4668495053432724,1.614649400183295,-0.005753358891292746,-0.4574072195621417,-7.63959287230144,-3.5656249754664238,-4.507971456562302,-4.236664947319622,-6.00605967520065,-5.53870843867283,0.23800285952942535,1.681627040603552,1.6617911644646923,0.10153511280099282,-0.09890321685318335,-0.3952876817607938,-0.3631266143796002,-0.30171831418311273,2.1139647197640024,1.1547280573272796,0.28963193341008586,0.28963193341008586,-0.3272629278696026,0.01919417188057516,0.34123867107776323,0.16814756370984493,0.03420686591098147,-1.1498694039414907,1.7422741636392158,0.7921843099970385,-0.26418101655890236,1.0562081922897728,-0.17992675789776538,0.5043861921006993,0.34123867107776323,0.6606188616308262,1.1683411850911327,0.9969683462581289,-4.353588586422476,-4.625930440440428,0.6410062792122339,0.41615081861790587,-0.030610298205875835,-0.024322802960487312,1.1547280573272796,-1.2535164213752235,0.5272948106935499,1.6513245690595322,-0.024322802960487312,0.012066362358434836,-1.4436241810741266
208,SAM8f2275c36e8c,-3.511802104468397,1.0055215843611502,-1.237149967641944,-2.5389663079340834,-1.3213061694146286,-1.8299808882197883,-0.9066022554054662,-1.4488184996229685,-0.5990659883304119,-0.9975760353031219,0.47420175140967363,1.4031630805157906,-0.7353111191276496,-0.09397629651781211,0.9862944583750859,0.048602220495519655,-0.055428690932767394,0.3731100732021746,-2.6072531794044833,-0.6775352237941219,-2.654794308152459,-2.260593473761939,-1.7179100216800385,-1.7232662575832824,-1.3899437276004174,0.9782411557338646,-4.862070180153819,-2.5212633264549176,-2.5389663079340834,-2.5389663079340834,-2.1538942497908717,-2.0936715206443153,-2.371370231645327,-1.065017806690458,-2.681853498818188,0.0047917862773028345,-1.788036622783359,-0.2644424381607778,-1.7141378355392007,-2.485386201871854,-1.4568689770180967,-2.453674932185263,-2.371370231645327,-1.5587508119344968,-0.5000471446416986,1.2738669152704405,-0.05797272037370088,-0.07017599504412814,0.426591178662195,-1.2797184134235409,-1.2618247851142228,-1.393590989784787,-2.5212633264549176,-0.0003540371480739592,-2.8147071644969652,-2.6279536536675097,-1.393590989784787,-1.6122882555915243,-1.9297179556103614
209,SAMab8052a03398,2.139492631402226,-9.033301446398788,1.0260192586729757,2.124517250723751,-1.7298836247204643,3.9508395811655803,-1.786397827707738,6.579582613789525,3.7713433298513737,1.9024225262002399,-1.50809394444033,-3.2978310398705575,-9.073221381839767,-3.899899515726234,-3.7814458114476106,-2.9224932945208404,-4.471506728391223,-3.125176568582085,1.1663900577859516,1.463789900928835,1.6008873688670793,1.547772673192948,1.5834860585974901,1.046244505996328,1.3479298377685123,-3.6808991271051776,4.809006324258435,1.885467711355319,2.124517250723751,2.124517250723751,1.9025944888270125,1.5685706209662338,1.7523389309121824,1.9692821815089874,1.0572576679856782,-1.5880958435297141,1.662665735434941,0.9016871388567631,1.0644480887927665,4.151793088310169,0.8956841454066986,2.205660790100622,1.7523389309121824,0.8109883157770049,1.0960475878495348,0.515282496816586,-1.3532699791620613,-1.915626522340052,2.3184825986636155,0.22232720970192424,1.1148063271217976,0.8918504317039587,1.885467711355319,0.6198993243010597,2.3184713529840546,2.492968035431706,0.8918504317039587,1.3537502972178725,-0.2973998431428835
210,SAMd3bd67996035,2.555625770149907,0.09116381910764443,-0.004469060450724994,2.2127551555404086,2.109260330260925,-0.28866026951384466,-0.7892358304178657,0.8772996772081877,-1.1554998702820034,0.5870150823418123,-0.47831010157033615,-0.4689920873158243,-0.022421521452791214,-1.4768075681879123,-0.48640916710925836,-2.3353434478617485,-2.163292514341053,-1.385604336152239,1.7164674415989494,-0.8558558604757789,1.8275657812790707,1.8885691836979053,1.3843739630142495,1.3822556413870766,1.2495288198702916,-1.039673352798347,4.3787841132162955,1.4623123197156858,2.2127551555404086,2.2127551555404086,1.4918190905503956,1.7571243728927834,1.5739855717407887,1.4421755697169363,1.9649807531775514,0.19724490539025377,1.2623885478839543,-0.4705899104802747,0.8306887236318591,1.5515056118043205,1.1081726810919579,1.1036215920910162,1.5739855717407887,2.2887056347028603,-0.36909334287483797,0.050204045171039095,-1.0059549361544309,-0.9139717573828677,-0.6527920944884058,1.5589517931127395,1.6796890378174838,0.6195528807910378,1.4623123197156858,2.027819142082717,2.6686692112417707,1.6718240384610492,0.6195528807910378,0.8380373925840511,2.5723233020747283
211,SAMfddc359e862b,1.3220413824955064,-0.5876896519578383,-0.756294369971735,0.24796361479365372,0.4182510675216161,-0.4591071560707504,-0.6505211678770237,0.9709522408313419,0.8232111796585421,0.9365869942221595,-0.6686387052979581,-0.4537448864352561,-2.756333962557489,-0.932139859023371,-0.09266371636010355,-1.5693649689469054,-1.0029342176685447,-1.3555673726454318,0.48794396342773433,0.6786915279496807,0.8733724973713493,0.1268908732780286,0.5150677066434343,0.648179953739625,0.08837231564143858,-0.6498934120881027,1.520130954908088,0.9242388198303036,0.24796361479365372,0.24796361479365372,0.10945046479466973,0.2395061257525557,1.0332365570881221,-0.13909503402187906,0.7355063886692096,-0.28823769831397955,0.5969197066134546,-0.45235017378550396,-0.27056073628083593,0.7545026010835265,0.44807003961964537,0.6315786733055434,1.0332365570881221,0.511478005958876,0.5128690182021627,-0.5157534677112118,-0.055254675169504656,-0.39019383415333453,-0.24108256690793498,0.5298775319667707,0.26552342460176215,-0.13420736312933257,0.9242388198303036,-0.8811293192995425,0.8186230724582877,1.0993640981237054,-0.13420736312933257,0.4987329757280545,-0.19074756452194636
212,SAM753d4bb52dbe,0.33518560061485014,-0.10654007236229124,-0.9636738222411325,-0.14618925559387275,-2.0295425680370633,1.8499778391628605,2.1576531965614905,0.34144902248939113,0.8256283591988202,0.5165211838332309,-0.018418987395073375,0.4990374371175495,-0.28038020338965675,0.13643422709602945,0.6411111569620394,0.2964550426023725,0.36750199001302325,-0.44499321273158493,-0.3208936828657699,2.4137039154242568,0.5580717433929192,-0.4162219041506345,-0.1464849922607182,-0.30886331419639235,-0.49384158280944435,-0.7409664920157623,1.3566815446419365,0.510116314052885,-0.14618925559387275,-0.14618925559387275,-0.31639150979541,-0.051352839635272714,0.36037408280498834,-0.17798399044142732,-0.1493543748367891,0.15087479189345418,0.5300920445249572,1.5778337295785871,-0.611094542496069,0.20629235850656846,-0.3704591965867649,0.36787932054758116,0.36037408280498834,0.2966688696140596,0.13900735094657204,-0.05873998233694467,-0.42394030303303976,-0.46999575271997907,-0.4346039192980794,0.3419656047748859,0.24743728610601612,0.5465322785951884,0.510116314052885,-0.605965793254982,0.34175628568431043,0.5302510957079558,0.5465322785951884,-0.033276355493494676,-2.734597598290027
213,SAMd3601288319e,3.3543899713391325,3.4827541522969043,0.9742810155440054,2.1235791320232096,2.5524225220348185,-1.1919872607316873,0.1934413103600212,-0.5181944840228332,-0.7683942369806523,0.013535032086841866,0.7653145554582297,-2.55741670744072,5.128850032143556,1.7905005327945096,1.1216944702753275,1.3088625712646687,2.5041494529051818,0.7423949864298325,3.028458203779567,-1.6755155445710224,2.0984727482552423,1.8586791515965375,1.7480042613139082,2.3871903290120597,0.496964099653212,0.5659329287851871,5.025837297720043,1.7579686136264685,2.1235791320232096,2.1235791320232096,2.124177609396613,1.5951536258926795,1.6602305835472613,1.0637484765654341,2.9098974232277572,2.754384547308593,1.2237002603149656,-1.1948988995620249,1.850614756323677,2.431074282958713,2.087040073057598,1.249672392195203,1.6602305835472613,2.0573245942767477,-1.455205337684117,0.8498711539022927,-0.2154051822978441,0.43699670683877906,-1.3705806450291256,1.4304065212785715,1.3978941849594522,1.14051279423432,1.7579686136264685,-0.3250212513560998,2.488943212349613,1.557027129714785,1.14051279423432,1.7720249431300643,4.70397374835059
214,SAM59f392864f5d,2.696452256719703,0.8060131850624928,0.18385830609478923,1.228547207738531,0.5316609857845402,2.7810928635566134,-0.2902006583295264,0.6435897899425553,1.3616868404154623,2.6761834124834487,-0.9514092201416714,-1.4274799089613441,0.10028908488688024,0.525642118968643,0.9020698213064441,-0.36037331481368995,-0.0734929204353291,-0.14178343854150322,2.1186295580936805,3.591853547802474,1.8947608844192005,0.7936249448339863,0.9730915967894984,1.5343398862774364,0.0925526383961291,-0.6151548383550323,3.2823041507512105,1.452814283043521,1.228547207738531,1.228547207738531,1.3377208644896066,1.1181936297594646,1.3631435582456695,0.5643831361848102,2.0180338728128504,1.1862709315002302,2.094880563549903,2.694296103184418,1.0848171786113958,2.414675296653087,1.3915317388856658,1.8591185200273672,1.3631435582456695,1.901767688316952,-0.4387713532175851,0.40209348955089835,-0.09268769190845094,0.05531766844139605,-0.06313636099802292,0.9967509673471824,0.8586425708611117,2.033918099251271,1.452814283043521,0.3435302170144878,1.7583245651276986,1.6026859439165209,2.033918099251271,1.156594783437999,-1.4732239897087935
215,SAM26104d5adc89,-2.842887403410255,-4.8132232236187535,-2.189519677435763,-1.3035862168272228,-1.4560711774120456,3.6885773897359746,-0.5484140544612356,0.36672011560687284,1.830354102838405,1.2130925779562507,1.1936984227629581,0.9440688701392739,-3.3027823654570994,-3.5186907750691754,-2.698998486632505,-2.9614683072356756,-3.8583255164914214,-2.6312605317595703,-3.1520569441272652,2.4014423883416294,-1.8494956270012286,-1.186335031694948,-1.5452550514256929,-1.8320543316699267,-0.2515608044042847,1.1296257549700155,-3.7005864368765122,-1.70557050084594,-1.3035862168272228,-1.3035862168272228,-1.693606632364105,-0.8424406231746897,-2.0745802771090993,-0.7032737879504524,-2.8096929636839567,-1.3050503750410285,-0.49424564069840216,1.844241314284941,-2.601096419070688,-2.0189217169296247,-1.3468153601752753,-0.809981871545131,-2.0745802771090993,-1.1368432151418248,1.7031011260297086,0.4805331557790017,-2.5251162451450977,-2.5423952349077146,1.5906398225354563,-0.4319411389681354,-0.7147511493456296,-0.3647164426635172,-1.70557050084594,-0.48856857141106264,-2.0188292773900613,-1.1264920581017321,-0.3647164426635172,-1.069127428399738,-5.553499332468895
216,SAMba1a34b5a060,0.8486460305792803,2.0723753303635415,0.1327071672097528,1.4066117765612565,-0.7629194010781465,1.253047944799225,-1.1305891023238321,0.45139772916762094,1.620243196962899,0.6562614472010828,-0.2856990125856251,0.22727080785122716,0.8584221160004649,0.8599180066689229,1.0844984548602195,0.8283307197207391,2.158175928507908,2.143490835810864,0.6419701079364141,0.8047191648593561,0.7616745764467602,1.1623532805254522,1.027225739779211,0.3851209981290373,0.8250409026654332,-0.7012835840138937,2.159127544798754,0.819729248771865,1.4066117765612565,1.4066117765612565,0.8319378984752942,0.9474886860676023,0.7049898057980051,1.06190689207917,0.7950493835190025,0.3780763845269065,0.28039699254010636,0.998852750573995,0.1948293723739483,0.8009397099859349,0.4129545588488861,0.7560360583547286,0.7049898057980051,0.8302423488550507,1.1085758677212845,-1.8419852678063868,1.366886805498936,1.1605339441086315,0.028146300944186332,0.9974893220775835,1.413112557054067,-0.15895650979424492,0.819729248771865,1.0546594681977008,1.5910104482396226,0.2000590729904824,-0.15895650979424492,0.777158282773963,-0.16274905692294206
217,SAM18a4dabbc557,2.1186132420255794,9.390792232702275,0.6306709047317322,1.278972173611621,1.089562956784326,-2.75833189038087,1.1544643629386357,-2.335912422516286,-3.05769243594812,-2.7340000157913336,-1.105578368942801,-1.1298602054346365,6.895197899497292,4.555509180851665,3.8495341196951474,4.6357668635593505,4.1443073313130085,3.973027698476683,2.167887599899386,-2.2543039846088098,1.3636654401771637,1.1003635316198692,1.289465276398502,1.7400851072739274,1.9379573563967423,0.6954239955919713,1.0362146454613759,1.2533108315599752,1.278972173611621,1.278972173611621,1.3226968579835536,0.9421162562540343,1.3949830470487368,1.4790004983406961,1.8811973498355106,0.50077229747575,0.04118670450136815,-0.30208117003979873,1.3132149949906025,1.2583419559897109,1.1932997938469698,0.4902862803685601,1.3949830470487368,0.9716468391099478,0.24290142601339465,-1.8627158629574836,0.8797478787723252,1.271253947340902,1.406498906107492,-0.20231967811319518,0.5965215984449053,1.2949809754628105,1.2533108315599752,1.4569035749488186,1.4846253829114684,0.49940028363314387,1.2949809754628105,0.8847070276277946,4.422191584508196
218,SAMfb7aec7cb0e2,3.2966433522272744,7.748492613128919,1.9381767054301882,2.798024787024693,1.872336042413028,-0.868477525523914,-0.8296665864486322,-0.34068791866283565,-0.04949486844145956,0.5789047004295376,-0.936982301657674,-0.4345995378307921,6.300743380671006,3.9955683296300935,3.231075370420321,3.527268282185114,4.146182985002814,3.9779445361013677,2.9707380458729813,-0.5564709807104128,2.2697907114573375,2.487572382732015,2.6764410749953607,2.319007462445601,1.5593212031342236,0.5595777781355769,4.834099239883759,2.0656842545372878,2.798024787024693,2.798024787024693,2.57888430483371,1.964468999288526,2.0820755358964904,1.9656933055547052,3.196586433576823,1.526650317361285,1.2400198327888914,0.5591874614117086,2.4915974745129894,2.2557352877367456,2.033799644776882,1.7574275645967892,2.0820755358964904,1.715925655590792,0.9840870780800774,-1.0622283403402266,2.299436086474559,2.9151136869697543,-0.6329986993015855,0.9028794170503975,1.832721525475681,0.6377885385789657,2.0656842545372878,0.0397110286853928,2.9302005140307896,1.4479452841328646,0.6377885385789657,2.071845535748262,3.527209026583394
219,SAMfed609955db9,-2.62333026062048,0.8321255132592269,-1.4858944564838634,-1.388601980396447,-1.421414619765495,1.6632837986651876,-0.03922685887985415,0.5297867696706698,0.39074071374608815,1.1822000173592488,1.531978569003953,0.6196446157841878,1.2316292244785083,-0.17976172530500736,0.15371084859093337,-0.2145930248766022,-1.0905748948519622,-0.6115411724315899,-2.234533527618211,1.3214713238868774,-1.7265166569950248,-0.8317222087066193,-1.3889827580041536,-1.6983047732538543,-0.944732975308658,0.9707545721259758,-3.3159137383023984,-1.4007446327055642,-1.388601980396447,-1.388601980396447,-1.3297929748121238,-0.8397141213637758,-1.277654714326068,-1.7727055351516532,-2.409922731087014,0.07930973790035271,-0.8398855350793227,1.1341368147603883,-1.8360404491453752,-2.5805119300498816,-1.6548699372062816,-1.7208970606677694,-1.277654714326068,-1.5214138037698515,0.13220092017889976,0.7064537304388043,-1.1702815661442167,-1.0778750004378717,0.17164854863153325,-0.32744251546180625,-1.6978799932602777,-1.2159100595825865,-1.4007446327055642,-0.7978196072884837,-2.042256946351563,-1.0113218121356058,-1.2159100595825865,-1.1848445125762994,-3.5560048515050884
220,SAMb8070b7937e7,-2.40947672001114,-4.773216123915723,-1.4481367702280148,-1.2381706836042663,-2.814171601807175,-2.2785858595491884,-3.7790176671015496,-1.6433476218605507,-1.119058352487881,-0.818217637636351,-0.5152474027486961,1.392784682144003,-7.467572158090255,-1.479901341529549,-2.128075281707446,-1.458350638432157,-2.549397394513625,-1.9629225840854478,-2.272050388038137,-1.6862698272240353,-1.767458064271243,-0.8417769982567901,-1.7526975018018631,-1.548458428916535,-1.0317920854241616,-0.06443588644054159,-2.9867974674013,-1.4114530249396933,-1.2381706836042663,-1.2381706836042663,-1.071329654531607,-0.7108519106369461,-1.611362549819619,-1.6506541721312578,-2.462629373638047,-1.5220678964333838,-1.1152140910269046,-0.767796223120099,-2.134902550619606,-2.164369694771534,-0.9431828158709619,-2.0159692240274674,-1.611362549819619,-1.4501461858788307,-1.6832035015572164,0.35902106925188815,-1.465798340142057,-2.238677487302923,-0.10594635974567052,0.19086748354837474,-1.442223730724407,-1.8041182129845839,-1.4114530249396933,-2.5418522930886116,-1.893526679654352,-0.9699543732534666,-1.8041182129845839,-0.9936003267617213,-0.5857805608141016
221,SAMf2aae1443f67,-1.4052476099064874,-1.3591194914643965,-0.9610019774621521,-1.833890256371911,-1.0339626173626373,-2.9117537457921197,-0.28055873726709857,-2.195965011904307,-2.8586151757826945,-2.444686802723236,1.7666905472922145,2.087309748335392,-1.2824327953615033,-0.8836209931267577,-0.702843840591801,-0.40792376941523467,-0.9567639681187434,1.4630632372579808,-1.0827204816236469,-2.6350856642524243,-1.594380653342336,-1.6818165702896077,-0.7666305746980874,-0.2144900945212271,-0.174990543422839,2.183739007729819,-3.0380984154335238,-1.3097596955627502,-1.833890256371911,-1.833890256371911,-1.2673506253683535,-1.0941659313435887,-1.2644984762181513,-1.1150068748167217,-0.9872962909052508,0.44204944614160546,-1.8547689140656063,-1.6880034626541844,-1.1977373529382713,-1.9146679969558302,-0.20177231553778976,-1.4825386590755736,-1.2644984762181513,-0.8202179365725789,-0.48683011574194257,0.7383218926905166,1.535542644419851,1.2058871647600862,0.9629072073821456,-0.710244692749869,-0.8164264161489744,-1.0105767951953444,-1.3097596955627502,-1.6307462345937438,-1.9392096292343797,-1.8281057414378432,-1.0105767951953444,-0.39105144908067047,1.5523651826287774
222,SAM2bba8cb35e48,-0.5704252920912042,-4.180556887242144,-1.6671583264462437,-0.5976472159110742,-0.6238786586763769,3.2639550173731413,-1.986503226235006,2.3254951330180567,2.4907190437057714,2.789376116419497,1.8754122719835995,-0.1891936312742887,-3.395923774367491,-2.962606223129514,-2.982178344400571,-3.0010654648525446,-3.825079125740571,-3.023369388530625,-1.5094928063658162,2.3194407008670854,0.2582649016141386,-0.2511500620227524,-0.9626483463306713,-1.2793019694083183,-1.30742490154975,-0.010441429075742758,-1.0222766369062488,-0.21114515139945875,-0.5976472159110742,-0.5976472159110742,-1.2187771503837594,-0.6833123733862118,-0.9843958035984697,-0.8315769396241488,-1.2068507897521004,-0.6503990132539064,1.4947833011224738,1.749263473094705,-1.4304528658861344,-0.4672661361279297,-0.7421755101194851,0.01993371435358734,-0.9843958035984697,-0.25943310839478056,0.9265929555387431,1.1472247038329402,-2.254180426568967,-2.1784892670522438,0.6692928609617042,0.46503622113456655,-0.6891933201213719,0.24148489093863462,-0.21114515139945875,-0.33965196352287574,-0.8394765934228771,0.5874908711730755,0.24148489093863462,-0.43506162250595376,-3.8289335072329016
223,SAMcee0fa8c05b4,0.6448457190691825,3.41968391984128,-1.1214868369317865,-0.23781794594430844,2.067436084719567,-2.7099167801112096,0.34242036018981176,-1.2141054032877432,-1.1209095140332281,-0.4827443535955359,-2.053587975745105,-0.8595315606823133,2.5813543889198414,1.6700393755136322,1.259389263417339,1.8493936187346387,2.1887935105437855,1.6698793897170292,-0.1355981122031623,-1.179181680617174,0.08091392767786981,-0.18101479962324357,0.07189169062905282,0.49771804956363774,-0.7807052329765201,-0.6364666546348545,1.232438661089735,-0.017319495734909724,-0.23781794594430844,-0.23781794594430844,-0.4950272290509553,-0.1961058151416952,-0.22195222525411412,-0.4152898747055994,0.07600959738306394,2.0468845559243776,0.08944460657415168,-0.49118952082851713,-0.7143968840485672,0.18682991473501007,0.592312135405356,-0.33445803831479753,-0.22195222525411412,0.21464226172728232,-1.6831750978292532,0.3510931767044862,1.2611931941555476,1.455349779786872,-1.7825727116440366,0.19726556341200455,0.20286187665836192,0.26423930473012575,-0.017319495734909724,-1.0763729024863282,-0.1504570581569547,0.37671300550002496,0.26423930473012575,0.14406225615253787,1.0435835684140118
224,SAM5c139c5c1c4f,-0.0810592715702629,0.483575370918116,-0.40619339004902705,-0.650909840028143,-0.7164758535141651,-1.9452828568720597,-0.5036035580664355,0.6229026823764614,-0.5023570943850384,0.7283873783338272,-1.008170972867926,1.0019527078047765,0.9527857108694506,-0.5062015220059197,-0.7751000669594882,-0.9646282144598225,-0.8751976003237949,0.07787438245711663,-0.08548818183459923,-0.596522960816475,0.5426655414374366,-0.08249104676973801,-0.27653604654629754,-0.4189053517314553,-0.5464231776321925,-0.2675651681359869,-0.7245568416748484,0.26561671860450325,-0.650909840028143,-0.650909840028143,-0.8264370955051642,-0.6626344813429995,0.12709819705575195,-0.5896170840298861,-0.09475716126543712,-0.026060687686172465,0.8441336081362927,-0.8323154051595447,-0.18756237844164303,-0.2149020119500142,-0.21224223277936619,-0.4149571999319311,0.12709819705575195,0.437027506408195,-0.5793948664767962,0.10573365503993556,-0.32447606797215495,-0.048050962899234606,-1.1344550517797625,0.599425583995215,-0.032949046011237985,-0.743962201422559,0.26561671860450325,-0.847429171759576,0.10705784944620382,-0.26993733399021197,-0.743962201422559,-0.17136945397246667,0.5110347789818758
225,SAMc1251c7bfee2,0.8333953055017632,9.856325263567948,-0.9343509657658581,0.7387563103820041,2.3659370446433394,-1.594230499964364,1.1963220559341692,-1.6296293650694476,-1.757924508383107,-2.505627339273671,-2.270690654015783,-1.9986393560811,11.042916419741685,4.017064379669967,3.580335964538283,5.521671247829582,3.911286770237157,3.497763993021177,0.9683072998936342,-2.611423064908761,-0.1985218915941417,0.6335651740594013,1.0037636506958438,1.4712436714983879,0.06337468276499748,-0.9660452803113538,0.025984322443763124,-0.0038199288534349492,0.7387563103820041,0.7387563103820041,0.2591720766007749,0.5699194420628217,0.6016516643112096,0.44612974217144663,0.7872756703752458,0.6440078007204588,-0.8558137689681558,-0.9511365788854971,-0.3647111266308862,1.153682014864695,1.037156068273373,0.5077558303820455,0.6016516643112096,0.41818047428270316,-2.0133527349366687,-0.7282314804857124,0.8311335532111905,1.7253271748977603,-1.1132213932381199,0.1402649970225664,0.4970184113505835,1.3830394969966222,-0.0038199288534349492,1.5047894806104534,0.7763088263360317,-0.36404720580209865,1.3830394969966222,0.6008542878314319,3.579730364802395
226,SAM6780ed436b55,2.0387742131516853,7.318938756939875,1.5096217474776001,1.4489667481974842,1.5250685192890505,2.219583937791323,3.6404325400720645,-0.4751255387317996,1.3906989350983725,0.1019725307837245,1.5351109497141417,-0.4309073047563855,8.464199404639833,4.174286444997362,2.554301539299464,3.7836769841409232,5.223070759397535,4.5819198373986705,1.353069431397061,2.529102626528228,1.4002021162332305,1.380698797863523,1.6476407460310796,1.5528395087918887,0.32009068524463585,-0.4789903619768719,2.2811909671704673,1.1896953162817778,1.4489667481974842,1.4489667481974842,1.4747983692963231,0.7703199711125395,1.1843743269403137,1.320344520931977,2.2312966951563737,2.0286984010529983,0.6047658952332722,2.8486788736437902,1.9126080210887522,1.7743875334950499,1.3159243067932676,1.2329050257660445,1.1843743269403137,1.4271427540541974,-0.315777315450556,-1.6759580158684362,2.6730555097288278,2.8974902427349787,-0.9385012606979558,0.718081721292981,1.4678862713751215,1.4916625420776937,1.1896953162817778,2.18418364590639,1.9880723647308907,0.35840094191179817,1.4916625420776937,1.2919046230562259,-1.1760331951311669
227,SAM85f0a3ac1c45,-4.645887628829206,0.822800245412713,-2.5860893839023906,-2.8951159341913417,0.8562815236926926,-1.6529523224089928,-2.9473422770641577,-2.7704026487088997,-2.3694108564629475,-2.0469841801257957,2.083639836445544,1.1351899603339097,1.826963996683265,-0.40953717750452473,0.9456507030176463,0.15951300544383668,-0.22735747682818397,-0.6035713259731781,-4.194784951989616,-1.610692131295768,-3.097193821483425,-2.5426754887458016,-3.5838083325590016,-3.411976904771767,-0.4918899998785902,1.7357784947792476,-5.8294116645428735,-2.6468141782256986,-2.8951159341913417,-2.8951159341913417,-2.3846563226893176,-1.5103067486832558,-2.646781662478978,-2.5480145753620613,-4.267574485898648,-0.6256735452440667,-2.515060149211394,-0.1427870846955117,-3.3445551652055587,-4.665675616549077,-3.2334111781406834,-3.8420951180828666,-2.646781662478978,-2.045216225501266,-0.518918659198779,0.44352791747864695,-0.7359192965167473,-0.806430880499066,0.04220224785203821,-0.8648931636053869,-2.0294282840652937,-0.9259194189016646,-2.6468141782256986,-1.0623640108040475,-3.6867028106039834,-2.479090655447948,-0.9259194189016646,-3.0781996011831594,-2.584092820693848
228,SAM9d2494119c05,-2.226733698416308,4.501567832722161,-1.9674558862174552,-3.851191620621024,-0.7516030474149304,-1.864436356133034,2.302999803580119,-1.5406030559849586,-1.4827178982789202,-2.1538871769575065,0.5403582926458915,0.7126030769184168,4.704136905639579,2.3915644166143717,1.7087669452454572,2.862463404470764,3.1235989442620538,3.106682648202793,-2.355172214955989,-2.023083888547743,-1.7200816134592969,-3.1163274117671085,-1.5955454955047086,-1.610010508224374,-2.784821059224826,0.6165022625418572,-5.2147390871216714,-1.4424579011971523,-3.851191620621024,-3.851191620621024,-4.062511650786271,-3.6569860605177493,-1.677999650591494,-2.215262095441598,-2.385674237879764,0.9846699293057867,-1.5329778909203473,-1.6563028447215449,-2.5283109925010385,-3.418819814026006,-1.1081988386063706,-1.8535402750758423,-1.677999650591494,-3.86098351048141,-0.5159480009782301,-0.7949589907290293,1.4794669114828636,1.7968403253795469,-0.6724898722293665,-3.2197626239400043,-3.214015110631853,-0.8704358917383738,-1.4424579011971523,0.18194766964239678,-3.9803277064655163,-0.9063152738022571,-0.8704358917383738,-0.8886336533217916,-0.3320883264082459
229,SAM9410b866974a,0.592379225361068,-3.771356517451128,-0.09622247568745093,0.8644741367390574,0.15209405291591538,2.6413976999062556,-1.8638838801382487,1.5447400838401761,2.843179636912509,2.066147264477796,1.1023706200952856,-1.4705692426191919,-3.7255346877783624,-1.8010085034550012,-1.8115732497347876,-2.03962134622872,-2.0158329501638192,-2.482381223490031,0.7718716465296724,1.2499341668763602,0.18604906277968286,0.6412456032333667,0.3822221399907558,0.7144277145064927,0.6010531212530236,1.4976427389261076,0.6891169993450011,-0.006356243648217446,0.8644741367390574,0.8644741367390574,-0.12924086238273474,0.10609185984450792,-0.04735463362056252,1.6270636372983944,0.4964989112769981,-0.6568930435231085,0.532203546740413,0.3208814239101642,0.20649413877559475,1.119841601603536,0.6686395437277943,0.5826320530256173,-0.04735463362056252,0.31516684769801157,0.9039050437635111,1.9177014598800541,0.23210209459645015,-0.11413292978533784,1.7836531496901666,-0.33429619461133375,0.5132748339314719,0.006189408522328048,-0.006356243648217446,2.424293875381031,0.6519181777109129,0.918208814495396,0.006189408522328048,1.150039447768592,-0.4780625203466877
230,SAM5d989c86255e,-1.1703139281179293,3.8541200776279547,-0.9277705281992964,-0.8473402731207325,0.08224379628889494,2.4497304815101666,0.395671830603772,0.5049338001977275,1.0401917541863812,0.9818878408090423,-2.0760141799921574,1.1536939573504497,1.8743121370408016,2.1145660348421043,1.8862275252859224,1.4338593375087418,1.070978153524041,0.17551418539136182,-1.2566032339459934,2.7452766363031986,-0.8988326076954126,-0.8889164380382985,-0.8880522636370644,-0.6431716031717771,-0.6202210865445927,-0.22959501546820263,-1.3802387162392502,-0.8346679900942746,-0.8473402731207325,-0.8473402731207325,-0.7658125599866943,-0.6645828935595675,-0.9617288765457179,-0.5962282054800766,-1.0209627008567324,-0.8782893707524488,-0.5198730452335582,1.6084345497276795,-1.083968645997364,-0.021714662451897303,-0.4564569902385909,-0.130722617306601,-0.9617288765457179,-1.004638057704923,0.15101790436737092,-1.2012523330168914,-0.7226848492480664,-0.8346047232321003,-0.00992309901433436,-0.5902828757586197,-0.8537922593388176,-0.7129092179858825,-0.8346679900942746,-0.1259829861424105,-1.257550376150977,-0.2315876544787588,-0.7129092179858825,-0.2572649888158127,-4.0018798702491925
231,SAM27299aed7681,-1.772567055507834,4.640202742938358,-1.7022167869106097,-1.2887139198792104,-3.7080952706966133,-3.1224221082423633,2.1480218184119244,-3.292667130742298,-2.6399097544596044,-3.107935639664423,1.2853427928908399,1.3216601681154436,2.770572064879264,0.9745150108530196,1.9395102544363314,2.2706747383293266,2.4155710421399657,1.5942686018197372,-1.3988708467512903,-2.6504388416178317,-1.355204737574038,-0.9107831988661194,-0.970722787202281,-0.17791937106237385,-1.0269396467252818,1.1793444401184947,-3.361587196906699,-1.295663037513571,-1.2887139198792104,-1.2887139198792104,-2.2426143617732044,-1.2032444336210446,-1.2089778631432262,-1.5568288308167757,-1.0614769523926098,0.3244811370795205,-1.5011340434525229,-1.1487611716617594,-1.4946581745836585,-1.507069841361506,-0.20866018365339406,-1.3020854749369082,-1.2089778631432262,-0.6500761050621505,-1.4645870779095829,0.5657504245605579,0.1842272896947387,-0.2896011470009124,-0.643513406331508,0.5719959692754462,-0.04593525894619463,-0.5513582910972267,-1.295663037513571,-1.2611468023644017,-1.3849446310515703,-2.7278327305687644,-0.5513582910972267,-0.6503568748470268,1.2515679948665415
232,SAM49d48750e294,-1.9892712289108845,-7.418852863022888,-2.1066743037909417,-0.41504080089015055,-0.9879233232915658,4.559443330490464,-3.2263302892489047,2.3284310454930552,3.1067801532753228,2.671165448010655,1.5199320714380717,-0.28277367387595076,-7.716956392581066,-5.021229838937162,-3.818720720207365,-4.502753542788483,-5.618095929161236,-3.3013621942414675,-2.664960904335852,3.0669660734747857,-1.1434846640247573,-0.39097082573278996,-1.6748532337878677,-1.642555379806219,-0.40236304996077427,-0.027360695937679355,-1.7471531023794775,-0.8423944995058552,-0.41504080089015055,-0.41504080089015055,-1.1156784493484606,-0.2613478877213571,-0.9844955092084622,-0.5194398873331882,-2.3958903797198743,-1.4341734078513617,0.04574658641485558,2.3779036091236656,-2.3071982318289734,-1.569227338006509,-1.5287284270750088,-0.8714320937056623,-0.9844955092084622,-0.5915220193746488,0.9755378296218146,1.2011849237564651,-1.583331468731864,-2.1069217427959477,1.1783110793070417,0.4997009703227689,-0.2623190188229097,0.02426179882150036,-0.8423944995058552,-0.4774324800969805,-0.7113068482681478,-0.1359734720196601,0.02426179882150036,-0.9628055358368364,-5.731926977810637
233,SAMd43f8933066b,3.4675547238872566,-3.139039994761214,1.055748541603979,2.0144408939953493,-0.49667403287838,2.35509573523708,-0.36753233861892043,0.802185264239315,1.3653397840432226,1.992244534376663,-0.22071242400545596,-1.8555033011135769,-4.928098427592202,-1.815786234955871,-1.0517207265578665,-2.8847128246640854,-2.675341029171817,-1.7710103671770085,3.0221251613264295,2.9090634553383,2.4949485300364316,1.7810238461889112,1.5342948506791765,1.991131633365701,0.7189585535950026,-0.3271755521939745,5.1494205119222,1.8352257531026042,2.0144408939953493,2.0144408939953493,1.4198131622141712,1.421918815653017,2.069601769865109,1.4900958188072098,2.733709636744381,-0.4387342324245223,2.4086391955974396,1.7925808989467165,2.268131506092379,2.864068715677717,1.4632645563307125,2.1940449335991574,2.069601769865109,2.79295157988624,0.010869685949776609,1.0278738205436662,-1.0171157936295074,-1.4106289345378935,0.01816152410704405,1.4930064082587582,1.7003860654236873,2.5477891446733136,1.8352257531026042,0.12243295150803964,2.96844502097853,2.0556276640251925,2.5477891446733136,1.1987850459210696,0.11306170598812937
234,SAM7aa01fc49a80,1.6399687557377196,-7.837353934380136,-0.5150859040541724,1.974473983628134,-0.7869900080835261,2.5264213017142665,-2.7460329640159324,2.4956683401276125,2.130408475944511,3.550313404553183,1.5811131297626284,-0.16410415401701975,-8.397204191249868,-3.4007643478448064,-4.618883032209109,-4.988088703724489,-5.510150931393493,-3.1845136127384226,0.7400659863456979,2.0477476431064185,1.6264182895079917,1.6928285198006037,0.3349288817982423,0.12188844864028103,0.9472309715431285,0.9981247645968585,3.7527137251836957,1.3307714701240885,1.974473983628134,1.974473983628134,1.4720205765071528,1.7619805240495021,1.4220738565288247,0.8481589683694213,0.49403737076726956,-1.1784301437110702,1.8151091637161934,1.0960310911768998,0.2843328157414917,1.0800945816810097,-0.19102948905310072,0.3439062055355119,1.4220738565288247,2.1063408972069086,0.7762097430238136,1.390798441682645,-1.9882226392172897,-1.979571863148838,1.731733857446526,1.9748550693627749,1.2018871264848623,2.0859433097402564,1.3307714701240885,0.7208171848850186,2.3698248136983424,1.9075457575232817,2.0859433097402564,0.32101587017015215,-1.3076816567607206
235,SAM0257bbbbd388,-0.3996126677884521,5.012653140158915,-1.0130011552047373,-1.2545939904877415,2.7015785483101276,-3.2353607312296653,-0.16990963613549356,-2.1888468614603713,-2.009587512367957,-1.1409803394414932,-1.4364590077474853,-1.17055640175089,4.319110077332111,2.940509778155893,1.8726002734380023,1.4374047560195586,3.5591364683144495,2.0933683278839843,-0.5363626697652082,-1.1403042232844665,0.10249861444431319,-1.1189638215842934,-0.4421863580957333,-0.8231221441294502,-1.1083432254926922,0.06733043649396465,-1.5853816564807544,0.057052900748344224,-1.2545939904877415,-1.2545939904877415,-1.0117975822095644,-0.8555840104786588,-0.3198056547653906,-1.0572431373869984,-0.6468818810494941,1.3875865332771324,-0.20917374401697622,-1.0517274374240548,-0.9905680206072884,-1.5973561573442618,-0.6016637954769933,-1.6934165081768757,-0.3198056547653906,-0.5756474383797741,-1.568181076318413,-0.7502777708725391,0.5958758359196424,0.7645190092980915,-1.8020787240408016,-0.6268516650127589,-0.6046056647585183,-0.762142466087277,0.057052900748344224,-0.29568762664087,-0.9843178107464712,-0.29417838484590264,-0.762142466087277,-0.8285428060053395,0.6039415535192583
236,SAMc919aebc7fdd,2.674221470755191,-4.101922269837624,1.2143008732537877,2.060074522702768,-2.1024973122878197,0.5159909005727418,-1.4926254587463432,0.6584592090546079,0.20159909824947914,1.3094586951630405,-0.05799581475739901,-0.09898756227031764,-4.460458571644877,-1.883665339737279,-1.677202614131381,-2.8124276639270196,-2.11075755450219,-1.4419685201894512,2.0989345106142303,0.3377489596208823,1.8324391434760918,1.7082009615211342,1.1591963817207362,1.7384439411120918,0.6715300967646303,0.19507380420870296,4.324395082920117,1.5081847357430025,2.060074522702768,2.060074522702768,2.017714989807254,1.681550824124249,1.5601994505953671,0.934088065020574,2.181043491127281,-0.30385040298309807,1.8444164013235087,0.39723580011530113,1.8895445367297126,1.8742152755748884,1.4489007802194498,1.4175838172502133,1.5601994505953671,2.1548250287974757,-0.6762620220695826,1.190984080933117,-0.7393135887715294,-0.754841742344851,0.05086490988715805,1.712142092528731,1.5289364662917162,0.886170477982249,1.5081847357430025,-0.6994629770883017,2.448061451850328,1.5086662285342065,0.886170477982249,1.4248141208317355,1.761185550993348
237,SAMa321770ac31c,0.5096234591626412,10.738375654107264,0.11632073925936284,-0.30995792281816903,1.7280372416968341,-2.317448285482784,1.813640165722116,-1.1972383801722493,-0.6702285663896103,0.06214133956771281,-1.6341173879252875,0.19202093344282414,7.62306871715023,4.018920021736715,5.783272291664757,3.440532454120041,4.019639454768728,4.146235363008209,0.742328202487102,-1.4069875489819121,0.29164378748201836,-0.2803756902201312,-0.030487062698325244,0.5605939261590045,0.004585368179133794,0.5666788623373968,0.34497639821197096,0.04572568286128405,-0.30995792281816903,-0.30995792281816903,-0.4047929521686534,-0.5571902186683242,0.22933801630358863,0.30206231861596883,0.6842606641289027,1.41623437061048,-0.06442580808966551,-1.6057109712944957,0.6075320946618605,0.4812813639705438,0.2880024020234583,0.3014721805713376,0.22933801630358863,0.040667149331083625,0.47382964612837686,-1.3415214938407196,1.0410504608346491,0.7142305194795243,-0.18513777725036323,-0.49876050169498787,-0.020821293822866332,-0.16923233193395348,0.04572568286128405,0.06976471955196592,-0.026980886236720004,-0.3697461799078786,-0.16923233193395348,-0.10566586521546928,2.149315751469014
238,SAM3894ac3956a5,-0.25430258684471413,-3.332728926423051,-1.168519619776833,-0.4526355128761332,-1.095695925035209,2.0013508722561673,-1.4093932302646395,0.44903657073337006,1.4498817565540412,1.080145232122635,-0.2479265125845029,0.7706169111067811,-4.447754809778623,-1.8689651861216126,-2.0157772865524493,-1.4948526704185765,-2.4969185612971123,-1.2073555311833035,-1.032164806376455,2.154896465240359,-0.15500566193669787,-0.38757273229618017,-0.25797876208560355,-0.3382990245647316,-0.40765149470102957,-0.45162591996524154,-0.5539501882456827,-0.1748737200096696,-0.4526355128761332,-0.4526355128761332,-0.9930805058250803,-0.5466091234841468,-0.3045372394674188,-0.24633904631769257,-0.792660303139178,-0.9744091062171006,0.29507680721033924,1.5954721827308196,-0.9434235491606859,-0.22622827187271513,-0.30929611482638864,0.030229535191381673,-0.3045372394674188,-0.35251011880528454,0.6141945127600179,1.3143734168176315,-1.1361053803140646,-1.1601887917668727,0.5877876812290538,-0.09456926682521896,-0.0708366717578642,-0.5843347176618156,-0.1748737200096696,-0.661693758688719,-0.409523937266076,0.3284885127183332,-0.5843347176618156,-0.14986338738827626,-3.1870612716168143
239,SAM3779e979db6b,-0.4218624931403254,-8.791905775786377,-1.0327653012969849,-0.11486342902259405,-0.8312107046317846,2.3481381298849078,-0.8415861832495746,0.7367167445490144,1.0417276762153298,1.0688296203631216,0.48691989793012724,0.8885992404822742,-8.93399633667761,-4.604185511445002,-4.878300243552511,-4.469572359467037,-5.527734126333935,-3.853253852715694,-1.4396759687166383,2.4637551778811875,0.46800134252453995,-0.40587833399199535,-0.8101639570485408,-1.6691582335237354,0.309847170276146,0.14035691633698108,-0.3014788770458621,0.6064329100990062,-0.11486342902259405,-0.11486342902259405,0.011856700676553391,0.4578203126480652,-0.020145690400294847,-0.19190463206921643,-1.5703023405345418,-1.6459773540630345,0.4917852848115237,1.7126339913924329,-1.2165767024183456,-0.7767843662283007,-1.429118245244529,-0.8032317503555276,-0.020145690400294847,-0.03570379824379268,0.29244129064272945,2.0642257357183116,-2.088301842319525,-2.3618963197692926,0.5563573086076733,-0.19429157849926132,-0.4957536931653544,0.03743864303173711,0.6064329100990062,-0.2327344451930731,-0.21376856254165622,1.2045721372219054,0.03743864303173711,-1.0025409385101087,-3.9034311465978258
240,SAM1c0ecfb3eb63,2.0737994468937475,0.8063505599043314,1.565910746183694,2.471645847227978,-0.9466345678602109,4.282510227875716,1.5499434804510115,2.650215495056883,2.7005817992644037,2.3154674872016883,0.14856132878269782,0.45722120686493034,1.4621426944619824,0.1941509447809898,0.7403924141640421,0.332991467992472,0.43977142812016184,0.8097969911678902,2.3221724752739954,3.821018425699225,1.1266260647550224,2.115107097539325,1.8813076829176203,1.7681924362951853,1.2863293191372154,-0.5398013781492661,3.879883449660295,1.0872467646034625,2.471645847227978,2.471645847227978,2.5038939219204166,1.9655359501608702,1.1744919739690443,1.3950447800119472,2.1945039132571513,1.3495077890215073,1.2700738646845653,2.5062385786967427,1.6318955049953063,2.0764668221393574,1.8225675997222912,2.5371848020697176,1.1744919739690443,1.3328837305195336,1.106233002781763,0.137566469413909,0.5033684426915702,1.061406286265716,0.8627903420628303,1.5265944586132063,1.57190382172838,1.0900983530525188,1.0872467646034625,0.7585452976531004,2.307560421300294,1.1136299503105247,1.0900983530525188,2.1900748154155645,-1.4988459504252294
241,SAMbf91f27e7f9b,2.0256490959441287,-0.2805886386419792,1.088632205065919,1.2920536056723606,-0.5135465149890931,2.761303260568988,-0.6247633414794359,1.8466345862125992,1.4057721069231113,1.7234535257119317,0.037561781423418164,0.6330179632783923,-2.8749322674153164,-0.6349885863010042,-0.741299221844697,-1.546376227289239,-1.2563131958588072,-1.7290463588370655,1.6026364553356585,3.0204897854607813,1.317787281329463,1.0000885530087607,0.584663487499213,1.3181497746063517,0.10896182980062541,0.23117739073903482,3.7835044368191917,0.9955716397212272,1.2920536056723606,1.2920536056723606,1.6471422760551502,1.0586467930458996,1.1017473925199743,0.4682849990414815,1.702232595843424,-0.8961563876372018,1.5828023367815893,1.7249794856409504,1.6450518224068322,2.1322847564946237,1.037781589890811,1.8142839888537856,1.1017473925199743,1.5338428142916087,0.4389203653101249,0.06170887858397759,-1.6133992380430155,-1.6420973210067131,0.008230459954160003,1.1901987559092837,0.7263363496949437,1.2954933522084078,0.9955716397212272,-0.6137181047959903,1.5828080723471056,1.6972299630991248,1.2954933522084078,1.1085651747528624,-1.4178533301251228
242,SAMbcb07ba81cee,1.4297582635214008,3.602819593083044,0.5102221784505568,0.4832049618204667,-2.1173889418256495,-1.760541303886904,-0.7058126468617512,0.47855426173157367,-0.9308542564847366,0.45450855179168315,-2.1338486535790175,-0.06190443169800421,2.0378482507805966,0.8962392529302614,-0.3772415691587707,-1.5967570318136926,0.06296284723777297,1.3203766752892203,1.7215736238489754,-0.7187224574713637,0.762489347418844,0.5898251155097601,1.5876186156183376,0.9301773448162572,-0.23810248610126364,-1.663829797149123,1.7024186829276235,0.5572595089827515,0.4832049618204667,0.4832049618204667,-0.4671853197109523,0.05869291926923741,0.2464182372680544,0.6516321647164511,1.5663445792985862,0.3878763154129875,0.8550220962005016,-0.15533654608283587,0.2641474618223581,1.4946143850712728,1.629267623841018,1.2750600027185233,0.2464182372680544,0.6337908742034636,-0.906680752626143,-0.4338244527470389,-0.11075270411858178,0.3178438056075844,-1.662811896333245,0.8093836822756008,1.1519469811096499,-0.32895252030324473,0.5572595089827515,-1.36388207587293,1.0332546593157457,1.056561469625921,-0.32895252030324473,1.2463269337611949,2.440296081320339
243,SAM9aa6a095a9d6,-0.15083518513950914,-5.128982456926075,-0.3944920256509692,0.384337956805042,-1.244454102874019,0.8529160732597323,-3.041097803961676,0.7573541857176319,0.030175997391179866,0.22170857063858662,-0.24817420000146723,1.1912861530968213,-5.101448726199948,-3.1086069160002774,-3.38880894048147,-3.546645894241028,-4.207624979991202,-3.2061349961428065,-0.23871333033236827,0.5312016015959349,0.19626925250962887,0.23977137251598327,-0.5696108800866974,-0.5545455317225775,0.3244149700950707,0.5845372544859695,0.6269957963442502,0.08837918132574903,0.384337956805042,0.384337956805042,0.14185538432695463,0.36894314718947163,-0.10348970727214059,0.2623472484428858,-0.4175216910287436,-0.469946853231092,0.26445391377213423,-0.20692291321899275,-0.2792939791834242,0.3177137684121742,-0.5161788239586328,-0.00668732851293469,-0.10348970727214059,0.6574590464548367,0.5945604800699368,0.6781772137503055,-1.979028810480489,-2.2917896766653496,-0.22740971920222386,0.5618364580968226,0.23044446573754904,-0.1427899316324021,0.08837918132574903,-1.3322979408172486,0.3829323181310852,0.4074924808436262,-0.1427899316324021,-0.5360480618933512,-0.7699149319283032
244,SAM957378bd907f,3.319367016201567,-3.2162525412937644,0.9768752240414117,3.0347061386733643,-0.9035126519534464,-2.6037668820936517,-0.23210036055720876,2.6712196306945506,-1.7131420063220821,1.210551712456953,-1.650661667439437,-0.7645240831615184,-4.33789161658837,-0.9436226304046789,-1.6200617135039148,-2.4159339992845776,-1.4408433999729846,-1.8061759980813792,1.9187887530254102,-2.4918774829659602,2.759157907407251,2.4663342170829035,0.8186041522652603,1.0569877646539572,1.9797677975602659,-1.5472687845604964,5.40131545990492,2.4155855240669712,3.0347061386733643,3.0347061386733643,2.589146835664685,2.4862541969604153,1.9681263632154462,1.657273320631879,1.8241698576128895,-0.37030217812347943,1.9842412767499589,-2.405816035017777,1.7662182319912247,3.2853631130764556,0.6638643474868411,1.0215923589059113,1.9681263632154462,2.6227828892137537,0.177223081398904,0.5450592506871885,-1.6042514322587778,-1.8887957036059884,1.313043161062231,2.141291521966349,1.995911399350771,1.311235299930115,2.4155855240669712,2.2334381996976997,3.2812602425752355,2.655493225308436,1.311235299930115,0.4812087528693244,4.41066623599137
245,SAMf82bbdc267c8,-3.763750439459627,-3.164670538296154,-3.576159038649538,-5.026070018592422,-1.2052056510291065,-2.01045594808568,0.09174060064877809,-1.5996572820362407,-2.6995277464247214,-1.8092896735510973,2.6654229837553474,2.0976649020106617,-1.6066627445125166,-2.2822911531049015,-3.193543046982524,-2.1291218711713746,-2.1172731824651287,-0.7754634664618866,-4.507862490318154,-1.2629231384218067,-2.312988574385852,-5.054643369368469,-3.6744220210871004,-3.0459019409230286,-1.2001367123874203,2.2445831451879186,-8.145975837516895,-1.9108199063676943,-5.026070018592422,-5.026070018592422,-3.9769652388018613,-3.0861910790707023,-2.112793907472426,-2.912233120674977,-4.3280004310430495,0.09336693932382564,-1.611535450786489,-0.6426301309803524,-4.062436461942453,-4.125899723143556,-2.7250702203296213,-3.133199733250664,-2.112793907472426,-2.836258228500568,-0.05876112799136389,0.9030432091021593,-0.15332988582902846,-0.26208173830316545,0.5633765171731498,-3.3900280734121755,-3.155508021037055,-0.6008923160070554,-1.9108199063676943,-1.2642087635054464,-4.8600568798747386,-1.5662683681774046,-0.6008923160070554,-3.3216410844328794,-3.2449393518963476
246,SAM2624229effe8,0.0753448746149585,-9.842811675559796,-1.4722774488555161,-0.02026554834288562,-1.0412492466549406,6.00867310597185,-2.3481495181982743,3.149714109692543,3.3833453397776503,3.4429007885057974,0.7386877795275811,0.2705004122511226,-10.649906654363525,-4.031328262981042,-3.7858437122187296,-3.889999551398825,-4.912494091000736,-3.635662043773029,-0.16283694346766056,5.406680532020519,0.23929534530743726,-0.2704346011109364,-0.4767195238006845,-0.07996813805799886,0.10982204297734034,-0.7986759453907942,-0.15565454108216464,-0.13141602212296793,-0.02026554834288562,-0.02026554834288562,-0.3420494015171754,0.3748039104092304,-0.05500215424728652,-0.19152238567268023,-0.3139324557491807,-2.4122643880915886,1.370562319904658,3.780694273046391,-0.9358144313468733,1.2682084172867762,0.07278838661716756,1.6659116886760748,-0.05500215424728652,0.8240923259011949,1.8711178956173582,1.7583892523507907,-0.9761338026721242,-1.1951582017271083,0.9695722234006156,0.47568393337844006,0.20173076911295415,0.7583100660491342,-0.13141602212296793,0.5650338994843769,0.06656110536713518,0.6988787047009692,0.7583100660491342,0.2816799856179692,-5.56951747548818
247,SAMd2492b2a31bb,0.9099719857387127,-0.8398616903228076,0.3847689122339135,1.2069665710751514,-0.699236183508243,5.299282307491751,0.1364041566933547,3.682834019624049,4.542140221137853,2.233527128102147,1.7483311592764232,-0.8366477989403761,-1.0066920629414984,0.16800037216684227,-0.16677210557984248,0.21997164128925667,-0.6263199377569877,-0.8042613922946301,0.8917892379231249,1.8809947829436664,0.6458776541156491,0.7998616617304094,0.2472892466359781,1.2176424684574279,1.0019596184316375,0.24120986200086755,0.5254202405423222,0.6911306561185139,1.2069665710751514,1.2069665710751514,1.6209965620855342,1.4176496573463377,0.9586349102341392,0.1622658603879502,1.013417749561752,0.21389313527394768,1.1683747280109127,1.9410211992185185,0.6673721530141286,1.6081096201046563,1.0406433828592518,2.140317264568565,0.9586349102341392,0.3108057396126151,2.810248543473209,0.2563367405844668,-0.6019277154977082,-0.5460383489171274,2.177548219712738,0.17434406062193789,-0.5623979408792043,1.2062360045983278,0.6911306561185139,0.30784955586661505,0.6542444326083114,0.6081451745053713,1.2062360045983278,1.7886271372773825,-0.9892055450205415
248,SAM670649e105b5,0.9485696627976342,0.00048777798652127076,-0.9197575831726341,0.9146880025241737,-1.327816023791226,2.8404902500112024,1.761484039155841,0.6806069836980423,2.0478900863078544,1.284064728113929,0.9587047781618901,1.5394888410241774,2.1141843027298606,0.03210317803989352,-0.5752199037207011,-0.38923070450921604,0.3468881715321275,0.8880319433146778,0.8546025789135095,1.8948575162982897,0.1983459834793641,0.7363743404666797,0.6404512400561958,1.1265956603685952,0.15905912621233131,0.9153364920136157,1.9058175618266624,0.2629902401323302,0.9146880025241737,0.9146880025241737,0.15178896086148758,0.5690199617683308,0.5155228719785923,0.6773667998520501,0.6398441961307801,-0.4609867681261145,0.25884109653249626,1.8308201133706217,-0.48310046352895397,0.33182577586346806,0.9097272626272485,1.0450433708719324,0.5155228719785923,0.4908484711237307,0.2760429598741544,-1.4303459462063606,0.7500976487927679,1.510560944442748,0.5678628067380789,0.37212108110296505,0.4851425368966141,0.6084070738283289,0.2629902401323302,-0.6992108397470517,0.9199511032872421,0.4639521990369954,0.6084070738283289,1.229313782148697,-1.04025493738478
249,SAM91c47b054ffb,2.1074571556491657,11.260932778466689,-0.014002251058839054,1.3142938401296569,3.5606218372445024,-1.4735039031093424,3.6763438248688716,-1.1568359367444567,-1.2744196692902585,-1.2750718114265094,-0.8854464730909488,0.23071564807361875,10.84147359770099,4.474164241632996,4.679282671464316,4.557917365592074,6.260893770414141,4.467561979532344,2.30024124392151,-0.2090369031553162,1.208104685818504,1.0958401669980686,1.2350464896871198,1.7504783306930896,0.2817186317975862,-0.9106236118677443,3.0967012684745594,0.9465978991440458,1.3142938401296569,1.3142938401296569,0.8635779929747217,1.0423250178375318,1.3764124963789235,0.8756783843387097,2.1857881461004878,1.4219574180498769,0.5710310817460565,-0.15425044070526195,0.8837462038433368,1.4503033934467324,1.2528726904094067,1.1223323845158377,1.3764124963789235,1.847412388928862,-1.8746206526740052,-0.9110830106168206,2.716001537122988,2.954619996041877,-2.3388545299515795,0.8838791214515196,1.4176950373066444,0.2905510876322785,0.9465978991440458,-1.1245644464823683,1.990877607843895,0.25822753825633155,0.2905510876322785,0.6551943379196883,2.509278147076826
250,SAM491e341d5a82,-1.179639524934445,9.271354247533765,-0.25184310240033614,-1.9731021708048098,4.257523163368375,-0.13360217383610656,3.697947037183373,-0.8895089606698917,-0.23824972651369608,-0.49262184841533974,-0.4726105123127829,0.5035074178054254,9.442167582840087,5.666227875211107,4.701387494803592,5.604731712849301,7.151104189826928,4.280138619309941,-0.9705266359390026,0.6758131364666623,-1.2400015069164092,-1.728136974092215,-1.2247250555335516,-0.17230796159486303,-0.6189115262557994,0.019087176058009712,-3.0330518374628856,-0.9045034144829928,-1.9731021708048098,-1.9731021708048098,-1.0974309726983018,-1.1806244807880013,-0.6824804181784383,-1.4795701165492416,-0.47413184002865555,2.554247268878563,-1.3486182146606285,0.709464331523486,-0.6276917959845274,-0.9054618954969569,-0.18992569980326537,-0.3884072868674886,-0.6824804181784383,-1.2434970141915347,-0.5908578151889344,-1.180818799038188,3.5118487283038244,3.5804456600390426,-0.6535488537583639,-1.1133315086887898,-1.599727956664508,-0.029185423130696546,-0.9045034144829928,-1.580128456131458,-1.8638731856794242,-1.0351801251493136,-0.029185423130696546,-0.23166022949805795,-1.646339772405665
251,SAM5fe7a81a39dd,2.2660266700625082,2.7062274524487075,-0.5546431258354938,1.1437944621783367,1.2326397386734287,-1.0315167207959024,-0.5150957678569765,0.025357435550069432,-0.41789036354854914,0.430164711653315,0.5972328899341359,0.6644783545682978,1.1756490365816303,0.06263029803400955,-0.03415913096155364,-1.1197142897000993,-0.9530228640698089,0.09549949925667328,1.6325093082027446,0.3280143025353849,1.4552459044044581,0.9272589085464532,0.8480976581937069,1.4101254439661457,0.4154604442440785,0.7227662441426734,2.965872683527092,1.134258961592033,1.1437944621783367,1.1437944621783367,0.8476674755787925,1.1035780764776155,1.350922065536643,0.4425378396121162,1.6143608292738343,0.5091818069873374,1.2768274502086006,0.32748526641657016,0.5123066822199871,1.2101397073850313,1.0056454653187255,0.9359054786278368,1.350922065536643,1.729269183678398,-0.3150105434673586,0.43621462676794565,-1.133992151610651,-0.4036472426871338,-1.3062352406391775,0.866069928240304,0.8175120072208012,0.9290831221758576,1.134258961592033,-0.6944056128764263,1.605629175381303,1.281919451790121,0.9290831221758576,0.6592843889617506,1.3044950056673597
252,SAM29da928587ad,-1.127713682737824,-4.350915493447744,-1.1567481611886585,0.07910453906010469,-0.8955228700805695,0.6277443209993603,0.7169921670022329,-0.7188720974580557,0.13536472398141336,0.2603533194275035,1.73615320873192,0.9641025320346468,-3.4127857989088417,-1.8064492865363304,-1.2127812268418658,-2.4642808613222558,-1.6755423706819481,0.01092124645068779,-1.064098655593297,-0.7988938913217114,-0.5661038334001535,0.034793490363864255,-0.06582238920319257,-0.8086502715887487,0.5764841300808232,0.9594740690005529,0.09372215686172494,-0.508160653187038,0.07910453906010469,0.07910453906010469,-0.44726148349791356,0.19396031320523924,-0.3481913442888628,0.2851798805414146,-1.022327218378206,-1.4063028682052903,-0.41196624417865324,-0.0208174415294499,-1.1730245116730909,-1.1902311820134557,-0.7855429439624454,-0.6262552949178384,-0.3481913442888628,-0.0623040082922059,0.5406549604072921,0.2588135242778516,0.17093249817301884,-0.03881443396338714,0.40365177467000457,0.10419033034653889,0.43648560554681287,0.22242213861929602,-0.508160653187038,-0.5336900779028819,-0.033575189929054505,-0.5198607083454695,0.22242213861929602,-0.6116094588896835,-0.26520476427158557
253,SAM0a0f2bac4b20,0.4916338745260108,4.089252454302504,-0.15813438822196751,-0.1754999999127656,-1.057169146048843,2.168739052781605,-2.5203847497069587,0.9939848428779358,1.3506122015325042,0.6831170645461221,1.0418390665779678,-0.7457522887740287,4.641942579754384,2.406913469879119,1.110670119674139,1.6741779584531433,1.4137480559253772,-0.9224238310757653,0.6884530655699344,0.7057034706833828,0.05572906353090818,-0.20661389421958853,0.41777506447685414,0.907446320283552,0.11756731009614145,0.5559461453988929,0.48822429161337694,-0.10639917611335377,-0.1754999999127656,-0.1754999999127656,0.13133801401784842,0.010179282214112594,-0.22039916787337593,-0.19335222260200943,0.5298687312788469,1.252336061616459,0.23162796003804195,0.8107040138461915,0.1397123417173044,0.9424278094823564,1.0395190064261068,0.6618946537900888,-0.22039916787337593,-0.23914596259961693,0.6102398285494224,-0.3580615833141312,-2.5132903900106465,-0.5229399773133196,-0.3994746727414061,-0.6734858928518674,-0.7005177681413879,0.1910115996989583,-0.10639917611335377,-1.1353703836745042,-0.5894064204787882,-0.08724365983809028,0.1910115996989583,1.643222451629022,-0.01725040511344844
254,SAM8e469834acc1,-0.6969346615574705,-7.448185728914342,-1.3527929357667332,-0.3852939017246671,-1.3341635641616745,3.975058344981306,-3.1956576034786734,1.4447115966672015,2.419187260460613,2.3309394251387694,0.3656036539276108,0.49707025627510004,-9.359026476284411,-3.901658442647736,-3.9454965889101103,-3.704824137169662,-4.4987812605574184,-3.2114457275821247,-1.1550268547305853,3.956745953089989,-0.18896174890943973,-0.2852876905417904,-0.2382947762902282,-0.9497626585518091,-0.4331849822655134,0.5776246096871549,-1.2018790784322648,-0.18662621564326298,-0.3852939017246671,-0.3852939017246671,-0.8464013442981771,-0.32114245089735644,-0.7865963761514724,-0.42290385466327884,-1.1977811529491829,-2.712302909660282,0.7388614810052908,2.9579285484966533,-1.658109500995055,-0.8788629724008913,-0.24060723854146743,-0.3610604434653047,-0.7865963761514724,-0.5428239129228367,1.1554247013010797,1.2124222896403059,-1.6546738402634193,-1.5527177068221099,0.698404175414475,0.34815653076570674,-0.06276560425623755,-0.6150299759079559,-0.18662621564326298,-1.4811137519845854,-0.5874808307014892,0.3138911240254343,-0.6150299759079559,0.14528042816472225,-5.111772807820574
255,SAM8e43e9caf307,-2.093508603007149,5.356536562856274,-0.19720836582587226,-2.814381509480247,2.78907312953887,-3.0673634837811368,1.2203936131248785,-2.023226864476858,-2.4575670815331474,-1.1934521639463573,-0.4666680010764053,0.284244754414745,5.505896854203093,1.5787500386458462,2.5515688593208257,1.034788238984401,0.5940395867341346,0.8602979950519268,-1.6634674312715274,-1.0075044605878047,-1.326821408697577,-2.0616147306067205,-1.4385891431528621,-1.7460825720489732,-1.8753863392281078,-0.07437057938045037,-4.082301452212515,-1.4961048861914503,-2.814381509480247,-2.814381509480247,-1.5724100605050033,-1.9188984052356528,-2.0060692344999245,-2.789055721261548,-1.5822336635015444,1.0412715161429094,-1.0964308329014165,-0.890830958832139,-0.8811072201924819,-2.3008832533769445,-1.067609975975343,-2.1229923802787285,-2.0060692344999245,-1.900744479573717,-2.029731694916131,-0.4394136441657219,-0.9490596298916778,-0.5426985440852689,-2.6559829498376533,-0.842049931202221,-1.946304582495036,-1.3817063115354382,-1.4961048861914503,-2.134322106277718,-3.2077534239833376,-1.2970691174246027,-1.3817063115354382,-1.3442625446125174,-0.6559629706837227
256,SAM99b1f6a9534e,-1.932014044178047,3.0721587694879586,-0.16671618396571272,-2.1878660487209793,2.6166155891360314,-0.4120066725350681,1.418785234380269,-1.5380282890755224,-0.7807436162055065,-0.6572682387797775,0.889169585022031,0.4338372122117934,4.145367421740982,0.38467494022946364,1.916905339011935,-0.20591437091771814,-0.30859632776761514,-0.0027488469336921315,-1.4832202242289414,0.5774745565677568,-1.094305281492118,-1.9705964726190064,-1.1317968985612117,-1.4955839802077522,-1.325882624987794,0.711980753693613,-2.6318118826371255,-1.0680912712818167,-2.1878660487209793,-2.1878660487209793,-1.0749670377641558,-1.351602254697357,-1.553805187664219,-1.699759985070405,-1.3996825499905117,0.36004723997544175,-0.8874459388338155,0.22503289820700115,-0.893069573381474,-1.984998684545955,-0.9094769701023862,-1.3411338335042238,-1.553805187664219,-1.4847656384698376,-0.5839616234644635,-0.46044126973522076,-0.7005230146096386,-0.40725717891213264,-1.3566973741277184,-1.1261737707443853,-1.6220405630998138,-0.5949944302295421,-1.0680912712818167,-1.937475182403303,-2.4674806434649095,-1.4412507449482879,-0.5949944302295421,-0.8406711269326439,-2.060694780796698
257,SAM12502d970c10,-1.509445652731076,-2.2239430195515353,-1.124596570696555,-1.0667856971608938,-0.9822245574178268,1.3594614053668512,0.8749667979861727,-0.8564308402371754,-0.17661393181128415,-0.03283380213484837,1.585314863333626,1.0103263141900076,-1.4002590101731662,-1.9044944624938884,-0.2118467468671162,-1.7248490462724235,-1.866280094757923,-1.4139019692890553,-2.008582667161002,1.1566062570039382,-0.787560289710135,-0.8276492390734249,-1.0104505390101668,-1.2715465427231425,-0.4754177061381567,1.163450345270663,-2.0844205930207407,-0.6426221308193504,-1.0667856971608938,-1.0667856971608938,-1.1340786012229183,-0.7128192966880488,-1.0925961468960776,-1.0074111555403407,-1.6670250123352266,-0.7924292405649688,-0.39405511656044556,0.890611573869883,-1.5611210619893645,-1.8933094360577516,-0.8039196894853546,-1.363148954824213,-1.0925961468960776,-0.9331391559377832,0.32250265998154115,0.5936526294123311,-0.9928388484424991,-1.1481703240308319,0.7503914428587035,0.07777875636917674,-0.6938493964332051,-0.6497604341491414,-0.6426221308193504,-0.6984024227073784,-1.285904943348127,-0.5378430115917192,-0.6497604341491414,-0.476584527260668,-3.1651889241649402
258,SAM9681450bbc90,4.556067230050509,-1.9875737157465228,1.6644594987064845,2.6427721616816258,-0.5857920317329904,2.8318156281480427,-2.4909087820240727,3.2640879356506103,2.1771130685979556,1.836810785078267,0.5620206429164576,-0.11483542809801497,-3.6871450509857566,-2.776557220351636,-1.3973829874625716,-3.1880457954792627,-3.74532331479245,-1.9883612609970682,4.114263314882475,0.7338131389485015,3.435303664140422,2.0027613097747263,2.4919048720116765,3.0967406091263148,1.2488854173377728,-0.6703308181370807,5.211812440423355,3.0675365707611952,2.6427721616816258,2.6427721616816258,2.798517198601058,2.162055711425033,2.989612864267065,1.7876392041066238,4.040192135741708,-0.38207751155799285,2.884775830301064,1.037383609046714,2.9467787215965555,3.9965731759202248,2.30748322044736,3.5462608666695448,2.989612864267065,2.75361551315741,1.8622923635949975,0.8724784295424003,-0.8699306771231853,-1.1267119976247688,0.9283248755186816,1.0574613975807263,1.3400963045561556,1.9453763063717384,3.0675365707611952,0.25437000623564415,3.3655783718111314,2.0287340738922954,1.9453763063717384,2.284417007148574,3.3804501759339733
259,SAM7d7c54623618,-1.480356715296227,14.19324732670286,-2.0833520138535073,-1.7466857529750262,4.001052898452256,-1.394371930865137,3.888904643979896,1.2150549045554957,-2.600477040924834,0.29864302511092033,0.7745327860974762,-2.590994372805803,12.23103306468629,7.892933412131641,6.895889591039191,7.312031780360631,7.85483866381033,7.446386034390276,-1.1150022214240436,-1.4190162536538917,-1.2796926932149317,-1.406970757132321,-0.037097413985083524,-0.6044405830164501,-2.127824098827245,-1.5557465476872976,-2.176156863224141,-1.1980411015357073,-1.7466857529750262,-1.7466857529750262,-2.0026340577815414,-1.5455360970078416,-1.2800467673005367,-1.3137912827943152,-1.0422837123298745,4.157544714049336,-0.08087679735446095,-1.0643089731821713,-2.127609360360562,-0.7335951116028606,-0.1727229760889422,-0.9703875610224868,-1.2800467673005367,-1.4581938136116392,-1.0453459664804976,-3.5119447392310645,4.3225179716228475,5.502299045070109,-2.3934949660435834,-0.9611904884752602,-0.7387811741044119,-1.0556021809207246,-1.1980411015357073,-0.3590580913268809,-1.871280237062071,-0.760975640143403,-1.0556021809207246,-0.4974392676877089,0.30401403222984813
260,SAM181b638b8248,1.9712776417278643,-7.816347255921188,0.3119948531213808,2.723145422536518,-1.8224668927811314,3.462357314907434,-3.2261440161951627,2.9594204886018143,2.2837553836235713,1.9758223185322352,0.9704163556732525,-1.7908346578075067,-7.523010048376804,-3.26396017555078,-4.699376027947251,-3.4086562830852873,-4.7381480489062655,-4.568571177041225,1.3893959972790966,0.5647958206700161,2.046787480189585,2.106880157881653,1.1296916262732384,0.3961057162046804,2.07380504641398,-1.2882155107441713,4.946905037602344,1.5844164409962405,2.723145422536518,2.723145422536518,2.4970569878418813,2.5645019174242774,0.6363585573973338,1.4770508376971156,1.1617707356557039,-1.6211762717405036,1.8189953610300664,0.9210649269160678,0.645803834958605,2.4327831016621744,0.8360046108253317,1.4614250651003722,0.6363585573973338,1.5221168662375286,2.6141693704442233,1.3315106808897363,-3.250483312366484,-3.642948506842558,1.8994407542076879,1.2032996603538817,1.1122813309544444,0.508502521965496,1.5844164409962405,-0.5569450218696824,1.8316681251551732,1.681472212389928,0.508502521965496,1.3688634033902694,0.8246001766090805
261,SAMbfdffb97c446,1.9193605394507618,3.8944361274688974,-0.06851977487619701,1.2818382162370703,2.713733610399322,1.2558920720422373,-0.26117304757556586,0.4574084096002906,1.0642996521644759,1.1576439540025616,-0.655055038515147,-0.5358748914461625,3.56360458980216,0.7762535134018232,2.328502126059871,0.5246448766481284,0.027971993675972844,1.612577729192871,1.6755267488426178,0.783226218297532,1.3981531877292106,0.9765151052659482,1.2702286283587347,1.3584436168656677,1.2851734362632994,-0.49021097835232363,2.587841607541979,1.212239572622322,1.2818382162370703,1.2818382162370703,1.2364628096662051,1.2446410481822199,1.4640187310214197,0.82898148193416,1.6803088915736772,0.5059118973148207,1.0725458550757911,0.8153842334217706,0.7300299667447175,1.64423807281036,0.9587817655372626,1.2820848081783942,1.4640187310214197,1.1393485346492747,0.203674903531059,-1.7207431853889996,0.9988221801226013,1.321981234634323,-0.4021125311552788,0.0811370685896114,0.7760039933811614,1.4528246284791118,1.212239572622322,0.7593771188671148,1.4484293182448367,0.858907558392971,1.4528246284791118,1.0077830637968286,0.8923005305450857
262,SAM3b15b4c6311d,3.607458206473572,6.804143797023967,2.3772687656890152,3.1094507421959583,1.2189643283669256,1.2009451310323047,0.9157551887665879,0.18166689961846175,1.2011179051836869,-1.1628505704356191,-0.9496063153663121,0.12824550242860847,6.996361056570406,3.903366353430115,2.4687997349131017,4.532929651495908,4.842585003056777,3.011356123587715,3.226612088204624,-0.6008943713862008,2.308095232842353,2.3935317173906814,2.7199375152080054,2.8044335538727285,1.984560531879307,-0.7637688767719557,3.8456993667402366,2.151175394958952,3.1094507421959583,3.1094507421959583,2.9979450993266945,2.553198528220593,2.33008374514076,1.973286777442011,3.665912787094227,2.3514176982661,0.8105100481719886,0.05532040133875165,2.976388690340137,2.991486893514559,2.1975412235271348,2.648706183485787,2.33008374514076,1.9004640838173656,1.0410499665268298,-0.7145438171628723,1.163981082959719,1.4019141757833755,1.7574979538121065,0.8745732018351188,1.894768669070694,0.41247105105927984,2.151175394958952,1.4116086146825757,3.01680704463746,0.9011888868247024,0.41247105105927984,2.929138034962936,3.8275064595908246
263,SAM00b9e5c52da9,-0.20522471466137182,-4.267398941106447,-0.6103905642193423,0.7176605822486799,-1.8586988876792365,0.41215291348945854,-2.847511395703842,2.2467517082263098,1.7361077454635085,0.8817807989784121,1.4690690071129064,1.1352452536305384,-3.276792621001649,-2.395878619321907,-3.0804486050338475,-3.1782265627349404,-3.780820636772354,-1.9336387124386332,-0.6070424990303295,-0.47997816699973733,0.2400321344622323,0.5971936193207313,-0.4650943497187107,-0.3244641200888258,-0.07353193365419444,0.6129356642208895,1.1571584505508363,0.13947108494535876,0.7176605822486799,0.7176605822486799,0.30400745309439364,0.5468271010710308,-0.11758110131195923,0.09201989560097304,-0.5929760873142204,1.4011274757149634,0.7231667838816146,-0.6613560219646467,-0.4072245747217573,0.3861454687516673,-0.2633303010804373,-0.1270500139181523,-0.11758110131195923,0.29377925904863555,0.13665271139970334,0.4742399960155033,-1.0955599437954024,-1.178318260213321,0.37097442557010174,0.6364212754191384,-0.12092426367819928,-0.239206973780249,0.13947108494535876,-0.8485389357457949,0.3101847397797462,0.36222726319341003,-0.239206973780249,-0.11739213464348398,-0.12706433203059214
264,SAM59b825252c0d,1.5951583349632392,6.416429917071821,-0.22517696096959414,1.3059404275415594,-0.6059138294731131,0.11594287868889694,0.24478249266745467,0.3202768091263532,1.4057223543024242,-0.10524702354722473,-0.7246820609549947,0.42574638839730417,6.7827191699032925,3.397307150378909,2.889043275211896,3.0943574775399316,3.1898070097943463,1.2018242258927048,1.7065204130476157,-0.8147984896012782,0.8811986853880567,0.9725628328984995,1.000298567754425,1.3841170283557327,0.7924678579045129,-0.8850711299082594,2.4184491311204286,0.8434761252496157,1.3059404275415594,1.3059404275415594,0.9668854475981897,0.9545411581773297,0.7882269765517472,1.198927449027771,1.4630991991224962,2.467125079061173,0.2304090417884529,-0.7856462957278599,0.27385722325644285,1.6966010474887785,1.1880766004712902,1.5864664055907844,0.7882269765517472,1.1686740578703747,0.609667602704806,0.9495177456644004,1.3245623445448969,1.6455308114164269,0.3671013554751634,0.4752907504601744,1.029918811438723,-0.25230832711005347,0.8434761252496157,1.0007194819586667,1.4717139286048089,0.4520233975727727,-0.25230832711005347,1.2364496006431929,2.521318902648894
265,SAM1c8b086175ca,-0.27786976718973055,-6.457387503179174,-0.9896777544244859,-0.246168885995607,-1.888092024686856,6.33071477436971,-0.8838660502268055,2.1542845794921357,4.105689739656627,3.3128385865997467,1.2989736395830715,-0.08223509894790232,-7.009282370593943,-2.413930829526781,-2.4728577426484804,-2.4523834122927206,-2.952911579216006,-2.2218031941162657,-0.9210699758466473,4.169109151257217,0.42869364772340995,-0.1121067710742876,-0.17763686006208673,-0.8279518361537942,-0.5020728373771165,0.023942015892320236,-0.045703764892807246,0.32011272473858643,-0.246168885995607,-0.246168885995607,-0.8967592557607643,-0.4132053688603978,0.005896053821720177,-0.09514024864057255,-0.9487014463114459,-1.3089699607855987,1.011879228018398,3.2969212139230666,-0.5469997682671145,-0.07959386842563389,-1.089540933871267,0.4296373426109891,0.005896053821720177,-0.23459420185823956,1.769199836117884,0.8887101893307985,-0.6179137656897815,-0.57482952892741,1.6274631160570334,-0.1146978787348314,-0.2644465362819775,0.7727898213454609,0.32011272473858643,-0.26965848064517467,-0.20626491669682875,0.3830654275867555,0.7727898213454609,-0.33728310851595905,-5.090179127103864
266,SAMeaa477a5384b,3.143201614568116,4.424458042247564,1.9101456183461234,2.3170762927221396,-0.6128833934036546,-4.71723499432915,1.30955764581377,-0.743788944982365,-1.465959930957198,-1.1275884324761523,-1.516857951662294,1.2646231553743537,3.3625930883694712,1.3114339478658776,2.1005219510532367,0.795581535200321,2.394625095055186,2.758932271965563,3.182088204967131,-2.383316682016749,2.084305488532574,1.8877084678642464,1.6841635698716773,2.053627520095186,1.0447858874162657,-0.024694938979224753,4.8706430651953445,1.6528655977205182,2.3170762927221396,2.3170762927221396,1.7947639079316513,1.5815035197094738,2.1280985924576292,1.765626745044998,2.939181314959443,1.3907162137876823,1.0652927595494321,-2.010296089127389,2.8997532416310214,2.4008058968552897,1.228980444422003,0.7156055567224078,2.1280985924576292,2.4440304610104207,-1.956996813099124,0.9047124018373444,2.3278582761047115,2.3756970393285965,-1.5934630474109206,1.1016425527732787,2.2253361064993578,0.9729975246158244,1.6528655977205182,0.7894310734935366,3.0323443246750097,1.253258385343641,0.9729975246158244,0.7576154979952261,5.56540488698388
267,SAM1dda30f1c5be,0.08135805319658256,-3.291591179491305,0.003074460939446818,0.48573907117962434,-0.9112640923695662,4.980284395689836,-0.834872555298584,2.3673077177015323,3.1989162578284716,2.4907491636897507,0.8979706611359556,0.18737942887837045,-4.4159713462638654,-1.825167172263119,-1.5960955800888978,-2.3005104215916545,-2.869551419575412,-1.9094050101055133,0.153827408785837,2.0894442986520714,-0.48566313498352703,0.31866995244703017,-0.21874333789280753,0.8596517728401799,-0.1412755856841075,-0.8797178228041489,0.6045688896077989,-0.3335193431855671,0.48573907117962434,0.48573907117962434,0.7010126773321567,0.5079295010783699,-0.09753068835538542,0.06912292486343945,0.25813351625875813,-0.3920780367034633,0.4803150323962656,2.1471181505867767,0.05526874674291936,0.9063320121697612,0.7696796977844408,2.1648720281439555,-0.09753068835538542,0.15759702728394223,2.0734680131483327,0.6726520227266034,-0.9318670223374663,-1.05048070534841,1.2570779192967787,0.3755763911529979,-0.49933869064163067,1.3190009786438546,-0.3335193431855671,-0.7694352729246196,0.09198878012705067,0.5119833240438731,1.3190009786438546,0.9663292081575321,-1.9356168898662345
268,SAM9eebdef2858a,-0.6655031134993867,5.724531883881281,-1.7858243958797282,-1.2011242509833642,0.8414118247823902,-0.8595532691438362,-2.3630699062826808,-0.7421807722939242,-0.8586049704133558,-1.0777628683501461,-0.007569079567007829,-1.4217411087875318,4.701033040826345,4.257938661097599,2.941328331798148,3.4967869733837227,3.5236299737967993,2.3326955748636506,-1.1016659720089188,-0.3375742784032119,-0.31102049823879735,-0.8043126054442845,-0.3933457421455374,-0.09418865679975316,0.3386938284501399,-0.9262288034972469,-2.9389716193144975,-0.19291416810299364,-1.2011242509833642,-1.2011242509833642,-0.9675236619469396,-0.3292325481229129,-0.2238300975052205,-1.3432814614641286,-0.5552627548135025,0.32326770916226427,-0.4870244780237301,0.35400518997633323,-1.4600286518390273,-0.8901579198049808,-0.18123511505534057,-0.09183713480927971,-0.2238300975052205,-0.701403957028336,1.1045320317449991,-1.2567608178690048,0.9253860342817776,1.9900620851142123,0.9840857279887227,-0.8983866549230498,-1.660103695081591,-0.30663229357610533,-0.19291416810299364,1.3140595466258742,-1.4982203167678976,-1.0946598942229064,-0.30663229357610533,-0.6041869498608633,-0.764091693605707
269,SAM9daccafc18db,-0.7420086735189966,0.011949734325715323,-1.7595456910167726,-0.5355396048609481,-0.5286689361166577,2.4116133211788804,-1.314839595453647,2.925394792315361,2.2742899833875687,2.208495517341744,0.8192570838299956,0.6072898618343366,-1.5852572638537088,-2.2847708776388322,-0.9949843462611536,-3.3285534860650645,-3.206502929356231,-1.7916884979514716,-0.5489754186606596,0.5394630710165849,-0.6032396333543388,-0.2947517438597178,-0.41166684775911855,-0.5052540811001124,-0.8635263430092516,0.7015869768812645,-1.0362908691904809,-0.7890297436875314,-0.5355396048609481,-0.5355396048609481,-1.127523923728787,-0.5290569373959039,-1.0801190978801138,-0.5973258944647487,-0.7335860335735563,-0.4738624581725365,0.5521739113985292,0.8582793368461735,-1.7813855551140112,-0.6095058413383623,0.03679774412929394,-0.0870884091760633,-1.0801190978801138,-0.8252903769338488,0.8711345042433635,0.3936492098881563,-0.08337490287791124,-0.016449575484820046,0.658263662649172,-0.08856283112737266,-1.0422652201765843,-0.745530736790402,-0.7890297436875314,-0.8384389968402554,-1.1344220008701256,0.40918724628915626,-0.745530736790402,0.30093639063141914,-1.0884384896772445
270,SAM2eb07dedf07f,4.117400977144263,-2.735381135923142,1.6549327615375369,3.216559826529126,0.6205221298003597,2.0923148127036804,-1.3631649630674778,3.0841038927536277,1.8963532403865153,2.169314039256847,-1.4465293836473867,-1.6471006694040333,-4.355270446466697,-2.5029472475975396,-1.7772744649408252,-3.347365949733838,-3.8319507055977584,-2.329994997384598,2.9887231763530764,1.5402686553396558,2.8582134497316964,2.5499621165363524,2.107230142313199,2.38188877456804,1.501413651371233,-2.487527500958077,6.7325306357212815,2.3918776297180857,3.216559826529126,3.216559826529126,3.1334494040259444,2.523542464566332,2.3903412983291665,2.3183367192213375,2.9875113289886763,-0.561360488946499,2.614526015873082,0.8421869482145445,2.760947750045716,4.711713387599934,1.8438287227008792,2.9638128368908014,2.3903412983291665,3.0184587056131718,0.7293626239081692,-0.2706854641556877,-2.5105621936402773,-2.6466902132896872,0.821154203205734,1.6409413217823865,2.145278131639223,1.6363846793557053,2.3918776297180857,0.364679870239341,3.6807483005607744,2.6730463341283577,1.6363846793557053,1.6274000656340701,1.4484545210134205
271,SAM25510f300d79,-3.8400792200327882,7.064571332644224,-1.2335780957741858,-3.752023779842408,1.9349886363944175,-0.16493197493008416,1.421656034461267,0.10381628099113321,1.45234426547621,-1.802239594575757,-1.4434786769416874,0.20687839258985605,6.858814121685047,5.088257128834734,2.833317620530738,6.062733527367114,6.381363511507196,5.205159375332222,-3.3668605565620746,-1.5434851292707785,-2.5788846138500126,-3.860546101463489,-1.6463123422182786,-1.900613986282442,-1.5599757011341615,-0.7700615920692773,-7.949268145964643,-2.052823409381343,-3.752023779842408,-3.752023779842408,-2.2440658759643872,-2.1619674914515783,-1.9934030440460988,-1.8550845911119513,-2.845981142594627,1.4872621492453373,-1.7410838838707585,-0.5625437765110596,-2.4535294429859618,-2.73006934186042,-1.1213528794184768,-1.880731609852056,-1.9934030440460988,-3.6377774300350207,-1.281721194915959,-1.9140283935006845,3.090046857234516,3.222907953544969,-0.08397168128726562,-4.626622735655158,-4.017742425281744,-1.7944612146136811,-2.052823409381343,0.2068452197810862,-4.6252800992070355,-1.9483480007232734,-1.7944612146136811,-0.6405042679690087,-1.823375427291296
272,SAMbda79f955628,5.705179639358279,0.3212953296168845,1.7178017004915036,3.6182742718271124,1.6284190902185718,0.9241928049826116,1.35501761779803,0.5422404208690991,0.8995452256279192,1.2726708050399635,-1.1405336660697405,0.5114480283681132,0.12042207220584282,-0.8248862847375725,1.697655890689904,-1.289245261256683,-0.415707614036365,0.3580883700669493,4.04383967528506,1.0141258943333284,4.707351836086265,3.280425313900805,3.122777774010212,2.7737676630584,1.2927699921245825,-0.3839137709367315,7.051660865217239,3.814633705225812,3.6182742718271124,3.6182742718271124,2.8109223487992665,2.228547583437234,3.5369948009515384,2.89119335082292,4.279883282198253,0.45538828665724523,3.6318616847115015,0.9108358316481767,3.443429515412296,4.06628992500086,2.095740615084609,2.868223577738264,3.5369948009515384,3.9781122586162967,0.3455035013804977,0.14269118591353108,0.044739054603701395,1.2699960255462037,-0.577910853239216,2.2912965166644716,3.128340849491478,1.5421992613076143,3.814633705225812,0.8932769100216214,5.148977298482425,2.8715332667319746,1.5421992613076143,1.6617482606678866,3.029713780951732
273,SAM9b9d48b0b02c,-0.18291344534718912,8.966998024804242,0.09430183412575414,-0.7746102212832795,1.8827964069007284,-4.588674467683853,0.884479699568825,-1.7322826944027925,-2.3168027745086164,-1.084761939515727,0.23531498124541791,0.06928575087008464,7.811898671500171,4.342342844960779,4.377496054328815,4.067491027999182,5.079487579908138,3.7604197156366093,0.31411141341620474,-3.380938456175265,-0.4440470746130279,-0.6852697304396563,-0.38131025694277915,0.22595193739099795,-0.5992130069503618,0.2800869283734547,-0.028717519003911594,-0.49082759835062634,-0.7746102212832795,-0.7746102212832795,-0.38424929242296585,-0.44715183776999373,0.17614337794619717,-0.5205969797153016,0.36974992612887103,2.5135149726376085,-0.45262998989794967,-2.289622701602169,0.40874215927182184,-0.5533663672398302,-0.27222817230630425,-1.2026972558558038,0.17614337794619717,0.4429724252674463,-2.1592852278886476,-1.2089298675684566,2.614150449170547,2.6534837084104255,-2.0580296311307054,-0.26348278171063105,-0.24701878194641652,-0.47412427833200904,-0.49082759835062634,-0.980241760096164,-0.23289691168243132,-0.6981669688804436,-0.47412427833200904,-0.7347495318270805,3.69504986959147
274,SAMff41c4e8c08f,-0.702604166076274,-8.027743174631237,-0.9572402922316854,-0.2674737690929694,-1.9786721166428205,0.660365937158819,-2.035103996362607,0.9381271097692073,0.06932192725510114,0.8193342563939865,-0.17812374286447005,1.085983986013291,-10.252475713679678,-3.9075577434654356,-4.036694683300538,-4.29635009395115,-5.356914977891286,-2.938843796346182,-1.3216218114212364,2.010396076374321,0.23427985813925314,-0.14419607648685062,-0.500121628422731,-1.6612425389621466,-0.9851450476769904,-0.6694443174919827,0.05259915205866605,0.2483615923204897,-0.2674737690929694,-0.2674737690929694,-0.5751032974868007,-0.4822442231467742,-0.3628550498997444,-0.44755179525103583,-1.5285392757898497,-2.026626561252639,0.2582810220419387,1.200170371056548,-1.143495077846492,-0.6867765934337022,-1.268826640284115,-0.8902491711137733,-0.3628550498997444,-0.39580676823327804,0.2826842025205074,0.8270040391989751,-1.3765759963164226,-1.5755496444611063,-0.4797779287846497,0.5010948754648485,0.11653586030195891,-0.6961709587862734,0.2483615923204897,-0.934983590937139,-0.16027734925264867,0.35278550965936567,-0.6961709587862734,-0.9534851020897149,-3.3320178877955575
275,SAMc97f35a29d16,-3.4621846162522054,-4.475423413721032,-0.723312375674085,-5.955441979052733,0.037831745684497126,-0.7733873556768247,0.7483518941126012,-1.093282639964971,-1.5904802797945623,-1.2925541451862121,1.182588860423792,2.174205651428553,-0.8003270993611975,-1.0543322165160152,-1.9575578883974067,-0.931149998464586,-1.1362484353690512,-1.2632117755173404,-3.332316746070051,-0.6910019933921904,-2.805389179516634,-5.170972437084012,-3.371274273026625,-2.156694145600756,-2.1921826240189994,1.310500600071727,-6.967919952048852,-2.4757950491989575,-5.955441979052733,-5.955441979052733,-4.705691327118957,-4.813813279243862,-1.9377348152843912,-2.8836207261240516,-3.1266649473822463,-0.6977650954397433,-1.626302637666593,-1.3066209811318528,-1.4311050931522948,-3.444439896541595,-2.2344959670700857,-2.247255198824567,-1.9377348152843912,-3.3921915013654385,0.23003190181888458,0.45020458199223334,0.7903383025904188,0.34518970637329177,0.6583190966252118,-4.169878041135205,-3.827677194770888,-1.807509970164419,-2.4757950491989575,-0.5043679061663988,-5.147992025973073,-1.090364317459391,-1.807509970164419,-2.7362524741478707,-2.641314752677861
276,SAM187e056d6a2a,-2.8560614220868685,-4.253378735619916,-0.0535673710709796,-1.7630620774477197,-0.5134680939646349,1.6798733359494695,0.1306178413208148,-0.8088419171028739,0.6730013857600301,0.2674820888536713,2.46010080468765,0.2996601009863832,-2.7275697026996837,-1.3009456106279833,-1.282408624020692,-0.5024850188333212,-0.42008115476237473,-2.225760328864822,-2.2186476281729313,0.30278821760658603,-1.338268667043814,-1.6288011821938835,-1.427084297644558,-2.387545934615199,-0.6711449413502458,2.65889581148348,-2.798901217763038,-0.9625786725228419,-1.7630620774477197,-1.7630620774477197,-1.5484450270314967,-1.4637154546846005,-1.1391237943024344,-0.8040627106261299,-2.0853216144091737,-1.2754614830226039,-1.2915607835363088,-0.05743880598299357,-1.098566869098112,-3.373275874394848,-2.113763976552456,-2.208332797069454,-1.1391237943024344,-1.6189225459043506,1.2802840445156898,0.5754397658651285,-0.9994170044388783,-1.6178420409689716,0.12909145785907375,-0.8590908553786392,-1.0730063941009285,-0.8684608381796405,-0.9625786725228419,-0.5848419730272382,-1.6802919569084653,-1.607538629377147,-0.8684608381796405,-1.6013727051195359,-2.5214358457795174
277,SAMbc8dc3a7b54e,-4.406185472126203,8.172126428482995,-0.9040516802047228,-4.681738330019999,3.7792937018635304,-5.281408328113904,3.0370848551900074,-3.5783945278051505,-3.8465083095879153,-2.324914330127679,0.09898139440915163,-0.17777125479642505,9.758387577215196,5.3702327533274445,3.474334030563226,5.0049173181503,6.626492640986523,4.869186191473761,-3.0894309843666137,-3.039739045837378,-3.4492733837214438,-3.932702324421159,-2.407103686782586,-2.3391444825116685,-2.999739806598932,0.515960320289604,-7.176212859696889,-3.1782136315963236,-4.681738330019999,-4.681738330019999,-3.161696332276693,-3.415585740229328,-2.9149170221453526,-2.8466353786026715,-3.059368535423403,2.3008549307098662,-3.0490083276593043,-2.2867977165235884,-1.9750144929704454,-4.0677080025190575,-1.8998815129198978,-3.715934442675577,-2.9149170221453526,-3.0754352991519207,-3.6151958770742088,-1.9381301407474827,2.6615762528032247,2.794475307188208,-4.155697448628529,-3.1575672778950103,-2.9212846940484596,-1.60480453002474,-3.1782136315963236,0.08363411864722045,-4.851980461349164,-3.3225210176575626,-1.60480453002474,-2.684314147300858,-0.04969193852923581
278,SAM7b40007f4aa4,-3.9364826593965545,9.922136443914665,-0.24172276933073863,-4.13106105100987,3.253005088791146,-3.961706334142686,2.912482736757313,-1.3890882461848575,-2.583549840006928,-1.3948061930440019,2.1283474428994875,-0.8058810530431705,9.579824408777728,5.544111624535377,4.552350531109476,5.7162247714552255,7.146640357498988,4.789572063413776,-2.4247051707448692,-2.821893473247965,-3.030538868008781,-3.204951421869147,-0.7608292981311336,-2.0316153484734856,-2.994539264733468,0.2736430678512489,-7.073443564216697,-3.2145446453725897,-4.13106105100987,-4.13106105100987,-3.684981948548465,-3.7683499608525257,-2.701939442231818,-2.139788451359007,-2.0686457111467322,2.195454433639019,-2.2738568525169494,-1.6465097062809582,-1.1334604923401945,-2.9039201436500455,-1.4618760951787533,-2.7465149271160683,-2.701939442231818,-3.1915260739744906,-1.8289502733440228,-2.1021318123189006,3.808086660661253,4.057529492171404,-2.3774153892014724,-3.065408001108599,-1.9306241963376813,-1.9699924143914798,-3.2145446453725897,1.2602962656309844,-4.324949285668945,-3.137670436005921,-1.9699924143914798,-2.159019105267353,0.3971883025030958
279,SAM568ce160abd9,-1.1651343773771177,-15.432960879905936,0.05438334420569116,-0.11817945014903428,-2.137631169323405,4.797948499910537,-3.6900677955520553,3.2985443494097124,1.6428783265632645,2.476000444058322,0.7046172623337317,0.36859796321588184,-18.094364154081667,-5.478424139893068,-6.981054179298332,-4.875992086416744,-7.327790046359434,-6.808844851820674,-1.8224751200752611,5.309313917544032,-0.2052013680575252,-0.237643049474535,-2.067931638232776,-1.8840992396223033,0.057845540414330085,-0.7762245780176309,-1.066613609262032,-0.5057769074919866,-0.11817945014903428,-0.11817945014903428,0.2121756743692631,0.2888029646091848,-0.9124999560713003,-0.6035187197400832,-2.1018478107599696,-4.38636916869653,1.0118684336172588,3.264411344140954,-0.054786866240305876,0.016834872596277,-1.8097804722871955,0.12435599967907392,-0.9124999560713003,0.0767733129816629,1.5480016971689692,1.3908076698644396,-2.874759706719573,-2.4189828170511327,0.6435173308686737,0.013012394766475211,-0.4252360500752339,0.28251133554506863,-0.5057769074919866,0.5140538196904904,-0.8871033224602768,1.1967661816516637,0.28251133554506863,-1.381896484899274,-7.131789037619294
280,SAM14938611a2d3,0.5793226028506538,0.20852870327907247,2.5492341450427767,0.07476596798632978,1.2956045289259874,-2.471358447437952,0.20218442769965447,-2.207922182809456,-1.445620045358479,-0.7082971478332885,-1.8780763152783275,0.056267460314437516,0.3940904921279781,0.5998676198730687,0.21230130132377373,0.5878647386316554,1.489832535201871,-0.009666989309928412,1.82053170512549,-1.0960317555821328,-0.21913398810634718,0.18445013900528315,0.6741015450881862,1.1727412342994241,-0.05679654593644351,0.18976812642735813,1.415463112391929,-0.21998688882702683,0.07476596798632978,0.07476596798632978,0.988454490880805,0.057577053270064626,0.3531574170981552,-0.02124936214725819,1.5989378585023317,0.08255184835684941,-0.4414180690451412,-1.1552544882186684,2.2231979839012768,0.3398425469802451,0.920894960544318,0.5866259611334869,0.3531574170981552,0.45857968235591984,-1.1736768327442562,0.3728731737028644,0.4493337656178391,0.6314625714873379,-1.6182671977237202,-0.032535741063092774,0.3181468504037351,0.6766541219082106,-0.21998688882702683,-0.43466259852501665,0.3007745155459159,-0.3656139690694206,0.6766541219082106,0.4220415614012107,2.9165634607076227
281,SAM1a87df750b9d,1.5679125151434714,5.298398065756499,3.3381011328698236,0.9300031067944713,0.3200394407858557,-1.0208704550267178,1.4467915107161426,2.0795405731807945,0.3578898599084328,0.46956651806805755,-0.6206409656585783,0.6123055454767444,8.111401106811002,2.6759097415292894,2.0869518736625596,2.751263513956847,3.098184451004022,0.1635315265779136,2.658704692576095,-1.3089535077277052,0.8971465781756239,0.8256689398148769,1.4399501728838027,1.3655986455687972,0.6561738827209509,0.17413034079314202,2.767719793970705,0.756073942698984,0.9300031067944713,0.9300031067944713,1.9417463994708652,0.5303554209765913,0.9783967230307615,1.0052507675912317,2.3655545158143663,2.4783211064994775,0.19520403051586108,-1.281075542299768,3.154368837647309,2.0528099897011103,1.0818725394942916,1.229558275579111,0.9783967230307615,1.0352431070618995,1.3596695234699252,0.38760357720059974,0.769639647187216,1.126425591520289,-0.01863658272740753,0.35360253612456477,0.9492187839606936,-0.4372667896250817,0.756073942698984,1.2504505896453502,1.379138456575799,0.24882298559194216,-0.4372667896250817,1.7463189955453602,3.9676582003038003
282,SAMae02629a97f7,-3.347984891851554,-1.8820189388084896,0.16229254237646557,-3.572661885880081,0.8993817572980356,-1.8623035611411876,1.4680279523791189,-1.3828557703666058,-1.7507316876449486,-1.3194138499546086,0.7315589457909917,2.3332951953210843,1.6988364639068603,-1.2145709607064001,-0.7749374774760496,-0.17004170771834295,-0.5573378420390733,-0.6968332156262449,-3.024856313486375,-1.2290617781293693,-2.075261945827533,-3.182325098481998,-2.220440495829007,-2.7376830136083976,-1.616400571721294,1.6103836732938555,-6.06193304298096,-1.4717200726709732,-3.572661885880081,-3.572661885880081,-2.6567690941760844,-2.9393786292975106,-1.4368971397636467,-2.3061468050853815,-3.0143859628327885,-0.5462950500262451,-1.7199911249296178,-1.152970413310028,-1.1568523794321264,-3.434078734259284,-2.4723337169770376,-2.993302129036523,-1.4368971397636467,-2.9364800894647005,-0.6266811746796255,-1.1838543417685883,-0.49111005204987784,-0.27661669738656874,0.046985661363664735,-1.758847982816109,-1.8462357652727919,-2.072493347521802,-1.4717200726709732,-0.8977146115315612,-3.199686009996876,-1.1744354096414231,-2.072493347521802,-2.6210390581081966,-1.7957945353570055
283,SAM47fc46c3d6be,3.03490714981532,2.827840663857086,3.1135018883128707,3.3929503748231715,0.2644901991644063,1.0239096459656614,0.1435889257898259,1.0652581812100694,1.1417893321136083,1.7399185212990278,0.2791253736673448,-1.8863383608607096,2.1183200023133133,2.6823948777501148,1.3015960626825023,2.606004402515749,3.4715156197456456,0.7147246436975515,3.5131396066096725,0.9798979801315233,2.0666953791580567,2.691725630784891,1.9172478328271758,2.0831169484783527,1.505615711579572,0.42373662730545103,5.545370852103295,1.6548975491948734,3.3929503748231715,3.3929503748231715,2.5350063352077234,2.5173092442535596,1.6556681339599775,2.2751840455638943,3.4308117510446134,1.2397982206569678,1.3535189645451329,0.44681858483378484,3.328154321574256,2.650111658611547,1.8876068971280997,1.7326820548767135,1.6556681339599775,2.249461644301527,0.2220144731137969,0.3040919846258337,0.7721107073808675,0.41071446857133015,-0.034726567498143616,1.436944240469301,1.9872139227992192,1.7039664920812936,1.6548975491948734,1.998273969505597,3.1788570113210586,1.6786888290711715,1.7039664920812936,1.796141136704994,2.533241626478149
284,SAM7829a341b9f3,0.26992148296013224,7.4774980548736325,2.195740503183995,1.3710478441810559,2.4100124566185017,-2.467934152975501,1.1737573186742594,-1.822183211252435,-1.302737936681262,-1.1193386279273378,-2.1783301221074205,1.1620391253390339,5.573952003233719,3.8098532966486394,3.3932653893587776,3.5230478314733715,5.612912047922627,3.472281288277676,1.1001014552526813,-0.7472287815722307,0.1437401763784675,1.3786140096219737,0.3989886523121382,0.07614197844315979,1.324912647990089,0.25883814092869856,1.4665109578537432,0.017483077966585346,1.3710478441810559,1.3710478441810559,1.524971089038713,1.1333888649403323,-0.1601613727079106,0.9125734852053826,0.9134596818587929,0.633876068916239,-0.20095510515011075,-1.125803982593263,1.5288018696091112,-0.0028334046336317923,0.3778242884521878,0.13860905885449112,-0.1601613727079106,0.32542389242004827,-0.8611443181444873,-2.712336446222756,1.806887030011226,2.149864218544978,0.11004295932170485,0.6541205991952685,0.9075681675202425,-0.7136020513789353,0.017483077966585346,1.7546356285814098,0.7666824745123384,-0.2364442695349397,-0.7136020513789353,0.14631933871218536,1.847330236824912
285,SAM0f956e757453,-0.6422652798126692,-8.013205832744857,-0.3540336355260704,-0.14532759029431874,0.4490974365207392,2.6978867365261476,-1.186960399243675,0.14225540913174628,1.8982086627680743,1.099491108121879,-0.7009518793165064,-0.5399653001190312,-6.35552070983289,-4.3950328329340715,-3.4795222428947556,-3.706814513173996,-3.9248483486507975,-4.61081834423801,-0.314574623158368,2.19672612055107,-0.4854610840490032,-0.2513626851616961,-0.8986733698447055,-0.495735360759768,-0.2452855447818187,0.29184454851512137,-0.0771337702651048,-0.4872976108211847,-0.14532759029431874,-0.14532759029431874,-0.47614600806276036,-0.19101293488178628,-0.6017093798118995,0.10943986234337466,-0.5673679171441941,-3.2704735999204737,-0.06121238298393539,0.9707896439283379,-0.5908819650734933,-0.3591066705698218,-0.3438237130774164,0.25714219103554387,-0.6017093798118995,0.12064432858298892,-0.06329342217903147,0.7443487734445106,-2.125990465398413,-3.2593736049834314,-0.17735300800403245,0.17456588693442673,-0.014023910284436569,0.6630441620406871,-0.4872976108211847,-0.08927213281071615,-0.169998830915413,0.04451183977973645,0.6630441620406871,-0.43714414218692094,-2.511300743709438
286,SAMaf42c1541269,4.484341871938851,4.035668477268384,1.9488573782867777,3.112009148602931,3.106881257354841,0.5130644268460598,2.10190847407237,-0.6022296317886681,0.7566252363809911,0.6509776550591655,-2.1006158728005513,-1.1408554645461197,5.272740202322653,1.794031608127189,2.4106338931943125,2.8205490106103603,3.540587731683318,2.105666510962523,3.850282627099773,0.6731333047323751,3.2439788552165862,2.57029890689934,2.302213911590757,2.5489812924293114,1.3296272526869883,-0.15598752113883446,5.78311882534265,2.708943898243342,3.112009148602931,3.112009148602931,2.796715326077781,2.283711354719295,2.489188617693763,2.105946043047004,3.6461745156582923,-0.022058906950827285,2.0090872355107554,0.6180086473480607,2.897479016802623,2.7968352988015206,2.1036246468968685,2.217161303737061,2.489188617693763,2.7019448026696367,-1.1819036390714015,-1.6616185346676022,0.6369228845230887,0.6107992965861514,-0.8198995638525065,1.4583296861000499,2.1664472165492077,1.6000675585852235,2.708943898243342,-0.3684494543560357,3.641095534417644,2.3433708431446387,1.6000675585852235,1.9304909223836224,3.1771493223673977
287,SAM09c84ec0cf34,-7.824589183538224,-4.572134572680806,0.36286293206172837,-4.787840810915008,-1.074953556299737,1.8529520905926407,-0.3640733776683558,-0.14052510226019152,2.6558797901219915,-1.241125879292712,0.0829385012457853,0.6097218282454016,-4.374126027493067,-0.7946485271818199,-1.8677791098817864,-0.16019370725689733,-2.160434000211731,-1.6991466235062282,-4.9622795625208465,0.24554199398106308,-6.973464259882115,-4.494035958061177,-3.889799551228948,-3.1423433597432164,-1.73441818013462,1.18348876241735,-9.597164381036954,-6.092274364141423,-4.787840810915008,-4.787840810915008,-3.090866432838702,-3.863065463258882,-4.3718141593419055,-2.07941548188975,-5.014387515000547,-2.1689542079771766,-4.197157679739577,-0.18184581388746496,-1.7144292087677797,-4.208950031239198,-3.0960875936794703,-2.068990180582898,-4.3718141593419055,-5.516897322594522,2.2063109447767872,-0.8664079601874205,-3.03843513244902,-2.69044130289188,1.898432145531364,-5.082980019713158,-4.183501418441592,-0.7885352858383212,-6.092274364141423,-0.9959401672009955,-6.726883475986781,-3.487726794620613,-0.7885352858383212,-1.774694139149691,-5.2078215565019095
288,SAM7538ad9ff524,0.14543862757932668,-1.2540108844091853,2.392171582321269,-0.42211843463855747,-1.4628450623244318,-3.223583105049391,1.0161654594826983,-2.2218102310636954,-1.4165743839324074,-3.366715613367263,-0.4154863469421214,1.9567372345550698,-0.10066962183627677,-0.751128185767364,-0.024549472164568927,-0.12008690961415174,-0.04877914190742088,1.1852191572762085,1.036664409802506,-3.2130589304074006,-0.14829365882132095,-0.3641697694272293,0.41209258328725584,0.7981666381029767,0.4558071347477739,1.6450655359813628,-0.3234521115470948,-0.21672164831804078,-0.42211843463855747,-0.42211843463855747,0.07682180668591605,-0.5838542572053339,0.3364909365501281,0.6055883042399669,1.1225462207484584,-0.1869599880347059,-1.051662795069122,-2.5846666796897337,2.167450384518996,-0.4555657702648318,0.42033348921478136,-0.014975196892564109,0.3364909365501281,0.1528451421402254,-0.03595529075704055,-1.7244237054769929,-0.045601394958045285,0.30271560242122214,0.253451665717769,-0.9417899664837576,-0.023404705576940625,-0.7566321463954505,-0.21672164831804078,-0.7884919133695582,-0.0038615011593969607,-1.0919138418325702,-0.7566321463954505,0.40168987281725804,4.249723340209907
289,SAM95c70496ffb5,2.09721377904335,-8.251486903001444,1.7555223761554188,2.195344854585166,-1.2781720877778973,1.6413106833347744,-0.8852369511484377,1.1495777485817,1.632448211729909,1.6516929397325129,-1.3509034670684414,0.5446478969753533,-7.582374424324577,-3.5592707185632073,-3.8000913744283205,-3.571284941625493,-3.3486469966033052,-3.0131748570035026,1.4444432237789293,1.3405664155654966,1.7040658838739704,1.6879450289703888,1.010632050840514,0.644179792678787,1.443044718741499,-0.5318229235087849,4.408511206337479,1.3462865823029266,2.195344854585166,2.195344854585166,1.9572752116348888,1.5204603997911468,0.9073939159177928,1.8436389218362117,1.3829569672597157,-2.5169723120981407,1.307674110417019,0.40548989767717436,1.8201998422653092,1.9879650902300223,0.7205571828326005,1.7758396769852294,0.9073939159177928,1.6720106413824312,1.466724978630141,0.04022657786138755,-1.5525066496725863,-2.088653423412129,0.9659305349577246,1.307753353835702,1.9681221391033155,0.6616543706973455,1.3462865823029266,0.9475401544112544,2.28748199499584,1.7962782981993088,0.6616543706973455,0.9470302284572739,0.1038768082134327
290,SAM7edacb3deb65,-2.1446996234743123,5.4754040892805484,-1.5630847916045219,-2.00157892354371,0.7454113363053485,-2.912509256277816,-0.5100778957559315,0.4543706673252271,-1.55531290051416,0.11198505038811325,-0.46115028893231613,-0.8416990277565944,2.725315066021695,0.4918203932823814,1.7195094419185881,-0.04993172853819881,-0.18338479875374572,-2.0580757041277145,-2.4010402784561027,-1.5996298048111806,-1.6726046866797073,-1.3463258544420826,-2.8416084620097877,-1.5156222674749102,-1.2015563476452027,0.3170498519364772,-2.9929347061706526,-1.9256513699639617,-2.00157892354371,-2.00157892354371,-2.458122548763116,-1.6919650084889999,-2.5297386569203715,-1.5067313065434966,-2.2717099633973565,-0.2588172024867034,-0.3542093371164374,-1.603415000937406,-1.7472053960488274,-2.0884725146218015,-1.1588344993616526,-1.6549440299605955,-2.5297386569203715,-1.0866993013846833,-0.5650980285327213,-0.17893350708397765,-1.7547222013937576,-1.5580327813985335,-1.2322249146611166,-0.6192711654703272,-1.3649105904085943,-1.4967627039546247,-1.9256513699639617,-2.5527850358359774,-2.7437563507098677,-0.28779635681740257,-1.4967627039546247,-1.4455100753394308,-0.8014104736449221
291,SAMb2e4a082541a,2.5662101334847454,-9.927992272506438,2.3250251709693863,3.2993454837809875,-0.6720312933919175,0.6418189351881252,-1.3186197528832204,5.777882182147191,-0.6917985968407749,1.609769799017176,-1.3032658843523524,-2.999736626017456,-11.37037225315426,-3.8416914654047574,-4.851185878605521,-4.8366521669714455,-3.7354824844154138,-3.987341577948667,2.8041930388597396,0.7143453578085585,1.8574639910695578,2.865531439032248,1.1999892993794665,1.5164163285850816,2.296670130622287,-2.5223960247505217,5.601224572693139,1.6209937397107523,3.2993454837809875,3.2993454837809875,2.999405987713669,2.6212559303311025,2.4409401749717343,1.8823617340729568,2.4471344141522176,-2.0860140941316567,1.4669904828562492,-0.7071107538637316,2.9202652539380027,3.888387776495868,0.6192447353084344,1.599495494451049,2.4409401749717343,2.9613876282452702,0.23290246337355303,0.1274835187142613,-1.8959304593747641,-2.4535944889942236,1.04834329781158,2.3682039618700474,2.1177800995522365,1.9480276285621312,1.6209937397107523,3.7922728518551603,3.7825857437397574,1.9485274949192624,1.9480276285621312,0.4888430840600884,2.089847681051181
292,SAM771445e92421,2.0677873942830765,-9.927258027915961,2.235162540515862,2.1404300546273793,-1.2459284899993757,3.0686020575456423,-3.5504361071927417,2.9872236641532814,1.836898501347811,2.7852179599817672,-0.17117104500215508,-0.060428331029689746,-10.346088045562336,-5.14464733787777,-4.692771055637424,-5.277088548053637,-6.426677253636125,-5.956084152717101,2.2175184134303882,3.0390047935394313,0.8266928868349358,1.8826779342686575,0.8069192191522537,2.1467898641485563,0.8378160604370762,-0.3976511654149702,2.826278707813864,0.42074895620343417,2.1404300546273793,2.1404300546273793,2.35501373030334,1.8343680222424348,0.8463976327471688,0.8039035927879287,2.3009472464093474,-0.786032612547118,1.5097898775881842,2.044872391556256,2.709577992398968,2.8959070396009263,1.7205955073951278,2.7498707559529962,0.8463976327471688,2.297319080914664,1.6657316474631434,1.818073387003935,-3.4301776241023565,-3.621639885404575,-0.3198192743322655,1.8689997026376737,1.142335338090847,1.201082058575075,0.42074895620343417,-0.41385151949829246,1.9250711745273548,1.22130786491433,1.201082058575075,1.5982331940229406,-0.8214863801090431
293,SAM59fda9035d1d,-2.1247746615936194,-9.162195348128245,1.026349798184728,-0.7138070429640921,0.09009268819574,8.797386738121546,-1.8493269083296355,4.1853145767040445,5.722080001933856,3.188027170234304,1.3966953256901318,-1.3753455127981231,-7.560465144297963,-3.4981292774750234,-4.524860983743246,-3.164004757111209,-3.9674589495011885,-4.674035402466176,-1.2719952201759004,5.1494813719420085,-1.713957226384482,-0.8625165230617298,-1.121998357345461,-1.124934905516698,-0.07202538574592651,0.7363362154144946,-2.095466002958567,-0.9792647735331391,-0.7138070429640921,-0.7138070429640921,0.05094695531917519,-0.38360725447973976,-0.9041360645059848,-0.519654805038391,-1.5537791796034348,-2.140703463787474,-0.5963070115394143,3.6148642490166787,-0.42011055499939864,-0.8793075806015636,-0.813021532205867,-0.047518177366010834,-0.9041360645059848,-2.6468363335728924,2.158122600547624,1.3546338120870771,-2.2209312945914443,-2.171638447608806,2.662549968655216,-1.7555668928586778,-1.9228862985320905,-0.2514184016306482,-0.9792647735331391,0.23322172405329386,-1.8765387048024975,0.5949846885766249,-0.2514184016306482,0.5545479210280623,-6.421476592117909
294,SAM727c0e92a2a7,4.316287228392632,0.7970351741455918,3.785929123674289,3.7308625615983098,1.596784877923357,-1.4611185224327907,1.4468777309635417,0.30579544625620586,-0.7359515838707448,-0.10840264927236005,-1.9638223221713018,-1.0210813785227852,2.455666437545635,1.4332948903668896,1.1208922812507103,0.7628762109015037,1.8647387351654146,0.46783245748569324,4.272527030755047,-1.7135546949931408,2.793442837219072,3.1272292026635267,3.001262938700257,2.9106215158433932,1.7912119176946442,-1.0363791502808068,7.276104135254337,2.444271240105806,3.7308625615983098,3.7308625615983098,3.752883908783372,2.685055781368352,2.465517454343267,2.4745351321908413,4.102815099328751,0.8743172935916432,1.5511200989763585,-1.5047168822279278,4.0933454041609085,3.8278203028252893,2.571356756336549,2.566112972818453,2.465517454343267,2.495036172726759,-0.6084541990281279,-0.557415827329146,-0.02220994339619995,0.13679514402019358,-0.5931485783127621,1.7398847141612759,2.511494152309048,0.7942900945554415,2.444271240105806,1.9759985086713951,3.9343422120271208,2.2731038722807817,0.7942900945554415,2.3381091061041266,5.986081725748187
295,SAM6f2a102a99df,3.5747148851751747,1.6080120065397507,3.2444357172175713,2.4405735093893215,2.1748634507610385,-0.12192306085369582,1.4411631060665342,0.17386453988462766,0.690102948273632,-0.3090920024864839,-0.7327689069214312,-1.3502679930503823,1.4123156916233952,-0.23091224826867643,1.3497592054637895,0.3240014135726186,0.38585558810243625,-0.3557233231582438,3.751382549322025,-1.2268210809445772,1.9659212732692077,1.934805595382117,2.2066272938042983,2.780576548670571,1.748740067513568,-0.5523125393412446,5.179436409704416,1.7283999844884683,2.4405735093893215,2.4405735093893215,3.230599092726071,1.9373700137236696,1.9624508839729313,1.6351980398297534,3.62408550947618,0.692478288524356,0.9722461392762196,0.2139943269776648,3.644694972097399,3.269798816866856,2.276292134340316,2.534875772012275,1.9624508839729313,1.6095375214593959,0.44256135980943045,-0.4476970359740188,-0.5363513769383406,0.15604336535920724,-0.07169091982097563,0.40761987264112565,1.2843640954646947,1.4145938056913794,1.7283999844884683,1.4100203231503643,2.3839233232326897,1.5658570759981691,1.4145938056913794,2.1204023166758454,4.978203630266602
296,SAMe56c96c51190,2.6636115858390985,-6.934691230295054,2.111747049077576,2.9114278079023115,-1.2901937181961067,2.8670251577391297,-0.6086638935288059,2.9920624150649644,1.8236245475978314,1.5711834707044467,0.7283570691397848,-0.8785658925581558,-5.00890724338418,-3.808909463657719,-3.9112053313192763,-3.1278628048693435,-4.224412529676121,-4.085731218670035,2.452602526987245,0.17680787906943762,1.863210667688279,2.5631298225235373,1.817999655393262,1.6690305311216647,1.7410065505510273,0.10812107815702675,4.902875763090401,1.4376293011356804,2.9114278079023115,2.9114278079023115,2.5168032547818457,2.1914894227756863,1.5884251352330008,2.024104765281663,2.4844221944977076,-1.0433262559075986,1.477761867235637,0.29758956432286965,2.643324871607529,2.5899519301084344,1.2397533921429735,1.75555498405198,1.5884251352330008,2.0220063954140954,0.9805499779515823,0.6276959336177009,-2.465420424220223,-2.654972186797221,1.2876765023370427,1.15618625777001,1.446651480153268,0.8440426329239964,1.4376293011356804,1.114706060484885,2.724586866375501,1.7933995701593861,0.8440426329239964,1.57449645754349,2.2757946479178077
297,SAM2b672f4336c7,-0.9546168188296652,-4.138788519116662,-0.5012104041297307,-0.5418068156018633,-0.5395933963755375,0.08677290933937894,0.5337157773690602,-1.8076122719089676,-1.4398759935534031,-1.787690857539455,0.03806142360466728,1.5982508832439442,-3.0677219866987127,-2.7028474024552303,-1.9894490608776754,-2.4125218494684435,-3.4348591991526702,-2.891818139013465,-1.1239568610951542,0.6275465917100288,-0.40047765236309385,-0.6249569114939187,-0.7890867142759951,-1.0477880319089725,0.12896622615979653,1.3301126262723788,-1.2252575039932128,-0.4805288995401327,-0.5418068156018633,-0.5418068156018633,-0.6711584130924276,-0.34493083293768767,-0.7269820297611974,-0.28071750798743816,-0.9609372066257038,-2.113730806742027,-0.3369101280557412,-0.04590889356013681,-0.8806655830804894,-1.4812861752511353,-0.5953724106505819,-0.9124505539154505,-0.7269820297611974,-0.49556700308861285,0.4481130008508739,-0.49275700854543375,-2.130361152005162,-1.811627654468761,1.1595680024355242,-0.058430428714281495,-0.4612447299131513,-0.8758592438648697,-0.4805288995401327,-0.1651895261315771,-0.7859174031849991,-0.07562057140974092,-0.8758592438648697,-0.7714010183752564,-1.7515034528051832
298,SAM1ab1b28d9f2b,-1.8407572746158505,7.508215010878961,0.6947864784955474,-1.9425531085510277,5.214826671896265,-0.021985925121791528,0.6610819936770408,0.24470783135268934,-0.6784803253791707,0.31114092402383803,-2.577928428459843,0.5870890510460623,6.376767445288885,2.510437387331687,3.805672653629615,2.6923256524128014,2.6365416173853107,1.6769974760088575,-0.9759923262922714,1.0159752264009374,-1.1096345331530442,-1.7943431889877517,-1.1874201523795018,-0.8814084525883275,-1.5201586887184235,-1.4824617938095692,-2.406638554023349,-1.091764080624917,-1.9425531085510277,-1.9425531085510277,-0.7771140798005234,-1.0603996275341405,-0.4155682030996922,-1.9945236908956918,-0.7304353481899216,1.7211305884217958,-0.25214681881776363,0.4337137879517577,0.43204865335584225,-0.6963041816839689,-1.1614321970397588,0.11724368553807889,-0.4155682030996922,-0.7129825266677612,-0.9698868048148396,-2.8020797063426315,1.4808479354452373,2.2312476637825545,-3.3516841586820654,-0.6896333214055196,-1.2972481120235126,-0.12151510955178194,-1.091764080624917,-1.5632704707432579,-1.6698279293683067,-1.1647285814068518,-0.12151510955178194,-0.9673157091059159,-1.9919675526932088
299,SAM1bcc62d8290c,-1.835800963042375,14.303900244203659,-0.06199480021066,-1.1794615903751255,2.88364210267666,-4.675896298145385,3.804184926882685,-2.0461880035098687,-2.613320201282389,-2.842234634341105,-0.47348312805198944,-3.248971128462329,12.929820864479096,7.851958937693128,6.081108029440248,7.704535861009387,9.23640304610838,8.578249569137887,-0.6243906470914672,-2.4779555153833375,-1.484195964255967,-0.6624853382949063,0.016472448644777177,-0.6577638153586856,-1.4268488248629725,-1.2710610201818047,-2.206228410713891,-1.5356349321425506,-1.1794615903751255,-1.1794615903751255,-1.3847603637871062,-1.3566340355034394,-1.402897704592612,-0.29090033404381155,-0.5845067063022205,2.848307192089809,-0.9786604387677695,-1.3298956580895989,-0.4963120499863755,-1.4337756798861985,-0.3595944443577879,-1.9028575120182172,-1.402897704592612,-1.46097074186145,-3.396611055697142,-3.256570905253512,4.587580128739826,4.6484216813370605,-3.224111295478707,-1.6486678131076382,-0.18200234525040568,-1.9031265308148198,-1.5356349321425506,1.3471929243229641,-1.6431905288735664,-2.4149536794684607,-1.9031265308148198,-0.8526973669991638,1.8535648682918704
300,SAM6662f5181f87,1.1988061540108006,-3.534913925668979,1.4932527010199481,0.7942976880572535,-3.1828471583282827,2.032770556682896,-1.360149501054733,-0.7056574730435031,1.1782914650939749,0.006300835787812503,0.2323741251549075,1.1277285972056472,-2.061215973378595,-0.6748201394998938,-1.6226622014270868,-0.8388494379306093,-0.8204706437251601,-2.498788162058211,1.70800223270223,2.3598512294227176,0.25854672180073907,0.7346688319252803,0.866524339711987,1.407797176152959,0.3820005522152019,0.5386177297780695,2.2322901850977646,0.30423788961595294,0.7942976880572535,0.7942976880572535,1.0575758700086577,0.5536730386316645,0.7101376865117873,0.34826742067117716,1.5369091032473516,-1.2466986028969935,-0.17413477000935393,1.0746455484452453,1.491632078766836,0.7066479712133538,1.1758485820601727,1.2944816683225493,0.7101376865117873,0.46275237706984573,-0.24747138797786078,-0.19708452415287758,-2.3378795618132773,-2.5616223012286476,0.25196191555966135,0.39330260377562165,0.4634233867915861,0.4600719187976847,0.30423788961595294,-0.2356564453349101,0.851956351698256,0.3488831189576603,0.4600719187976847,1.3786337715727144,-0.6518489967204877
301,SAMe0c49ea0df5d,-0.376393715965951,-4.665619376104523,1.056376661885281,0.31692024959689485,-0.42959304123815917,2.819528383285059,0.34715204395224225,1.0271754946202587,1.8427943183772793,0.787628637523431,0.7859291882139978,1.1314355760006238,-4.067241012718154,-2.1500540466657907,-2.473768817008926,-1.3032845987354265,-1.9149443332927636,-2.0069747316273556,0.754801720936245,1.6722991505474947,-0.4415417481184104,0.19881293048882712,0.3688934835650428,0.17545881850664033,0.41421693838584916,1.1730343808048698,0.24755679642781134,-0.23014084063073623,0.31692024959689485,0.31692024959689485,0.47071682972619416,0.26851219356711237,-0.43279412669148715,0.39040843757726346,0.2993448230414344,-1.5561784950879023,-0.5103872493301033,1.1477633080294694,0.29326785261452615,-0.21164947183575258,0.6120131090409519,0.880767378688351,-0.43279412669148715,-0.3556994318297115,1.9880983788816697,1.6790909129285014,-1.2046426667465104,-1.5212814019603191,1.122491222231186,0.19593684181953214,0.045482956918555376,-0.774592510075852,-0.23014084063073623,0.17071474796631017,-0.016779188181471078,-0.588689005590331,-0.774592510075852,0.5691140942637035,-0.9174974296112497
302,SAM59289ca42c99,1.966811216661184,-7.929325922752542,2.2440907338641454,1.857317890577037,-1.4631546721388238,4.112044983738206,0.34467951428805427,1.2387016390529668,2.1687335974382678,0.7331118016469318,0.6209963069177519,0.17821701332908366,-5.223090699267925,-3.353117423216081,-3.4555988682368226,-2.695358752789086,-2.810877884458494,-2.499378683654591,1.8741876219067686,1.5341510179806779,1.3096621748746793,1.5145594534005122,1.0157435707076754,1.179241660097983,1.7615368914386553,0.6053574033351085,4.367500315588509,1.1810201662131112,1.857317890577037,1.857317890577037,1.432407146716248,1.3218652331562515,1.1075031218090077,1.5929768794724213,1.7183755614887042,-1.0803100366480651,0.720645796404801,0.7579107631653564,2.237330773957421,1.3127649115673654,0.9341899166068682,1.5654981433544246,1.1075031218090077,1.2539979946025157,1.9682196300294885,0.2381411235267959,-1.3763780518344058,-1.7976205591898058,2.098893849620735,0.859932711832243,1.2634298857310768,0.7263015903007566,1.1810201662131112,0.8642614209017734,1.913910705269478,1.2275858430627031,0.7263015903007566,1.6813858376925837,0.3400366039260907
303,SAM18b9351e265a,2.9066662753777956,2.3902350482600614,3.493510166224527,2.6803967863841303,-0.24294127359881285,1.9225737694253813,3.349186014977808,0.5093711565523935,1.1522452740049594,1.5870107482856601,0.6795423040274041,-2.3223306489663442,4.217653894687399,2.564095009105829,2.452772068618781,1.9682493727627135,4.090282393825274,1.716515289113845,3.4683068614561146,2.47684245079165,1.9070662816819086,2.3625364597269494,2.1515341590679364,1.9945152639085022,0.9998391276554647,-1.997831941758158,5.319605712436814,1.803184354585005,2.6803967863841303,2.6803967863841303,2.7553193259523074,1.6940004328493554,1.9181021638729905,2.0544443519896216,3.065643141026758,0.5030295560945123,1.0359290433080401,1.1967418244683694,3.519117844591784,2.7102655369617175,1.60832105859687,2.705241832352557,1.9181021638729905,1.7682095478968676,0.6028551874634848,-0.7466378022449207,1.4762911552811278,1.6695201376104285,-0.22134720840981012,1.3434885501024718,1.8430197917038964,1.56832032127793,1.803184354585005,0.9705655649409388,3.131417812128057,1.4780533606846087,1.56832032127793,1.6382193095349125,0.9914644106644643
304,SAM7fb7a13c096b,-0.5827627693092255,-4.8833021696561385,0.8019342980956173,0.33708068298710536,1.8562559724632752,0.6464797831547252,-0.22657852005289522,0.4164928233742001,0.048171615479156445,0.3425890105061585,-0.2090093174078191,0.48441938863996914,-2.608492424703402,-2.0139243940714486,-2.090351796724708,-2.2623181297867068,-0.8406671808995819,-0.5663218525265576,-0.39065911806957837,-0.14430921035405134,-0.7784326678936293,0.24357676424210192,-0.8306370104419439,-0.34572193765822856,0.3979458928457212,0.9360331775756104,0.9459353681513503,-0.6626823986588934,0.33708068298710536,0.33708068298710536,0.4096397926490178,0.3281404880257909,-0.37984658304907865,-0.08022071626918008,-0.4055545967058415,-0.46344570215073133,-0.32723435575998844,-0.28360261159863415,0.27231647743225207,-0.6063759213261604,-0.3386131546207172,-0.19171324727967828,-0.37984658304907865,-0.04591948785514895,0.0924051462648251,-0.10268123219527192,0.1778124149506803,-0.36021596716499227,-0.3207153120903489,0.7102158956382545,0.4198346200500713,-0.48355080643089815,-0.6626823986588934,0.9294177632975484,0.06628006261449511,0.5242515247724034,-0.48355080643089815,-0.4797848229029147,-0.24634990771552703
305,SAM87a8e18eb45b,-3.140897908504269,3.685630839562127,0.12615793644038226,-2.629381203828729,-0.6350468133829373,-3.831699072226047,2.00385483168273,-3.300499662576786,-3.2017521434174685,-3.8792476801144162,-0.022063439607606497,2.06881655001613,4.698629146306153,1.7341753740373527,2.413593983992415,2.772310692414282,2.4450566833024547,1.2851613412692837,-2.3024613728882053,-2.8956528454565817,-2.3233284255756135,-2.3137137379468484,-2.039035201675575,-1.75371751945292,-0.9088795088415946,1.5923571335943525,-5.894930846086279,-1.7567846180245967,-2.629381203828729,-2.629381203828729,-1.6621944546035532,-1.587004842845034,-2.0449682462132954,-2.3225380214893514,-2.2666878746793873,-0.6113056630127129,-2.696830460523704,-1.9564806162476749,-1.2707294212577167,-3.204077010690126,-1.2525815862116352,-2.807732315633993,-2.0449682462132954,-1.9081969039744107,-1.6421387692045843,-1.3293801066089932,-0.14370139605526075,0.27772561377699245,-0.2958266605673461,-0.414674830206281,-1.5092201597319688,-2.4259157730269947,-1.7567846180245967,-0.1346038010372189,-2.897260670255799,-2.582064448665968,-2.4259157730269947,-1.523641518274896,0.5931914725683765
306,SAM1f3c93814cb9,0.40702562967877404,-2.2747616434314555,1.189496929176658,0.5927472976046798,1.4306977572387036,1.0303513167383054,0.2156698632134798,-0.3662419029710962,1.0531882582622745,0.6592737463519881,-2.0363521833730136,-0.9988534990816132,-1.0690030442074259,0.6618431403724413,0.00021888584598081837,0.7326867338241467,2.3843498429831316,0.9196027962324628,0.434396301984013,1.796700893325286,0.4033323558214952,0.5300597729292379,0.35006824824201394,-0.20524952510354447,0.44464929868851266,-1.1986353332057325,1.9547586865189872,0.44129767145147447,0.5927472976046798,0.5927472976046798,0.5980550856003102,0.20676952276902394,0.5079584821101167,0.6033443155184999,0.2891768789585603,-0.008384866387271267,0.043780133080841444,0.6705873707885671,0.973478279028234,0.39771487877356737,-0.4175595293374028,0.16255705062032358,0.5079584821101167,0.17268453076673954,0.06467136259419029,-1.2068312462203021,0.7398913841333902,0.34852139492405887,-0.24090837790247874,0.09394057508531925,0.6911495284097711,-0.5539094484278151,0.44129767145147447,-0.0028935702529738587,0.7681814564432309,0.8330888572962918,-0.5539094484278151,-0.24529948189507364,-1.3623045913412728
307,SAM5fc9ae0aed1f,3.01828460916624,1.3674602723581755,2.713074402564092,2.928865446756405,1.3909767935787982,1.416800282422647,1.8354683139295314,0.744406251514704,1.624473627390263,0.4347816942084155,-0.6235583029656704,0.05959929167418857,4.678870964468851,1.2555471465323045,1.3908850933590984,1.4400108165583063,1.1762501959356524,-0.14189584961292823,3.2772418410437063,-1.3220079109669374,2.106247721442244,2.5947169134214776,2.5071370266639943,2.01144637271849,1.6476907110287058,-0.8458702269211559,4.501068302667056,1.9287504708552046,2.928865446756405,2.928865446756405,2.7712742971310442,2.0170085602054595,1.9748719018381584,2.084693327701985,2.9852298815778946,0.9785743423385167,1.258160740237654,-0.8252614952170734,2.945338848361154,2.54057129142708,1.6595949786147355,2.2036166941019153,1.9748719018381584,1.5321879200324098,1.0091376892807378,-0.4642069760233208,-0.3677348033832409,-0.8760804331872464,0.3724211052284502,1.2295998799919494,2.074763052467427,0.867776388078206,1.9287504708552046,1.9666408491786944,3.0597271788152822,1.2372997028239343,0.867776388078206,2.7613680583532356,4.5992497520106435
308,SAM9725303dce0c,-1.5251800861831493,2.1794202379160197,0.7034016120217066,0.20784609941462048,1.3297650105754237,-4.6240321801533995,1.2215309527104037,-3.0014643206172535,-2.8620287279003573,-2.4326849826052803,-1.2099320436504981,0.0740520546809896,2.3220621434394375,-0.19018441028412372,0.1370110429583858,-0.21098284112602114,0.7043008335784585,-0.05342338899901803,-0.7843556649987365,-3.5645395327180136,-1.387647083948919,0.5417235179317457,-0.24466848788005227,-1.0391368819105447,-0.7830059752887308,0.16075299382089062,-1.5218615177559494,-1.084553241414738,0.20784609941462048,0.20784609941462048,-0.4384219488258266,-0.16310319739894147,-1.3487184170946314,0.05116275658913951,-0.8660477942710985,0.11115455253463415,-1.6090923487284696,-2.9229922912357194,-0.6752582947170727,-2.600237534345302,-0.20645745678720095,-2.0590386110543135,-1.3487184170946314,-1.2831587844891292,-2.1396267494129804,1.267271213034818,-0.7027934310364695,-0.8223919044084875,-2.4397843591415818,0.30521154568009873,-0.07599903427213665,-2.2838746101687306,-1.084553241414738,-0.6085773015141888,-0.46554678423278284,-0.8677583606488444,-2.2838746101687306,-0.6745964454166248,2.780183867719277
309,SAM6ff654a20f98,-0.4882802403188827,-5.582716781879337,0.005234878911699346,0.14294644043934354,0.49646035117511833,2.93217947656476,0.142714695016728,0.7072561523535202,1.0181882018759496,0.6617768255189962,-0.8148138706703139,0.4999802618899861,-4.454378851428893,-1.8914447482655623,-2.149748387278911,-1.7384025684467808,-2.5934035768068076,-2.8782331997636095,-0.4121517683440609,2.9372640863435056,-0.15132994829946828,0.019337816665909013,-0.9240231980932438,-0.8031887872174036,-0.03804659132836309,-0.12396718655081497,0.3502277383383309,-0.15958518062929894,0.14294644043934354,0.14294644043934354,0.03686232109328238,0.1654298304684427,-0.8758584377330705,-0.0095764276816732,-0.7697020807216899,-2.220469098785936,-0.02388748448056696,1.5070529274847573,-0.5883798668164356,-0.5198996921126106,-0.226772040075378,0.4219317327877283,-0.8758584377330705,-0.2205187565960526,1.0241226736658409,0.32025999615481077,-1.920533360465523,-1.9138249147363393,0.10499144349292011,0.47866038326396976,-0.12326580799673503,-0.4003061494747326,-0.15958518062929894,-0.19802079962648234,-0.28431371493399776,0.5556805562609469,-0.4003061494747326,-0.060346232989725745,-3.3494158546875665
310,SAM65afda25b920,2.345995903054426,-9.25173326542584,2.5233174828433236,2.031199208730981,-1.7019123295056688,5.186315362463179,-2.862278109652143,3.7448081675595204,3.2278948442902937,3.5363229800507616,-0.271881115189389,-2.09715914427255,-6.336697831525205,-4.9588233085198095,-5.670793271429621,-4.589808945636925,-4.693671945887657,-5.235531775290893,2.007600381314706,3.687756467374711,2.483686714789274,2.0038008202650532,1.1896021316111505,0.6186664134249366,0.6587649899647271,-2.003761918172441,3.7403608540125632,1.9084356158308111,2.031199208730981,2.031199208730981,2.020550563147079,1.3342223602842695,1.5133836511182022,1.3166238461955728,2.20169207773483,-0.607784974568553,2.443580471422577,2.364424162052414,2.7460493176584206,2.601286438625968,0.577171063888562,1.4303207469719141,1.5133836511182022,1.5022863932890196,0.5240394088497272,0.8445072471275727,-3.2214685141942025,-3.1134243456119575,1.075436687585588,1.133692421574699,0.6800151255256636,0.9996600767507413,1.9084356158308111,1.4959917836805545,2.312051732022996,1.9592442831453758,0.9996600767507413,1.0414876803397737,-1.680156086060005
311,SAMef0e3d2415fd,5.06299161883367,-12.147530291479772,3.6261244762235916,4.58933440164645,-0.7017645409213924,1.3265043658242097,-0.3448205777525897,3.5918268455577884,1.6649630106440614,1.970496883781326,-0.5175337854873991,-2.758335238497245,-11.341659013685726,-5.211810124989129,-6.007024904709752,-5.332902036233106,-5.218989127236213,-4.54441148459392,4.201607765471525,0.9082749877648137,3.7898551819824124,3.586908942667093,2.2925400519862724,2.537481486037366,2.82638230766074,-2.3547357627224477,9.230100882847802,3.0771479750095074,4.58933440164645,4.58933440164645,4.463138827509771,3.4706274071655634,2.908236024038802,3.3828916921595127,3.678019689894101,-2.1351054491453314,2.9782327639876858,-0.5614312193721678,4.650732351733998,5.512507354091928,1.7699247369835647,3.012783791735065,2.908236024038802,3.887696053758828,0.8909534668952791,0.19929555916496178,-2.68740288395833,-3.662534242734684,1.137227886793211,2.152964049841314,3.358808897763351,1.9836262231997956,3.0771479750095074,2.5338070955358876,4.860548997099638,3.502128728235919,1.9836262231997956,1.6790801629563055,3.293332777706712
312,SAM07a93a28f801,-1.8220705356213553,2.4632757739494657,-0.686837532515879,-1.2129787112245174,2.808775233349153,-0.5155249524886248,1.1622598727236855,-0.6007463321964363,-0.14852400882236194,-0.061900375412229834,1.0787601893598338,-0.8055058289249498,1.9155970631835648,1.7331955423937215,3.5464796835338874,1.8851614836668331,1.7717000595249732,1.2825848454777318,-0.9459543994694067,-0.12303192397816282,-1.5242763897312797,-0.6263113483477686,-0.6379794523395885,-1.0748354467657648,-0.5267362224118461,1.4947396347775412,-2.8987678741891423,-1.597661765657646,-1.2129787112245174,-1.2129787112245174,-1.1365041398629518,-1.0393821425543424,-1.6395639154521935,-0.7802887402091532,-1.2526041169826228,-0.19073438065877663,-0.9538810914935657,-0.12044013438485643,-1.155293043656583,-1.8028453765403964,-0.6477837189531065,-1.511921747502487,-1.6395639154521935,-1.4951744089949166,-1.139067651901796,-0.5462726854418852,1.0870042700256488,0.8918043040613398,-1.6194649807311603,-1.0949220017491899,-1.239419515384411,-0.3672308317153582,-1.597661765657646,-0.039697212941479876,-1.9597259588238294,-1.0580157452513883,-0.3672308317153582,-0.5779609454833631,-0.8229224754912439
313,SAM94859b440b1d,-2.5474411004925535,-4.560538194361958,-0.8933758277265748,-1.885114419181006,-1.6221864585280488,-1.5997205532102456,-0.09777431172517247,-2.370134399168266,-1.8351353687572531,-2.2116710308849425,0.8876937893536876,1.5306512921245066,-3.0990485092071514,-1.7576048384458418,-1.3402791424132559,-1.1525203633026273,-0.5898651102871473,-1.6824787736614473,-2.6878218913793033,-1.9165158789564165,-1.666920169564247,-1.6178986350075215,-2.2340375696508064,-2.2421982939439906,-0.4227562595274032,1.8996926216807164,-4.07764577190882,-1.6346383509061884,-1.885114419181006,-1.885114419181006,-2.0295716000762236,-1.390352971276527,-1.3375574007012094,-1.2055508591496698,-2.5620504257283163,-0.9417450211067975,-1.4073084445704158,-1.685898601704376,-1.0834374741415247,-3.1948547837855483,-2.6142872544856637,-2.4822444400316273,-1.3375574007012094,-0.7704704263396359,-0.0873532333651095,1.5545073847978264,-0.4581644030096648,-1.0457409315774515,0.03939132540948853,-0.6361392802236443,-0.8008982788755613,-1.2588405525337043,-1.6346383509061884,0.14309362739029,-1.9524264222378662,-0.8989747086388268,-1.2588405525337043,-2.567852701877044,-0.7713060124228868
314,SAM58e7832f4e7d,-6.208533954724706,-9.522699724080898,-1.1543246767593605,-5.81722102112997,-0.7208778488625455,-3.592886886955032,-2.0045537772194657,-2.4634967678808635,-4.040955218340439,-3.3927967026712755,0.9138908020594753,2.750311148963373,-10.60699879596586,-5.963845522132208,-5.480188720440186,-4.26083227566566,-5.679307027014146,-4.324148434876397,-5.239289540482272,-0.8263601980603347,-4.612548627718202,-5.3264328351240255,-4.16041635558684,-3.755973165377399,-1.7716964138558149,1.841540464588316,-9.944790556946575,-4.030381342354293,-5.81722102112997,-5.81722102112997,-4.356454875252507,-3.88215674990491,-3.3092062227978944,-3.063994530704159,-5.227248047786675,-4.580160712298462,-3.285646336822669,-1.1872137844900612,-2.5952348796861617,-5.3780544637499945,-3.616984645300578,-4.5573454096698685,-3.3092062227978944,-3.652562928914845,-1.4533877071316295,1.627229341837023,-2.3151584016267734,-2.6179623572226705,-0.4020098058329707,-4.2996288172194195,-4.031496277433984,-3.153374808426563,-4.030381342354293,-1.4270709706649514,-6.142946495359142,-3.2057322703279216,-3.153374808426563,-4.561438255946109,-4.412929342421937
315,SAMc57eadb2d82b,-6.540239789678721,3.0153207881033994,0.2779911860658523,-5.139911640991283,-1.5273472732919857,-3.0915030659634537,2.0934515285214945,-3.585102310571279,-3.607345185238346,-3.483282729636803,0.8491381504764738,1.7474986818534126,2.4061535744668325,1.387426342192289,1.5043272539917811,2.588626083737522,2.5010642255952047,1.650480044567822,-4.835334501128767,-1.8615269498579896,-5.07892992384579,-3.9499344596797274,-3.2213251647876557,-3.2508034390977834,-2.482556327240925,1.9645965953828142,-9.376856084446734,-4.103673744391337,-5.139911640991283,-5.139911640991283,-3.83843540926712,-4.805376195911233,-3.2747126062526473,-3.128839493158325,-4.513147323376618,0.26814040497464975,-4.377307088678744,-1.5111171203624987,-1.666351076819941,-5.5413561668994555,-3.1760705206404,-4.131591125989881,-3.2747126062526473,-5.181049059317145,-0.5909160200128387,0.02425567153113826,0.35996601369288583,0.19549213507804353,0.51916733771829,-2.76701955266846,-2.6531817774411333,-2.166856755414546,-4.103673744391337,-0.9245240899135717,-5.421782425700587,-3.9491191998698048,-2.166856755414546,-3.364976054302696,-2.973807551270778
316,SAMd5ab7fbfab4e,3.13526957519001,0.7722788612914216,3.610624943082456,3.528241113515077,2.5020698104500148,-0.907313131217221,-0.18088702913716118,-0.5950792168874514,-0.44447079705783954,-0.26790962751279107,-0.742086136603436,-2.472493891408775,2.2719537212811813,0.5485099308410497,1.3258143233466348,0.48414576140403537,1.4479167771528443,-0.5334399453473528,4.1340237586363,-1.6076498024573802,1.931806059439539,3.2380962780606612,2.4778477594859707,2.2933507739224503,1.797581562316791,0.19835853506067824,5.935231493317565,1.6651344461851392,3.528241113515077,3.528241113515077,3.7298307660902426,2.632451153957717,1.7613143382958996,2.1732950421431307,3.6558919880163026,0.17784633463937471,0.9407901464228726,-1.1323400421756589,3.5680416470813103,2.5459082550291017,2.1362386366619073,1.4934098718663888,1.7613143382958996,2.1804247938317047,-1.5438960697116317,0.4208828662207736,0.38423838212655026,0.4296085187322304,-1.2811489300186603,1.7812864901110839,2.170412944272767,1.1855878737975283,1.6651344461851392,0.6550244453773701,3.361808142656165,1.3365193894471854,1.1855878737975283,1.7917686728516893,5.7416735610936795
317,SAM5767dd75d142,1.1270475928403607,3.070174014439506,1.3772947416925563,0.4333725449337048,2.9273607240837207,-1.7153957913382505,0.6763974133685522,-1.550358961742432,-0.3524213624048999,-0.7883574710119787,-1.1806392120450384,-1.0581555334634827,4.0048521431392965,2.238626773679835,1.7137102268222129,2.7199422190639333,3.915780950641813,2.960615708556689,1.4066725453080777,-0.834938229840163,0.27182431672311197,0.31859026353625747,0.7837386703704187,1.165012898295523,-0.32603268625903725,-0.6861378183017159,2.3365203970131563,0.45745323724645703,0.4333725449337048,0.4333725449337048,0.9424634044513202,0.3867730966550929,0.6250330390377947,-0.07965567096948901,1.5415012351171158,1.6814274615645624,-0.44760061549323754,-0.843819760438036,0.9488052781803441,0.5747115549921807,1.344026972503644,0.9199261276087268,0.6250330390377947,0.12915622581887676,-1.7356596494357606,-1.1643509432147243,2.7886026791418,2.409374815780588,-2.1983560940464324,0.33940282584603326,0.41924279466169534,0.36159290970742264,0.45745323724645703,-0.4434940906156103,0.7038530271783635,0.2934862475556896,0.36159290970742264,0.7303036923535592,2.241610775148241
318,SAMaabf4afe4213,-0.20879385876634743,6.8920185925345505,-1.2994674650768823,-1.4158423385623367,5.431741844196418,-1.3904431010828802,2.5254151267960254,0.08323160971877597,-1.3025904498431562,-0.4668892544271963,-1.4264498090342559,0.5433968184181209,5.54811951045873,3.240004424415797,3.269266937989017,3.5814149002261537,3.285096279417343,3.5713400000898297,-0.16629112535656881,-1.1097676402216983,-0.19149147915219292,-1.37136776968678,-0.6613384102313965,-0.08109288217830614,-1.1713355797218277,-0.8414949320105487,-0.6648179850789903,-0.2245412763278975,-1.4158423385623367,-1.4158423385623367,-1.6131103389522394,-1.1655561472560105,-0.6270799141239687,-0.9641046932533461,-0.2705036042451474,-0.08232233892821232,-0.459218689419142,-1.7776117977451649,-1.3199860261600005,-0.6435880152952774,0.22072490947142087,0.4788567159582185,-0.6270799141239687,-0.7348829775772548,-0.21984499084543394,-2.3153883286192833,1.8893446828512024,2.041570097754607,-2.3355642282887104,-0.7637256197531194,-0.9401327456977953,-1.5378856731210468,-0.2245412763278975,-1.544444674067431,-1.2535460809159895,-0.2507241352540529,-1.5378856731210468,-0.10767169008037773,0.9434765148651294
319,SAMcc7a42d87e9c,1.0357284470509553,-2.219621276399402,2.4395721525077163,0.6744327965516956,0.020174941832876707,0.880996280688356,2.422240349007404,-2.0071192315237276,-0.32983695295781934,-1.3490799232334987,1.1568816130757356,0.7964171026454425,-0.6498058432739796,-1.1760466063233856,-0.8138303374908632,-0.5534758874960287,0.26789105406643143,-0.3134709531360574,1.6713712091873303,1.4882485859494996,0.6882229131893871,0.5142001901338589,1.2010569451247757,0.6379049203608597,0.13528863118359719,0.8890825721554291,1.3640149572739744,0.6140969567605457,0.6744327965516956,0.6744327965516956,1.088983570274897,0.20833511923530168,0.569164182219858,0.9618909416326817,1.447835678311247,1.230975117950367,-0.03500654426219402,0.5982097535553734,2.059137531553149,0.18886590680682394,0.6605126836657967,0.38508866572179146,0.569164182219858,0.6573282994598466,-0.631286422419523,0.9280835041808959,0.12128082642677897,-0.0668189671491648,-1.599626015146443,0.2753631680840885,1.3122108676736062,0.7241236748652232,0.6140969567605457,-0.5070224027195623,1.1276554594325638,0.07063802908096438,0.7241236748652232,0.4484792102573437,0.18312262323783068
320,SAMce39dd79b441,-0.41760476233701277,6.088077785572097,2.329461489512713,0.6393485108488779,2.124061154458454,-2.323990415699685,1.626150078031065,-0.7958748555143386,-0.7585455783004046,-1.0444973995933524,-1.018863525754369,-0.5940464789456177,7.0187376253805684,2.1763398198247867,2.8878614870134727,3.328592226366015,2.609277809758071,1.9912242038925554,1.066706724660336,-1.5014030230230369,-0.12824947948825366,0.7005135030525151,1.407624151114666,0.9468869809289736,0.4755354861835733,-1.2128655895981777,-0.8690004968988687,-0.055858741610210025,0.6393485108488779,0.6393485108488779,1.052185591611992,0.38725055205167147,0.28082813560256475,0.46012054719760004,1.3861043693090538,1.1681397859557159,-0.6769176836754397,-1.2256341943405704,1.6327292965850109,0.47801763029422356,1.1948778125086397,1.0163203122588598,0.28082813560256475,-0.15537339047469115,1.1039438340709422,-0.4398999796990659,0.6991501982067405,1.2396410659537411,-0.5048122504032265,0.23224809877130415,0.6698494195083171,-1.3652792108406746,-0.055858741610210025,2.5220861236364858,0.5698759600875445,-1.8196452822561489,-1.3652792108406746,1.0475559212654288,2.5681097476833727
321,SAM75f12d1a55fc,2.3841234480934723,-6.738825593423649,2.5019475617152,2.207567312775024,0.5501997932376199,0.9367655238569715,-0.9976141678589028,1.8858793213194827,0.9779835868163996,1.5616824336257058,-1.2308050652963523,-1.1230387270674438,-5.994328473775369,-2.812149646049852,-2.716556819298582,-3.356866872568463,-3.0741552989056875,-2.96926333120786,1.8176585469740383,1.0048976349619383,1.6409174770968744,1.922996901648395,1.2851690709884116,1.083459508371948,1.1226578254029111,-1.7236371032201647,5.246921441206145,1.3876454201105741,2.207567312775024,2.207567312775024,2.371783489770671,1.6139230770618747,1.263527111662295,1.2543110278962413,2.0561378672271906,-1.3885342025300902,1.3266443686657892,-0.4710812637297904,2.470567896788251,2.502652552375855,1.0049653326673964,1.9843440568563033,1.263527111662295,1.3712009119297834,1.4156272835009902,0.6423019513152448,-1.3007075457984134,-2.0026904386669155,-0.05603169783481181,1.1642076263108057,1.3022173122740492,0.3254883509236642,1.3876454201105741,1.120387547997501,2.132751619356936,2.2710289558297374,0.3254883509236642,0.9230933501605171,0.8127609120121
322,SAM6964a6d7b967,-3.5429746829584823,7.6351115241748015,-1.0171402189865626,-4.528220741968816,2.929034070223817,-3.9170359626540736,0.7908846565387327,-3.7283276452166776,-3.3096406252920354,-3.4255451302648385,-1.1117009292781093,-0.39805877463497696,8.631278846324369,4.473870640419935,3.317103464984269,4.616819289102333,6.153729544582293,4.1200260731715455,-2.7032036845807954,-2.7544478205251957,-2.80402067880107,-3.83422538471812,-2.362603593825588,-2.004377559867889,-0.6381975448133991,0.9176586641792898,-6.973310604299095,-2.430829145425859,-4.528220741968816,-4.528220741968816,-3.585446286959518,-2.760393784526174,-2.0785108803192838,-2.944582591907811,-2.540880877873843,0.8106675980827827,-2.517546137330442,-2.7486895078156612,-2.0668954933404047,-3.6061432240574027,-1.6053161618863965,-3.0614054978092238,-2.0785108803192838,-2.903806256617367,-2.0173925251739604,-1.6806794926687094,0.49119643116928946,0.7106454810743785,-0.9358627708747451,-3.0723695426617543,-2.7761033884063546,-0.788676866376917,-2.430829145425859,0.1930371031553784,-4.552254233397386,-2.1935805030734565,-0.788676866376917,-1.8545356608634815,0.05124413594440025
323,SAM3b1066e5801b,1.700769416545789,-7.289861548468541,1.390908260316081,2.541707529109241,0.6819865540225863,0.6125376021584371,-0.718603145724507,2.102472244547797,-0.31402390889887755,1.564673175217907,-1.5998079681118795,-2.8177521506210494,-6.537672093409467,-2.9096877560918792,-2.909885788758393,-3.6674340629953943,-3.1860466771664915,-3.365934196054939,1.1517981274659237,1.344049871439629,1.2048029043862694,2.029924326109957,-0.05076821720029536,0.23825368116255702,1.4966926668779623,-1.6370437423891433,5.314646315685859,0.7728451095693426,2.541707529109241,2.541707529109241,2.166793333210302,1.9698177624894493,0.3532906101263708,1.5970704436082956,0.7696868087323011,-1.2822846220824413,1.301024953949367,-0.1845980933008138,1.497072233448633,2.3570054497841384,0.25870021085089695,0.6770741724404432,0.3532906101263708,2.187448899910102,-0.6603392528465516,0.5196423081739328,-1.065099161975969,-1.4121435440944003,-0.0703260036933454,2.013789148113516,2.290724498976153,0.3291083658299618,0.7728451095693426,3.5214134573054032,2.2490068344379717,2.035558811456597,0.3291083658299618,0.03615330004816026,-0.19225174397370526
324,SAMf20b827dca51,3.3978519040882675,-4.912482725168226,1.9251192579885539,2.902144789509714,0.42659595452243426,2.6662937558674176,0.19538442455149108,1.3450774499827087,1.2178304125625097,1.8859003660995728,-0.9105641955668566,-1.8997952652560512,-4.158343927981721,-2.0174756419899156,-1.9333521406797896,-2.4615797216993407,-1.7915506013695346,-2.291873029424055,2.480758895985064,2.4468712635136143,2.8502139158130837,2.4806266553675984,1.718741101426356,1.3178390949899903,1.716093172261926,-1.0468551496749152,6.119537058306794,2.35036458279564,2.902144789509714,2.902144789509714,2.5909740653222832,2.26573695659502,1.7526841529299393,1.8884958516680792,2.403003422304814,-0.45706395741285116,2.3017355917333684,1.2150286919393893,2.3396867183281858,2.6976586593489547,1.2923939194282954,2.0545694038151026,1.7526841529299393,2.380146669933678,0.8949477786407468,-0.15890527050222267,-1.477009748550426,-1.7594221094448046,0.2852709375340321,1.6764141992738366,1.9553594912562804,0.6831668627672942,2.35036458279564,0.8303879633730723,3.0792245592470384,2.606097001514761,0.6831668627672942,1.3237756403539174,0.03388763247144988
325,SAM6792d6e98068,-4.8973189265965384,-5.915471437432208,-0.6580743606159005,-3.6101339068567575,-1.7892166528167404,-4.587824708644237,-0.7831941922131249,-3.6357328843657952,-3.6224281573638013,-3.3878350134472446,1.2531188121344454,1.6047454148008056,-5.658322633050026,-3.4727019253071894,-2.76618888058668,-2.3227811986755844,-4.245401936610101,-2.8006944340333306,-3.7983854782126327,-3.1403892104331455,-4.00637673520625,-2.620155640538799,-1.662965824932411,-2.169499996204863,-1.2800024896380837,2.068810100313392,-7.343961101553916,-3.2687614602441233,-3.6101339068567575,-3.6101339068567575,-3.4724254335133846,-2.88848321043526,-2.9641575692624915,-2.1614267285789803,-3.782692817696782,-1.7001697967046603,-3.4217538336403277,-2.644193660268863,-2.2643761031951275,-4.650777812432194,-1.694072638834885,-3.496482935549019,-2.9641575692624915,-3.44482760003735,-1.1705281037589208,0.849529633569418,-1.8687690320416754,-2.1547635519981543,0.7373881100785351,-1.926248127982408,-2.3027411598902527,-2.5910447792429774,-3.2687614602441233,-0.8464274953834326,-4.282552792073097,-3.262335382053446,-2.5910447792429774,-2.02018432807976,-0.6579962677794873
326,SAM31d9176e11fb,3.1976524187008226,3.873220160661928,1.3290067713880322,1.6901694370302454,-0.2816415637215015,-0.31933336104045557,0.6616114361403094,-1.6849322134513707,-0.09717923339749512,-1.5130624988965096,-0.0008563607241180283,0.7536724932618144,5.876065031241702,0.11305213532398622,2.736726163744019,2.9475392260168745,3.6340970111871216,3.632353662352738,2.943987486352797,-0.2746741825279124,2.1244561349727578,1.3402169060122944,2.0892514064183985,2.0504426950713315,1.4677347811731403,1.694420060705948,3.6944840330003528,2.2034966118734713,1.6901694370302454,1.6901694370302454,1.193657650325716,1.2348795020408752,2.40190513958827,1.4267142086468134,2.7476425159980917,0.9364084676554383,0.5461535561125532,-0.5004236587999462,1.7183058663024886,1.0588700153346655,1.6017870657904698,1.3847507233142693,2.40190513958827,1.1393363800443217,0.3390372721769797,-2.128161094000036,1.5630094714691778,1.77464127574558,-0.7470865361659649,0.428320060055167,1.3238355599127978,0.3811211173049755,2.2034966118734713,0.3279229423155044,2.5006743304379992,1.086108585541176,0.3811211173049755,1.3321981361440367,3.2186616688807095
327,SAM04c589eb3fb3,1.8402245784188975,-3.3135648841741565,1.4017417698411376,0.706773043550356,-1.2723123840997859,-0.4516529572409174,2.311203966315717,-1.885073555199772,0.21944313686301567,-0.6687144932150659,-1.6152327339056434,2.2866400237472853,-0.08325837264406288,-0.8195489195580227,0.5778234459626608,0.5225737197548147,0.3339725930028114,-0.3053023027705339,1.8862209259278813,0.608199794323609,1.26573449929734,0.43967532810572785,0.8127178933471833,1.1787204534320626,0.4873041910633773,0.9639500690862949,1.6293869001576584,1.0822879068600448,0.706773043550356,0.706773043550356,0.23439819674125464,0.36352391298038667,1.1127016827654468,0.9746466764228702,1.650804676570382,-1.101294135144655,0.4080057166359502,-0.1119833587070229,1.5914463090651687,0.15620183260620837,0.9087558457011085,0.863187260673516,1.1127016827654468,0.8730615009668923,0.09420238949523942,-0.6550422386725195,0.6242646043671128,0.13844657516597575,0.906054691196479,0.05326497346600826,0.5558592122724393,-0.13116671362218846,1.0822879068600448,0.2879648376379792,1.2180365814281264,0.5225314848721054,-0.13116671362218846,0.6229029681283808,1.2780211316042722
328,SAM5cc2d9036053,-1.6639018118723972,-9.410798784624303,0.07475230612858805,-1.5697203409561498,-1.3864488520674718,4.752854749890041,1.110185690756299,2.6496973838914517,2.188679538405217,2.4665445290835066,0.7353711081012645,0.8232437659120263,-7.206994150300192,-3.833975637797832,-3.326481492012629,-3.404182552563324,-2.6170369532793054,-2.5050988848571003,-1.941324014808317,3.1707340392527112,-0.9691696501086988,-1.1977328133630905,-1.7476117326402933,-1.7777385488575579,-0.07409688729591572,0.22139891502621123,-3.2978195859047523,-0.8144447898336049,-1.5697203409561498,-1.5697203409561498,-1.317686446490894,-1.48410856717277,-0.7698875036248617,-0.43756555232143546,-1.9814423787527002,-2.171648957629622,0.2218031042053828,2.139382769694866,-0.4499572137876217,-0.8242541914041122,-1.8222349097806223,-0.2620378299521146,-0.7698875036248617,-1.098052055142289,1.8743373895350228,0.7164968538646583,0.5514970775683163,-0.04410768904908212,1.5532061342220538,-0.9395573332232939,-0.5404096523830788,1.0879808148294832,-0.8144447898336049,0.6834066363723997,-1.2906833631875296,0.7164612696241272,1.0879808148294832,-1.6341968109700695,-5.112058054061029
329,SAMb8101c538753,2.362417700522952,6.671290351381443,3.0176111254279316,2.6392029269916524,3.621565519425565,-0.5946607904505112,2.7519845521033335,-0.4223737553924709,-0.1167676050374776,-1.4443922053681322,-1.143514282874777,-0.6255648013342676,8.45274479386911,5.366259874621673,4.584161317625576,5.002968551696094,6.1395678797312945,2.8133517936510017,3.2132417904134853,-0.3073942267204717,1.6505249636005528,2.114741534859093,2.1113700211797064,1.8069980545525888,1.861625479598108,-1.8946193064959753,2.8838109259855735,1.5996598219460274,2.6392029269916524,2.6392029269916524,3.2714721345815616,2.392711230927404,1.759152300876541,1.4502482891098083,2.9505878063100024,1.281586306491445,0.4900911538694015,-0.5175262707619227,2.886676569783892,2.3647926183071184,1.6054474146414766,1.2854058760804097,1.759152300876541,1.0926021564636432,-1.5876459253688442,-0.8410976346110235,2.512179037967992,2.0763968018301378,-0.6257660636456608,0.3918860131648013,1.1499896235543445,0.8991227958717358,1.5996598219460274,1.7112768961542721,2.206396655080142,0.5688072177312841,0.8991227958717358,1.5398209689798263,3.520636017133957
330,SAM80c6183220e6,2.5255550638082425,-0.2972957265025894,2.5425255926780794,2.6991100552727847,-0.0948387848297299,0.7161292645910442,0.16125829236043565,1.348256630338982,0.7305437970173119,0.7262060874166988,-1.0191801627497208,0.7938774560074239,0.5969382453371607,-0.547474630767473,-0.44787230636923553,0.43332667696461863,-0.9926068381315858,-0.3043847483730968,3.217210397557374,0.1138542185378984,1.6343394640799873,2.2688297302732603,2.202418889180192,2.108127086124057,1.8227850400414132,0.1509944438575229,4.728938584489761,1.5204401725863348,2.6991100552727847,2.6991100552727847,2.6330125023969138,2.061806006003407,1.5238918852086774,1.9369838078453312,3.078998793630804,0.8007619862240813,0.8011103074955107,-0.33548989692605935,2.4972528780372127,2.47216970615655,2.0037188450403267,2.277114412719467,1.5238918852086774,1.8411870135125805,1.159546874812394,-0.47698289247703946,-0.3146063612310282,-0.6008629800408023,0.38445098923442167,1.493768148317977,2.0316642625034476,0.11680307449161864,1.5204401725863348,1.8701104830813164,2.8192246842911266,0.8496117384449882,0.11680307449161864,2.082368416872006,3.1033561790194755
331,SAM572f19794c96,0.6988009743497487,4.607069129648799,1.9804568907515137,0.7949110459635822,-1.539366922488112,-0.500762341355803,3.3843583768876564,-1.1985185718576883,-0.25976348406055044,-1.400651745792195,-1.067223964960351,0.8087354839471785,7.477403031797762,4.650718964871411,3.6864199391441086,5.227372163210513,5.777582111823499,1.691343876246224,1.3763195742283612,-0.7904396718082205,0.42687943896565766,0.7128570156379391,0.33802529510321333,0.6156887446620765,1.5056677056175214,1.2869541862835774,1.438710957134657,0.38581560695458067,0.7949110459635822,0.7949110459635822,1.3657001536164122,0.8568599807345153,0.8045125075754663,0.44563347522059243,1.15725895402956,0.5387358653998061,-0.290752136663294,-0.6417988389414938,1.9515663795272222,0.3570082204594481,0.1450327049958516,0.2527007157208657,0.8045125075754663,0.23932656283012255,-0.12127731411828463,-0.26342698108855767,1.5733105593568082,2.1345616390182807,0.9180504495793232,-0.15165993598374164,0.09144060077868181,0.198484312895024,0.38581560695458067,0.9461724062734512,0.5882799338427132,0.14114618342247012,0.198484312895024,0.21937049831511854,2.1667592460365817
332,SAM1abf01dd4544,0.8532384220648356,0.8142001968935679,0.7568651381182654,0.5670136391359208,0.9774733362871282,-0.21561856183160089,1.037610124718031,0.5365989190525545,-0.17961329219918185,1.2940425007227971,-1.3096198520603144,-0.3815983728589687,0.7004197583431909,0.8851356883570638,0.36252972089850877,0.40895000575546453,0.05273820725534319,-0.7482768362058675,0.2540687499883307,0.9015097016329998,1.0718090741168056,0.6032832774963633,0.18546787415932833,-0.1370952925846587,0.1421652312353928,-0.818343684829865,2.343369238331694,0.9162011164444186,0.5670136391359208,0.5670136391359208,0.9098315620272629,0.568422277507104,0.5595577240462642,-0.24413868132211144,0.5217601035225354,-0.7598619201376043,0.5698106951701236,0.09673270679632087,0.7481026000640167,0.43258826220375807,-0.08241530128425517,-0.03306642620035211,0.5595577240462642,0.6752042703805793,-1.0424815211219631,0.5637813073907655,-0.6350242068812847,-0.7801254361573542,-1.342280376104578,1.1025694531861971,0.425655339473235,-0.2935125649034766,0.9162011164444186,-0.10104555305565988,0.8307948880216116,0.6058715445085222,-0.2935125649034766,-0.005217336950009491,-0.6474409516446691
333,SAM1f83ebd6be9b,-2.2190329505937547,2.3484381719291663,1.189604185920162,-2.9290581516202203,1.5753778652943855,-3.1987920761010047,-0.5578812176935555,-2.227501538026387,-3.175235687992863,-1.9001513819342526,-0.08252862918246781,1.90532449004468,1.971850697695072,2.090088996599274,-0.017572353534632223,1.3143310378735635,2.331382890027555,1.1871762387746514,-1.5113361781091168,-0.4529713520757216,-1.2765961185577972,-2.468358838083281,-2.4913572684463405,-1.9730791849359037,-1.2200358386056762,1.435218695802091,-4.384286186990279,-1.2182420027851055,-2.9290581516202203,-2.9290581516202203,-1.1098001007869602,-1.6116588879062173,-1.3517250279601833,-3.252730480168117,-1.4034320003745473,0.7866098484220934,-1.3599641688472432,-1.0136986715648624,0.2861036057100993,-2.932541289854126,-1.754679500207523,-2.0442330708956895,-1.3517250279601833,-1.734122080549904,-0.8503139923155627,-0.8949907708047422,0.28028652847985897,0.549859138898481,-0.3728936460755797,-0.5554429920911118,-2.278590279656469,-1.6846529162946866,-1.2182420027851055,-1.9348243332506219,-3.116687261782178,-1.3735050656931456,-1.6846529162946866,-2.2943075067906715,-1.058364826033395
334,SAM1f66db567eb5,2.0054139656021226,4.6057039562988376,2.70697677456224,2.407155795048567,-0.6040300130701389,3.058501083569816,1.9470463603773556,1.898958311163588,2.325623354228457,1.123604705596796,-1.1215905983595467,-1.4206953087134297,4.447688595263266,3.0827437576440544,2.5536758272135343,3.458765745285215,4.049398700486252,2.4462304471717573,2.655127418102636,2.1819287560834844,1.5587924293686888,1.8074159995195458,1.6135061418497028,1.4215870368774557,1.9784813213831036,-2.450533926638542,4.256891872998395,1.3792079948240967,2.407155795048567,2.407155795048567,2.827420971124061,2.1203941551132672,1.5959699709517365,1.544952769654645,2.54174472607484,0.2029282797833081,0.886960471838142,1.3103771931920418,2.713240944794539,2.5778857997543594,1.1501126917975077,2.1491650124644885,1.5959699709517365,1.36898995612093,1.133369116786564,-1.7098296944339597,1.569610986741406,1.2334152686151003,0.696458165525331,0.789240289918787,1.444459302583872,0.3591408653743564,1.3792079948240967,1.388433122049252,2.2711243086998643,0.7361778684131238,0.3591408653743564,1.538697297014808,0.4731986620191515
335,SAM4918c524b83a,-1.8479099165303752,-3.0303381785990178,1.4403183144235785,-2.0491025562930156,0.18003995294677605,0.8166759780577381,0.09788672644008023,-2.330256267377748,-0.12304920175370039,-1.4570025237662858,-0.5277485765847642,0.578726115302552,-1.5779861988242814,-1.2682504872995564,-2.427896278776202,-0.8132489809830157,-1.2836300479038987,-1.7280360026557087,-1.354797449072836,0.586870827811157,-1.7656482985512811,-1.7786097748589633,-0.9864124290996319,-0.6440768860961854,-1.3634825812552582,1.3408763971650186,-3.6665904469358357,-1.2886590036055312,-2.0491025562930156,-2.0491025562930156,-1.0903632281483355,-1.7843408568460113,-1.4145170719859719,-1.5208820973136077,-0.9046957880781192,-1.0243040053635724,-1.8904423851923837,0.5140356497232912,-0.0330054439570392,-2.1280752712543807,-0.07047602898504182,-1.356639543622273,-1.4145170719859719,-2.2392082300057172,-1.689991715498032,-0.3838735456788038,-1.5306763886684598,-0.7234226648343677,-1.4389336958317023,-1.1686427975050513,-1.1464378462217462,-1.560876578090798,-1.2886590036055312,-0.8382632672048373,-2.262079237261078,-1.4194848416796444,-1.560876578090798,0.04103116958809779,-1.941668276883993
336,SAMa0ca029b7afd,0.1728951566273534,-4.981093133012992,0.6553702478739628,-0.16357507121216075,-1.0245409207351457,-0.48465119677366925,-1.3364079142173615,-1.3411332420655742,0.1396020871419252,-0.7034917431952684,-1.9224162190227747,-0.061170908022366376,-4.240341035246027,-1.5298368293268676,-2.3671567642761198,-0.6602980726763956,-2.0433255431299866,-3.2342521701834746,0.2838487136517565,-0.5523228946871116,-0.49211466764301903,-0.5155343952401683,0.41536797326516167,0.3865123067619036,-0.09448469724102249,-0.9858647548993608,-0.20777436149196438,-0.577051291141649,-0.16357507121216075,-0.16357507121216075,-0.3068720383149762,-0.3639372643462206,-0.46738693609962567,0.5577025830617228,0.49962860900558487,-2.679815712258608,-0.5067476726310728,-0.7671051098909796,0.4337787034682001,0.050530762923157384,0.4325554345150964,1.0249122073045969,-0.46738693609962567,-0.16781842784023893,0.25965607281186076,0.7275188037085167,-1.9843370981213693,-2.3173767498341133,-0.028184729287986165,-0.9281476646151031,0.24888360585117156,-0.7021532876327647,-0.577051291141649,0.40432422470113794,-0.3779386139791035,0.26334515579451984,-0.7021532876327647,0.157570705896725,0.8361716083388682
337,SAM6157c8f38b72,0.6417705362019365,-4.5293594264345165,0.8554092250166906,1.1108625369522689,0.3076449062670689,3.979499341078376,-1.3501964590333864,2.079950069877588,2.2086565494105317,1.2645399930845003,-1.1022679424947033,0.8438764277487728,-2.707008894053941,-0.08485653915419286,-1.809682997958653,0.39831516950999724,0.6897618956936434,-0.8016493007594125,0.7955444159018928,3.950302522542954,0.19396017056961687,0.9603742973899135,-0.07170628122537989,0.7949184538343648,0.10094033381815609,-0.1595063891395146,1.1354396483010614,0.0025286345860241195,1.1108625369522689,1.1108625369522689,0.7691724500934009,0.6756522982838266,0.24415310875644441,0.669415144509117,0.6560457171345403,-0.4176432754780773,0.7551322352985576,2.6358731408120284,1.0860853774829076,1.4757897916611824,0.4489757511158806,2.1707197292031464,0.24415310875644441,1.021746471014396,1.320259163635142,0.5674640973992762,0.0023742388024616105,0.10807734454196995,0.7329444582622636,1.0126981175604088,0.906264105088484,1.007601650095984,0.0025286345860241195,-0.1357046849261497,1.0905586143994865,0.6109931597996963,1.007601650095984,0.48176476207836577,-3.154758106641061
338,SAMe7e4f7c076a7,4.165987028719392,-0.994979576961597,3.494014560366326,3.820471074153587,0.9825051728084437,2.126148075284484,1.790165486238802,1.00883426810998,2.9076595668098055,1.580159440543971,1.0821589943361196,0.6144229230443484,4.077204340826284,1.732968272356503,-0.8368975157239875,2.354493376525074,3.216997595609091,1.4066251418219629,4.624472554355449,0.10873610454603812,2.486672503809862,3.432321829949941,3.081762326650652,3.432269813914209,2.435469664264581,1.3958396717011792,5.298795334869136,2.373243223171918,3.820471074153587,3.820471074153587,4.000026438029305,2.8779281561055097,2.701048281080225,2.493610066154691,4.290588338987711,0.0031220903571379673,1.3633251246808642,-0.5374026650962901,3.951187990357691,2.93374043290172,2.806223553768281,2.8132777844459373,2.701048281080225,2.0874135944926753,0.7498406880338847,-0.3690374321048727,1.3698460016579344,1.4788842867721488,2.4367956784125924,1.5546808023583876,1.9725567005044513,2.083271408329424,2.373243223171918,1.8525262683794392,3.8260598751723327,1.9705566003596644,2.083271408329424,3.2402003918023907,4.515736449809411
339,SAMbe25e2c88f3e,4.91193799602569,2.209757263401434,3.389690858793934,4.234718110615737,2.69495368279261,-4.277003068247485,-0.9427938974580947,0.7500571410013486,-1.7183629863891614,-1.2340959488628338,0.15516480101387528,-3.0405500356565542,2.7399252733845234,-0.20440026197403813,0.7961156863077035,-0.520742832943328,-0.8374371653159716,0.35048033239567844,5.061854325089138,-4.297695570855393,3.798510803718572,3.5710401580950433,2.7172457092756774,2.7174399762632153,2.633407464112975,-1.3227231042233294,7.315671067951637,2.9057348620768666,4.234718110615737,4.234718110615737,3.6753031106427643,2.809508517481269,3.149826334391123,3.5114605427452825,4.656949723169038,3.108304593737265,2.065517811240019,-3.560127095993654,4.8187479236513875,4.194883434476292,1.6405874634691133,1.5630320365766006,3.149826334391123,3.929540821125999,1.1466476220072659,1.239708662838832,1.8959845042996062,2.0624358368970195,-0.37501295180761707,1.6422577002391547,3.038137266110338,1.5673983193287864,2.9057348620768666,2.76625094357549,4.800154002359145,2.302122303490903,1.5673983193287864,2.07216997088691,9.359549895944532
340,SAM4caabd64e7fd,-0.20211504360356408,-4.963203405948101,-0.2790783462924371,-1.3564569751287345,-0.1257906797637874,-2.143439984701955,-0.26195314776240525,-1.9871767315323356,-1.9496255078587157,-1.945925428388743,1.8551795026766393,1.910317475762684,-2.7722700147036776,-2.2661127696127563,-1.5977917349303903,-1.2153417356748883,-2.004313337676766,-2.707698771911066,-0.21383659372883682,-0.9389448864813935,-0.23111568351159,-1.234904608771956,-0.2797049756135854,-0.16054382224250136,-0.7098626026087608,1.2198028447205882,-1.6486020621203372,-0.16267943508527064,-1.3564569751287345,-1.3564569751287345,-1.3261626480243882,-1.0628048657755023,-0.29081919050717325,-0.8078266263806714,-0.29687272037184903,-0.6974083616234601,-0.5202018140626818,-1.61561407949301,-0.5760122567121816,-1.2367612293457146,0.17269460563891798,-0.7844753138025335,-0.29081919050717325,-0.4074595368110513,-0.5621159234453009,1.9033010746148757,-0.3497227417170832,-0.5780432428357316,-0.8748479541870128,-0.276435425605508,-0.32726498484209876,-1.3961601549215281,-0.16267943508527064,-0.8832488772416651,-0.8079690885533197,-0.4757062314114229,-1.3961601549215281,-0.44744050153068005,0.7251082927525567
341,SAMc6eff056c89a,0.5740882369250815,-7.509896480118414,1.2577787561733231,0.04915946111190177,-0.7267128592481452,-1.1396630994407564,-0.7062278980877776,-0.20255331890691816,-1.5371420464465162,-0.3996844770514186,0.13225137569091402,1.321823812108782,-7.105001816280944,-4.517993359076958,-3.6716586170286547,-4.400893966628379,-5.567159644154045,-4.390724866076968,0.10593899601981423,-0.9952511622098685,0.9045947303159837,-0.013647302917576475,-0.2765635130227798,-0.41740909033930135,0.07754715992001328,0.33204194412620436,2.046274259291504,0.8640277793148091,0.04915946111190177,0.04915946111190177,0.19954318875351243,-0.10452258859814936,0.2765236704789393,0.23548699959042152,0.1678165307955091,-1.1581227099548046,0.10136486419214837,-1.8118136535656517,0.9800523504308479,-0.0910145143641317,-0.3749091897289437,-0.43146756133545094,0.2765236704789393,0.23467982132440052,-0.35218824232859647,1.9219435937967946,-1.911173440884901,-2.1565684342327205,-0.48739574656166607,0.12029589944127606,0.23642347298397515,-0.9841943299857125,0.8640277793148091,0.7839723876810166,0.37249388319092364,0.7596955037083913,-0.9841943299857125,-0.5988846337871345,1.1011901582296828
342,SAM5cfa1699bdb7,-0.2796314065199142,-5.472293304736249,0.9516243451392156,0.09089737683097503,-0.8671948728637209,3.7659807071907943,0.7507155437942196,0.2799182492398278,2.212847129253322,1.0876892972877878,0.6787866403459977,0.5642344079159246,-3.2536634243523412,-0.4113485461707709,-1.5651948014872907,-1.13489969765448,-0.9622981875198768,-1.8322370784325255,0.6684714802681838,1.884303703164893,-0.7430516370113025,-0.08711581510370228,0.354902617003801,0.46202933198073043,0.24321298481060938,1.4178540709709544,0.1965281314839017,-0.6189742920483398,0.09089737683097503,0.09089737683097503,0.43254163811300833,0.03454154256351044,-1.1293686896489519,0.20973698191212878,0.29184033773625123,-1.7085993264719401,-0.5012105561615902,1.3384867030960685,-0.05284944516841109,-0.5228172387333926,1.3431542735631095,0.9175393600183276,-1.1293686896489519,-1.5870309319449412,2.0183867659423216,0.2121768568885995,-1.217346400135877,-1.2400316434880412,0.7688151593624822,-0.48703656112967664,-0.33636788730791817,-0.841379974043006,-0.6189742920483398,0.0014913253863678571,-0.8565554502594471,-0.09190584192513794,-0.841379974043006,1.5606362637441056,-1.2158322228967093
343,SAMda4d892fddc8,0.55818060886394,-8.697677796188191,0.07462300467437953,0.6220834562688495,-0.7267204911886797,2.3611213472171677,-0.15969068863963337,-1.2184995444314495,1.0232211086318177,-0.10942077581753935,-0.1374029717922525,-0.6006199130929589,-6.428097905483149,-4.468290548699504,-3.7788514883274176,-2.994058370214452,-4.126954019476392,-3.8236402796409212,0.5257058357103394,1.2661199291270404,0.5179805983966411,0.47943776959810985,0.6072064876998137,-0.01135899703005515,0.6902505493003848,-0.23885194040725938,1.9497922663945457,0.542184309110194,0.6220834562688495,0.6220834562688495,0.10024644262119936,0.2880092923306303,0.4269633307947667,0.8873602319407495,0.18805056959067667,-1.9130705828910495,-0.23839182780533014,0.5214739232563914,0.05955047853333841,0.07066650138151731,-0.08788580417442583,0.4657959821843531,0.4269633307947667,0.11985145134977326,0.09738182138050275,-0.3200725117726198,-2.7200453502393795,-2.471271101937352,0.5820667480656186,-0.01566839513783054,0.5479170280242416,0.08242861257635724,0.542184309110194,-0.4365843291560979,0.7398343704617341,0.3897463600442345,0.08242861257635724,-0.024253195511966474,-0.7404140934167011
344,SAM3a1c9632ff7b,-1.8955345010538023,-1.1621090531282572,-0.6469528129488444,-3.2296622260045473,0.3952545943462667,0.2931462380294809,-0.21448264634910286,-2.0396037872538493,-0.645901871552916,-1.7573826520700713,0.9409455655368081,1.2638384588672502,0.8081897529025609,-0.6486794846739666,-0.055799916283845646,0.809985605040439,-0.3974751109788704,-0.565612000896002,-1.4223100666525281,-0.3139640933726159,-1.876538683440948,-2.9775639934577267,-1.6429997325153627,-0.8747372638154205,-1.5730369839459282,0.5088701832486766,-4.093809219445676,-1.5113576853513278,-3.2296622260045473,-3.2296622260045473,-3.0116291668927273,-2.7273198227508697,-0.8402298877215538,-1.6599867778959014,-1.3592709049594556,-1.7812221747757884,-1.3527748208994235,-0.5202177732697372,-1.226193951388092,-2.5034462295205535,-0.921797171438965,-0.9570660245386666,-0.8402298877215538,-2.611870933896936,0.06259496084011935,-1.0258017016941494,-1.2929539773400642,-1.2391822191220696,0.6150301140415794,-2.0933056198135183,-2.1559257230368254,-0.962369296238875,-1.5113576853513278,-1.0541861246583126,-2.6803215638704785,-0.6928132008838627,-0.962369296238875,-0.9574825505155797,-1.1083459732799121
345,SAM8b4b8b0f9e73,2.0546684797183525,-9.36931744798224,1.0400473429342676,1.5494878378007793,-1.3759035080521234,2.754557718576557,-2.3171637310203863,1.3292902589452475,1.4773202851164207,1.447808482005673,-0.3453549691426145,0.5940125320109026,-10.092069848452232,-4.334873774264217,-5.557733739377028,-3.9636593689884814,-4.720790939933592,-3.9253654027413467,1.662962008677793,2.730679451244819,1.4245241654840384,1.1260092256943055,0.6931969229507922,1.0204377111529832,0.7917113922913689,-0.35109873198271835,4.021551217198739,1.0825835098997678,1.5494878378007793,1.5494878378007793,1.32102100351441,1.2752096511968525,0.9325100968507435,0.9193247035860218,1.2656710089813754,-2.6085749307860007,1.376844646793897,0.830786597494811,1.499046003488475,1.6062350946833142,0.8014716893818016,1.8484191775351437,0.9325100968507435,1.6406570358912511,0.8919493715973649,0.7220795175867231,-2.591713535210674,-3.144243520769147,0.3084435880973212,1.0874547686471272,1.2287176957842785,0.2852669522124003,1.0825835098997678,-0.00010991704993268944,1.6661079214554937,1.8949849646380998,0.2852669522124003,0.7266792442952339,-1.0677174425670262
346,SAMe3d4266775a9,-1.0948740590830057,1.7984102392495764,0.08802820700136922,-0.3491783874166399,-1.8373368079452617,-0.410395114901217,0.7164144796495973,-0.25027927714105414,0.33545822525207675,0.20588282181805104,0.06303388938319704,1.5273903867909233,0.20430766528865327,0.17817566613173058,1.1592268908375005,-0.3055157835543816,0.5848351781725615,-0.5556398589404655,-0.7583196512867955,-1.6136294338207962,-0.8412835971169842,-0.2815583476489753,-0.7426984015947153,-0.7399583983842667,-0.36919063378672407,1.1766230941425386,-2.8114268901484176,-0.616560230672815,-0.3491783874166399,-0.3491783874166399,-1.1758058763865722,-0.3443680762059523,-0.6963054314157674,-0.42267026774693334,-0.7205387743800666,-1.1544117920422499,-0.4239613506026073,-1.0511778844362163,-0.5707634942570379,-1.6684448151813032,-0.5304476620492815,-1.0648725786850342,-0.6963054314157674,-1.114538517790109,-0.5419289121686932,0.1546301277858721,-0.3129861006244725,-0.2898732056674399,-0.7191045820462811,0.1296911230155123,-0.196267185213709,-0.5164656927392081,-0.616560230672815,-0.2031096743646852,-0.5739736673833492,-0.24928865965954808,-0.5164656927392081,-0.6405596335600815,0.8553097825340007
347,SAM2de7cffb5f72,0.6834644051954848,3.2234034375487566,1.7453115923240836,1.1116164695249318,2.6787383797680118,-1.4451649007895677,2.9619343406786496,-1.8227741771036547,-0.8693239685260717,-1.4438266740277734,0.19963417521672613,0.7150477595056237,4.215818667693804,2.4728338381498673,0.8756321330046882,2.630198765601716,3.359554304510382,2.2616378515792945,1.3838398749910772,-1.47556194128634,0.8497691934956784,1.0938476283581873,0.83923053295886,-0.18190176189088342,0.42171149353224147,-0.15965059216422123,2.5955043259324846,0.7848433473037815,1.1116164695249318,1.1116164695249318,1.3625716705970594,0.990487298847687,0.9836166566497524,0.054370994933745954,1.203506559898785,0.8960332337718567,0.07056288406868909,-0.8165248878136946,1.4180333683926296,-0.2821242745703847,-0.2246204424299814,-0.19946461094775608,0.9836166566497524,0.6218334523940839,-1.3582459433757454,-1.1364547078399447,1.113866351190274,1.3137805335920199,-1.2542428579195781,1.209715896977684,0.7876908702066258,0.37896061937654385,0.7848433473037815,-0.1558203760557058,1.3307579559076406,-0.0023020858418900266,0.37896061937654385,-0.3029235842172752,2.8594018162774173
