,ID,CD_8_T_effector,DDR,APM,Immune_Checkpoint,CellCycle_Reg,Pan_F_TBRs,Histones,EMT1,EMT2,EMT3,WNT_target,FGFR3_related,Cell_cycle,Mismatch_Repair,Homologous_recombination,Nucleotide_excision_repair,DNA_replication,Base_excision_repair,TMEscoreA_CIR,TMEscoreB_CIR,CD8_Rooney_et_al,Co_inhibition_T_cell_Rooney_et_al,T_cell_inflamed_GEP_Ayers_et_al,IFNG_signature_Ayers_et_al,MDSC_Wang_et_al,PPAGs,HLA_signature_gene,Cytotoxic_cells_Danaher_et_al,TIP_Priming_and_activation_1,TIP_Priming_and_activation_2,TIP_Recognition_of_cancer_cells_by_T_cells_1,TIP_Recognition_of_cancer_cells_by_T_cells_2,TIP_Killing_of_cancer_cells_1,TIP_Killing_of_cancer_cells_2,TMEscoreA_plus,Th2_cells_Bindea_et_al,CD8_T_cells_Bindea_et_al,Normal_mucosa_Bindea_et_al,Antigen_Processing_and_Presentation_Li_et_al,Antimicrobials_Li_et_al,Chemokines_Li_et_al,Cytokines_Li_et_al,Natural_Killer_Cell_Cytotoxicity_Li_et_al,TCR_signaling_Pathway_Li_et_al,TGFb_Family_Member_Li_et_al,ADP_Ribosylation,Purine_Metabolism,Pyrimidine_Metabolism,CD4_c0_Tcm,CD4_c1_Treg,CD4_c3_Tfh,CD4_c4_Tstr,CD4_c5_CTL,CD4_c7_Tn_TCEA3,CD8_c1_Tex,CD8_c2_Teff,CD8_c4_Tstr,Mph_04_TREM2,TMEscore_CIR
0,SAMf2ce197162ce,0.09515901096019996,4.842348824577218,7.95920760983952,0.814891066790875,6.076190464621694,6.5886831756933235,6.154832938234692,5.635648718581388,5.282650375972098,5.419563298836391,5.467247386973796,4.713524020372191,4.963641208266718,5.221453655426318,4.457561098522966,4.800732665989847,4.998461184043397,4.101846911456668,2.371411938049147,4.583706538977428,1.6188860245831436,1.1349714904823671,0.7641735832081465,-1.0836540058192756,2.172605977530487,7.7219439058678,0.03164178344652526,1.3533590440420393,0.814891066790875,0.814891066790875,4.294679453269876,0.8519101570410812,-1.276222038924047,3.074245945295444,1.9388176405901791,3.8186846116997497,3.959309587143097,7.928793908300541,3.9163704578176572,4.513273399198625,3.079879398520589,3.692881308417715,-1.276222038924047,0.7000755614724264,4.995622452529074,4.982583952390679,4.218357088330964,4.572615227739529,7.3621656552703785,1.7298974177162874,-0.6297565686465114,0.8242136515121116,1.3533590440420393,5.8184856503634625,-0.13759342757611143,2.504015120902834,0.8242136515121116,4.011564351826337,-2.2122946009282813
1,SAM698d8d76b934,1.3518487345692576,5.149830738241733,8.927718744211246,1.3252707814154034,5.566909353630111,5.459790935296976,6.769309596388772,5.194775426519666,3.8499711302939885,3.8530220769575316,5.127553923952013,0.14610912018514965,5.134106023168439,5.566587199668605,4.911901493794319,5.087129489370063,5.4440971589735625,4.690850851487123,4.020954476172831,2.8138562746284355,1.6570287330230642,1.5842823564431603,2.823966533694757,2.2859214724503505,1.7544216933385055,4.824086917667846,0.6238531322940235,1.3808999731005047,1.3252707814154034,1.3252707814154034,4.58573113631647,1.0462691143347684,0.8242828403312816,3.516622986442458,3.6899356895687316,4.825427337275451,3.60722636693136,7.061988567352841,5.694390178090275,4.647610392146334,3.4390653453294497,3.798157941446194,0.8242828403312816,1.849246927257192,3.6619029220134656,5.797094639644833,4.771012047041336,5.142241755715864,6.483525492736799,1.3198573186559919,0.30198415575247234,2.9012022337064836,1.3808999731005047,5.944429802180343,0.957763965667652,1.9205725430314053,2.9012022337064836,5.235841635224552,1.2070982015443952
2,SAMc1b27bc16435,2.1231906776155216,4.9665614287286335,8.00143968593494,1.134270822871868,5.633614941257249,5.5053730218505255,6.988201797837508,4.905356879913506,3.2280816937331713,3.2716790592803804,5.889313624412907,6.127852717359676,5.00470122743164,5.242494278132427,4.712597168485928,4.861949582063723,5.016822953975825,4.284210233622634,3.7894275093113894,3.3048654743064776,3.3429304014215786,1.5785468552428852,1.877409841012182,1.423120332667547,1.5391714195262909,7.359396656935556,0.5318558893778759,2.719733115274686,1.134270822871868,1.134270822871868,4.564818842090741,1.073226982800143,1.332193048334993,2.861122352009461,3.651745011914792,4.0955147321996215,4.957672344551926,6.232752785475856,5.453165650275225,5.278567633342448,3.479154421279379,3.6366748584881297,1.332193048334993,2.3968849325905763,3.4357962695855426,5.009569492239471,4.4316919086322715,4.835611983751178,6.20540555147815,2.572220819970088,0.22432767914515042,2.15933035794318,2.719733115274686,5.531509776454256,1.217809004111267,3.319064123346202,2.15933035794318,4.196959726038337,0.4845620350049118
3,SAM85e41e7f33f9,2.9877970127789872,4.862934747036854,9.199025653249167,2.177698732884382,5.760002821889943,6.344835471298084,6.918678169663349,5.2938166637046935,5.291402842855423,4.7247710418288476,4.905196571385335,4.9710451105533755,5.270923519640212,5.3524471152976,4.582074424655808,4.977866227224839,5.3133666197428795,4.356484405955471,4.655741405325605,4.002201705208362,4.01124637686596,2.6268608640500077,4.183649303685242,2.6989642944501075,3.0886867186448845,6.511599792346747,0.839621901375346,4.005484236384649,2.177698732884382,2.177698732884382,5.054897914631252,1.8693140155934862,2.4775564541993513,4.277823818471953,4.408789665890759,4.885319703569306,4.8228725178043526,8.29196599660794,6.165942824190149,5.525223504239026,3.7163271314995927,4.344872038661059,2.4775564541993513,2.5788579514591086,5.32349249821165,5.127313123709765,4.578731586581484,4.847046647532136,7.834056506567489,2.577784710045566,1.2314841527007603,3.5525859317321253,4.005484236384649,6.209183242759667,2.2037809822123515,3.852938848804348,3.5525859317321253,6.161193196865764,0.6535397001172427
4,SAMf275eb859a39,1.4927341090491622,4.7938893132495854,9.080574598587516,0.9511508270367441,5.583201309994623,4.810659014576191,4.887634356183104,4.084314571720262,2.677115991577157,2.876143276912203,5.298490891061295,6.720880669720006,4.576861312722628,4.777573074077025,4.224846270876314,4.625079101758058,4.297064400422502,4.2455362075766905,3.1636650277285847,2.780996733581399,2.495500135938708,1.2970249614753775,2.0542598605542928,1.0918520065034791,2.0931162105232155,7.140922893236816,0.6360846894223096,2.296726802677789,0.9511508270367441,0.9511508270367441,5.290434216870472,1.219352615767681,0.5046608835392946,2.8307120081702495,3.098207181073764,3.7905251393730275,4.128323799465944,5.367839973354866,5.486579547978177,5.186546819554077,2.9889059746878393,3.1195760948399984,0.5046608835392946,1.5163191157497011,3.2809123287675988,5.806943391880504,3.88105317736715,4.218205457729902,7.111156727805581,2.1017553073151345,-0.5984977747158885,2.276131849963949,2.296726802677789,5.901044812039774,0.5528711009575775,2.590805940626621,2.276131849963949,4.41349147578632,0.3826682941471855
5,SAM7f0d9cc7f001,1.2169480697495996,4.629341549479273,7.82597872069143,2.040469364151459,5.565561109706388,6.283133178283576,4.726760626028562,6.226386579656866,4.644565544727608,5.9977301382498895,4.896624425480182,2.7053069775770795,4.603026501222828,4.868240951652896,4.181954461260325,4.544048883317674,4.613447868020004,4.058695286143587,2.81850665415243,4.967913832563375,3.0486552227278025,2.330407545527618,1.2751868287262182,-0.8131986301515965,2.618653119610742,6.345352145883594,0.7341740967164606,2.546582025616395,2.040469364151459,2.040469364151459,4.7394174682399814,2.1753434084671976,-0.05801170478928386,3.3381892804630318,2.343353443758456,3.6071705119824378,5.232278030789713,8.410559452171292,4.468189038341039,4.603576673265822,2.081132897742298,3.0754833668961457,-0.05801170478928386,1.860170484941758,4.40427248783782,5.183684108262385,4.1576790608887295,4.43693011168488,7.410743113782549,3.296821671882364,1.1535603901803964,1.6814148592368083,2.546582025616395,5.917923531868381,1.2230984027371323,4.134677349831518,1.6814148592368083,3.5520985242887106,-2.1494071784109448
6,SAM4305ab968b90,-3.520986235234141,5.104482901742457,7.535699781315433,-2.3447450271158217,5.746862253553111,4.2425332694399644,7.010294006476141,3.42701175496756,1.9602198045102135,1.5051064010946087,5.3719276239222955,6.230163612049684,5.0475496454014905,5.5611066657440515,4.817515304341483,5.090432702090856,5.284443862933837,4.734392513462923,-0.2326722727741246,2.6670017583436847,-2.1965790500530114,-1.9549393052569708,-3.350087986590559,-4.8141937941834785,-0.3664718332447376,7.012492504879954,-2.8745450756536863,-2.890584112172649,-2.3447450271158217,-2.3447450271158217,2.6812939199962424,-3.1979026249703897,-3.4189049457463674,1.358920189274722,-0.8437613624090397,4.5410151356179735,1.593536136713792,5.044003937471719,3.755187120495601,3.0579694018612646,-2.4760541075458242,0.8021528662444548,-3.4189049457463674,-0.9946499119541988,2.7519439805913684,5.792625915542986,4.679140008351953,5.045532927803537,6.481222811107583,-0.18470783501296784,-2.455255261833202,1.9487150869187289,-2.890584112172649,5.871584875894585,-2.724618263735867,-0.9955605925915382,1.9487150869187289,-1.7801393967704753,-2.8996740311178093
7,SAMcf018fee2acd,0.9722020338328337,4.708789064501548,7.843207820917033,1.0349045292811048,5.462499803020452,4.954042188049364,4.785461371043741,4.972000981184972,3.258251043771298,4.548215770798342,5.267713639345843,5.497355150391418,4.549217559165427,4.835512682743483,4.214907238781834,4.646168526125469,4.356038702485388,4.109628368164665,2.884526480093441,3.6211925105817,2.351464309944067,1.4930915340159716,1.6883145977554233,-0.3152822760810601,1.915388701665839,6.662536968188976,0.6750399141304108,2.0089944809079454,1.0349045292811048,1.0349045292811048,4.571890105634488,0.8847479942425522,-0.0516380667948512,3.1367084956892746,2.2967106897437923,3.72601737628401,4.476428310912862,5.573082050910872,4.427728055536553,4.505353611754109,1.8475989038702014,2.935767655208783,-0.0516380667948512,1.2136097095960838,4.144826733419194,5.372852666365399,4.144246544855794,4.402322122157393,7.188110944955642,2.062971508706018,-0.18776084545718708,1.7264819558389763,2.0089944809079454,5.555570722947434,0.5207481485514273,3.351350749642052,1.7264819558389763,3.707666204250819,-0.7366660304882591
8,SAMb2f1d0e54ece,2.326007038670243,4.570182794187695,9.323571585432939,2.434158413091306,5.2792424902503825,7.2241792619291445,6.236821550347878,5.884102269335713,5.391912343258331,5.888249944908523,4.544926986387177,0.46967269560699204,4.702572028777047,4.921825647194842,4.27265600982789,4.627403101808302,4.724812494853942,4.248684593836088,4.414454933524233,6.0657238983619886,3.3474313612834607,2.536066567014335,2.576859464483695,2.180622457930905,3.646799170780373,6.50494092392519,1.1513567200597585,3.014367146857273,2.434158413091306,2.434158413091306,5.583810880534033,2.8418989438192486,1.6032366734287045,3.7637017807662887,3.9441988330555597,3.794578433393305,4.8273982660152885,9.324449642070837,6.148452696860053,5.452430054230631,3.974229719244548,4.686159810440255,1.6032366734287045,2.7631488402897237,5.5150272596592345,4.877123636874466,4.59229048022032,4.802782686786362,7.80283647635341,2.4993598802373707,0.8702269907139053,3.4257830434970127,3.014367146857273,5.975247318588183,1.7923876196603807,3.6104602649972013,3.4257830434970127,5.739680558718811,-1.6512689648377554
9,SAMcc4675f394a1,0.36752006266060344,4.649069219116046,7.710189973127928,-0.011692243031323895,4.983352462229182,5.622922834799058,3.660231576366929,5.161085129315431,3.864516776904663,4.735709484926333,5.004337397667106,5.373447630906714,4.375935322985719,4.794239206857502,4.177574361772499,4.584374767860703,4.273974427959556,4.069715113895167,2.3558606977173575,3.0176147745107866,1.950492171615619,0.17224838852781849,0.28383486628636706,-1.3533917737163736,1.4832149814650293,7.131972680390333,-0.6096198762203742,1.6766752700238843,-0.011692243031323895,-0.011692243031323895,3.788853331115827,-0.1636086294556061,-0.6503552424594273,2.7274247383542987,1.6717337530169167,3.4567247628711257,3.982608772823687,5.776767161649251,4.191584395580807,4.044380022190258,1.3847145998838817,2.9432130808890515,-0.6503552424594273,0.3913353371615895,4.978582354470476,5.122483025601299,4.173206024759998,4.434887415580574,7.092491395944705,0.3832493984490614,-1.3151694596590149,2.069274846711051,1.6766752700238843,5.4382793547757124,-0.4606503626757106,3.2008955703205526,2.069274846711051,3.0746419349493164,-0.6617540767934291
10,SAM49f9b2e57aa5,-0.5326050279578878,5.068121963628062,7.003184293566851,0.3760154579473664,6.302561151643376,5.2370330520760175,7.419890257534425,4.5680359943413675,3.335123403390777,3.6568023994527383,5.779777795488699,4.599587939208975,5.081291450723474,5.412809670334514,4.902014088133759,4.913057648310436,5.264410640667001,4.556830200873732,2.0370794863689174,3.5352687745937934,0.5891924089152244,0.7232882501079813,0.943236996069762,-1.4295550416249192,1.2053019652219736,7.274358547987774,-0.23790312519115522,0.3972418431454916,0.3760154579473664,0.3760154579473664,3.8380577223081067,-0.06535018246647384,-1.6660330098145142,3.0394253265898343,1.3646953424192343,4.650209192203822,3.26143413204606,6.799037647464632,3.187752331373443,4.219899339245544,1.924460337615244,2.5028291877803968,-1.6660330098145142,0.3572816542417867,3.0273134622667883,5.194987896500968,4.8977850778226255,5.20159720120783,6.6196521338267935,1.6312423959613458,-0.10665747731053059,0.5061393561033315,0.3972418431454916,5.5212973435713035,-0.34406193428399323,1.6407512753238462,0.5061393561033315,2.805727739544729,-1.498189288224876
11,SAM2e7aa8fa0ab3,2.1159246211424887,4.788325571201469,7.936748958486409,1.2076556755472416,5.57498704420941,5.960479015672295,6.954360203070243,6.218151696718497,4.0206047568071535,2.981456679745044,4.524924228603391,5.731833597056641,4.728997446907194,4.929926968567116,4.41471217838824,4.810385126315125,4.725920645437472,4.275557150946746,3.761700851101049,3.1740625416135364,2.9178117828194385,1.312958116636451,2.7089884271578435,2.3806149437113517,1.939415491331326,6.903593050185436,0.7156356647449004,2.593807763204685,1.2076556755472416,1.2076556755472416,4.992607037759753,1.2824581316390813,0.893295087717331,3.327011930943635,3.6873721287900136,3.689967985952072,4.304891842082414,7.186921629834536,4.993275763459215,5.658070304468698,4.304224625722182,3.9295708839529926,0.893295087717331,2.23529813919892,3.2344217518705225,4.573092502673689,4.392349746524785,4.655728573744403,6.631455972223637,1.725822450778077,0.2207655213597223,3.6150496213060137,2.593807763204685,5.285973111013235,1.0079604426236375,2.679417358433452,3.6150496213060137,5.795825586880775,0.5876383094875126
12,SAMd0e47be700b0,0.06913897592149598,5.062945513746799,8.324987966905136,0.5102334004998088,5.984570437336421,4.811840771935386,7.6609731192763135,4.460161224643647,2.83251408162554,3.0140506504095748,4.60094501912293,4.951430364432123,5.131865250420663,5.056641299146007,4.670886417086863,4.8395952125576835,4.886182400057691,4.37978367949086,2.2490307676977235,3.319345178728288,1.2529306430751173,0.8502267386350523,0.5632936774249037,-0.8450772264352945,1.5962501666016762,6.133485285117046,-1.1207908974919103,0.7994647752697169,0.5102334004998088,0.5102334004998088,4.481766063829743,0.5743103759225123,-1.0382250854767399,2.5548142784891037,1.9788292036632906,4.937009082048693,3.6260911486369687,6.074191871638246,4.600389609772336,4.208020452869676,1.4504936781216682,2.067915742966047,-1.0382250854767399,1.0869608995407296,2.4314788259773175,5.567227176925407,4.862547007399155,4.962674534942479,5.876615336953418,1.6683336401261535,-0.13006245632530392,2.084283115802951,0.7994647752697169,4.72322158320256,-0.1450877191241722,1.7168807979624783,2.084283115802951,2.6852224011794186,-1.0703144110305645
13,SAMdf3e42c8672a,3.2255362885584056,5.059673301574347,8.529843618919239,2.2140410299752755,5.619468603999314,5.328364593264872,7.146046254115428,3.7657695011583616,4.34455563282797,4.6306152566522,5.35162403427393,4.0998276613882485,5.351611253893084,5.733098339881969,5.0260628523289865,5.09753395533859,5.699158147139646,4.577232007417375,4.703205836959379,2.449750189936924,4.187881325320468,2.6561945732526544,4.140301608692002,3.0792998119478967,3.314336909861641,5.7395831303809475,1.594813007290344,3.9780675613815553,2.2140410299752755,2.2140410299752755,4.6872205467002805,1.9878853935120673,2.6228885738201613,4.139239984685444,4.641921534454917,5.403926464057385,4.858983924017192,6.683964182428348,5.945152310114837,5.1478690909100475,3.9002300221903012,3.9552078580231287,2.6228885738201613,2.9459853412968338,4.265150319956241,5.135202793779248,4.709859329230061,4.9977213772795555,6.866746910100171,2.5325262662183294,1.7372040006973428,3.287184678063408,3.9780675613815553,6.644681714640553,2.29758672362831,3.749787786812648,3.287184678063408,6.463448933514875,2.253455647022455
14,SAMd027124354ce,0.5832142853750651,5.02796916288873,7.965587000693282,0.406085915378457,4.71558189775382,5.354535480859248,6.880843800509728,4.040972057758992,4.724098880405585,5.295547939730658,5.797228333537534,3.3214666746579886,4.961983317419626,5.251500236522604,4.77461275381683,4.872715440546995,4.97699677193899,4.185937437983747,2.674290533636455,2.8735269525093763,1.4381685776888933,0.7939215982102805,1.4984059611680411,-0.11786044423029285,1.7374831841840397,6.367376996329964,-0.8586978234816176,0.970030167783181,0.406085915378457,0.406085915378457,3.8764620561836227,0.33910885428094933,-0.9054495444492575,3.076556194619139,2.486672261437424,4.952694959183328,4.150910338439754,5.969954413264698,4.452361003770259,3.9222674135216837,2.029787387719283,3.829171622862288,-0.9054495444492575,0.8679343883587428,6.0825997261232,5.248357376003023,4.386431664509844,4.721418598650477,7.493018145777737,0.67472558961384,-0.9378797644879402,1.0264236661062227,0.970030167783181,6.207450827912782,-0.3082940837140385,2.981223346122087,1.0264236661062227,4.507523685700895,-0.1992364188729212
15,SAM36d87392593b,1.6646391491212325,4.997785738219444,8.920379088884202,1.6664455097468216,5.263952388487,5.808905646715992,4.322539664431054,5.23122591450807,4.878441111124845,4.886427214463383,5.50272728338208,5.654007166056107,5.267617805947004,5.285941362606728,4.809949943738237,4.8385683073855095,5.35589643862775,4.480385230158387,3.805294708283026,4.285402595700669,2.7480807168283077,2.048777011948716,2.8561012632864142,0.8979080133541002,3.0080717598968776,6.422653924464413,1.3718141899863598,2.466809059666526,1.6664455097468216,1.6664455097468216,5.0636961675241725,1.9316583720997016,0.5258990103516862,3.3348698372030983,3.4857549834867356,4.6571544333838375,4.68345789318701,6.529821991579684,5.265749482389607,5.056797310345368,3.0366294015984763,3.1919079533040877,0.5258990103516862,1.6069978576316313,3.441994507034876,5.143971129559324,4.528882704204233,4.850835865923013,6.893018987025106,2.337018736789168,0.5062365538478123,2.259269726479967,2.466809059666526,6.750704132142548,0.8900211528135938,3.1513137005631457,2.259269726479967,4.56827049756032,-0.48010788741764276
16,SAM4edbe45817b3,3.636442823188025,4.950559187363731,10.095750098009056,2.5906704988676057,5.799040449887587,5.7419032993079435,5.714359490167003,4.339128619234637,4.826756413129849,4.468607779563892,5.2728256410616865,5.124600068554193,5.189819011016022,5.318330084373185,4.669888082871864,4.993373063803879,5.185848318619079,4.4786357117460955,5.482533885683877,3.1370530084166472,4.027026870416394,2.901312814482543,4.692573927217725,4.3141513509685945,3.8786774395892234,7.126720567678636,2.055529534307842,4.029626409753678,2.5906704988676057,2.5906704988676057,6.009855128773454,2.750586970234777,2.62671165964273,4.234429420232084,5.290474227811845,4.795314824553941,4.777602708289145,6.536194025506862,6.795814438276905,6.208977244985858,5.439480424914655,4.935127826101052,2.62671165964273,2.83843491963266,4.99889473993658,5.64881329610647,4.884722670549713,5.1138188484764555,8.174368648070041,2.8989731671887924,1.505031190818823,3.562277191106135,4.029626409753678,6.183831333190829,2.3123666388514135,3.782967564765866,3.562277191106135,7.518284489414467,2.3454808772672293
17,SAM36a9225b0222,3.8578662914524733,4.71458897125913,9.330423390093351,3.579589278444236,5.690684471284428,7.178295442323103,5.6971503176302,4.299754014355298,5.471653799228877,5.517409367374639,4.609723225088633,1.5293975342665425,4.819199738634711,5.018177434236194,4.3714763075047305,4.74336726767273,4.621805343618541,3.9945786179475515,5.597991803235912,6.103857124749385,4.526182795938843,3.921798556041864,5.017850105938934,4.0293232904499625,3.6774439379141737,5.497273020323768,2.0549317157964535,4.058271649486202,3.579589278444236,3.579589278444236,5.956804397345827,3.610415938642725,2.3400909932385594,4.545072952713928,5.2731383034771655,4.293096487910157,6.157143819890985,10.630795858787051,6.533083252707025,5.347572855665713,5.3465418265037306,4.833832941578567,2.3400909932385594,3.2656923677997876,5.50212864276608,5.369965042631563,4.286718493579899,4.56493206810818,7.334604821952714,3.7714496549563314,2.270329209874012,3.026530412696816,4.058271649486202,6.068508039452945,2.8043651974558115,4.7432581406500285,3.026530412696816,7.502381608546043,-0.5058653215134727
18,SAMe7bf6c015192,3.4669340851975976,4.664412719249819,8.95592957013204,2.2779727888885017,5.481979037178958,5.8877437903906165,6.079011385801143,4.53231327288427,4.223552473590829,4.100764123339046,4.844458735588131,4.652188908507429,4.68961253109558,4.835385989927353,4.298113614981262,4.568933562045719,4.529073165280026,4.090169683784704,4.445571746650171,3.6073092751456355,4.854597221832714,2.6673227465677463,3.719312499809685,2.720459499468712,2.958440089135761,6.760183383527181,2.093933947601767,4.852528056274048,2.2779727888885017,2.2779727888885017,5.3529582934990625,2.155355414689763,2.5120969074210886,4.054448485126129,4.41118416276697,3.9722969153716505,5.591052363123612,6.305033687504609,6.019405609746869,5.534778130249768,4.242927542580996,4.191462624326821,2.5120969074210886,2.7005620942945194,4.301326552832047,5.44010501940655,4.226211163946986,4.397707881537285,6.829920427206393,3.1933257704949773,1.233877002408007,2.724684901757444,4.852528056274048,5.6941535782624255,2.36557256123429,4.477098971830778,2.724684901757444,5.961064778363888,0.8382624715045357
19,SAM6dd7ad1d797d,2.6756040519323934,4.798094404526928,9.969984146294001,3.316514906383042,5.975304514787482,7.067216711072319,6.195234830774998,4.598109773602637,5.895869497740198,4.909997625076919,4.8148318342631615,2.8303441110920193,5.002793237543394,5.0017984355095315,4.605724292876773,4.713665652262512,4.785185196119174,4.383683049776591,5.031180056670078,4.3052506226738485,3.298236273620729,3.6166133454218636,4.468398863624669,2.909207410997039,4.049461528833151,6.960913253196575,2.307854905303489,3.3799860489279516,3.316514906383042,3.316514906383042,6.096777805488367,3.6048914512556367,2.177858887475931,4.573792581269219,4.677413834056386,4.198086733443411,4.823955785486576,9.168830756401649,6.333303500594132,5.477443971848388,4.84565250639232,5.076604721704865,2.177858887475931,2.569649733184677,5.668529420163185,5.343985052282643,4.5577492755276605,4.729040845232572,7.71353664446202,3.1065874332490964,1.520459093663014,2.996645770325698,3.3799860489279516,5.88359825220108,2.4293216197790892,3.970322528893865,2.996645770325698,6.7387320854514074,0.7259294339962299
20,SAMc0d625a50eb8,-0.05265511484460228,4.4222428874740585,7.573997953192323,1.0072705065555412,5.164498873171528,7.441799081965227,4.202707454198993,5.531394157466254,5.958566399944269,6.004157331364333,5.4916210019662905,3.527095255965232,4.168731482788986,4.524750299867284,3.749840510570283,4.5095557884183215,4.011157232125851,3.826136797112425,2.0198790624733896,7.336331336951473,1.179575365422625,1.1758012363750043,0.6434614760214664,-1.21202816201994,2.052906384882774,6.490894997734894,0.3817441100840697,0.7198877449953622,1.0072705065555412,1.0072705065555412,4.303157426702668,1.0593125806090722,-1.6390507873549145,3.1977098836720788,1.361859508167483,2.591365995090037,4.367848022666756,10.473111516712544,3.804457337946083,4.326685299263092,1.7290942513288048,3.5426336157100495,-1.6390507873549145,0.5663278639609167,5.51093782073582,5.3280755000836235,3.959035295872205,4.2920116682444585,8.039491611440242,1.564470660292964,-0.677746687597247,2.033293905845317,0.7198877449953622,5.701098797413364,-0.2804075762617917,2.8193848675406556,2.033293905845317,3.659023958878437,-5.316452274478084
21,SAM18039827e1b9,-0.12633571808801025,4.8486496097274285,7.3111878645339,-1.3293943450695624,6.036445913252706,4.848708791980479,6.2889838890779775,5.428519651435568,2.373503275657875,3.56687098048082,4.6844129400687375,6.197140028904056,4.964161464985581,5.080602411824708,4.4899237555474425,4.737280698562497,4.866040862200662,4.371962020517401,1.871789758574684,2.012265521927978,0.9611145903574954,-0.7473091782858889,0.210073153059498,-1.1902480326997047,-0.024336258235897763,7.155234463217023,-0.7763813496972155,0.8385487973132005,-1.3293943450695624,-1.3293943450695624,2.8593613619383644,-1.8944285234101255,-1.0129808199126784,1.6226142162221877,1.4233757369944278,3.9827495368926873,3.4759368172133347,5.6647995023562245,3.536059001283289,3.97999967121248,1.7079679940774046,2.471114698535879,-1.0129808199126784,-0.5992644790686011,3.2180866171809512,5.193981851527746,4.41044532705916,4.612076875905318,6.719945444242821,0.6476271990283592,-2.4475853886538803,1.4760118972618483,0.8385487973132005,5.350060960133638,-1.2920254132052449,2.4553420127259167,1.4760118972618483,2.6608017258331444,-0.14047576335329381
22,SAM681e4bf7cf85,1.4628305351943456,4.917950779003055,8.39786769458649,0.8182928158734962,6.294901697695492,5.791095193473805,6.3746303175906345,4.6739754718462265,4.067544088608433,4.190617717103968,4.654026951946038,6.1583317974787875,4.978715026949018,5.319388633424314,4.742672775615763,4.902389566730014,4.98669664381545,4.376956666901007,3.907541498275453,4.282691321349042,1.843768237571693,1.0728706981522662,1.8576683654039836,2.06862178999168,1.9490884102276944,6.863188286367972,0.8624287608831336,1.3994710993163604,0.8182928158734962,0.8182928158734962,4.577835099182538,0.7745304905664805,0.1363119555405774,3.1390820904461,3.5112592038491948,4.2626314555774005,3.8106716296604715,7.008869562276125,5.261111114631847,5.275754809924648,4.312355780628939,3.854041222902073,0.1363119555405774,1.8568955370435536,3.7661399390004733,4.997324526623796,4.587656293603057,4.948598758074022,7.329514208517669,1.3723464533824108,-0.29823232201144667,2.6107514781903682,1.3994710993163604,5.335204772022389,0.4230586723550662,2.3723596509869123,2.6107514781903682,4.911832621468286,-0.37514982307358924
23,SAMc692536a795a,2.562935951145197,4.692674953752746,8.613609568116608,1.8411517802424437,5.443013518029067,6.714527655121204,5.36561141255009,5.731293247245631,5.0265608320103,5.22203994261858,3.8575982051460604,4.578665571128921,4.710236929633601,4.909965764696809,4.267459248915201,4.593531746968178,4.577607689283165,4.055666577398076,4.555793476170946,5.4685054403245585,2.7697713911201234,2.1721452256401745,2.7678539185977233,3.3403650032246603,2.4762509685922947,6.439697395237082,1.166061092307642,2.4730935084118184,1.8411517802424437,1.8411517802424437,4.820757214515946,1.8551172267209532,1.4333696080859257,3.3858742998444407,4.085025399610284,3.807594600356701,5.007402954859977,9.218993200435968,5.733574684073689,5.583154917145899,4.924535249488272,4.441198486741343,1.4333696080859257,2.657178302550677,4.289933935847445,5.337826529998868,4.163668146771533,4.468530808443413,7.104685628774175,3.2078823018846,0.8820314834784725,3.4551709590745197,2.4730935084118184,5.208362013960057,1.6630713037400124,3.5505587136088663,3.4551709590745197,6.193171907647549,-0.9127119641536128
24,SAM9a2cf3c06fb3,1.7152769994403236,4.7590390320190545,8.85185737208074,1.6070977235185107,5.759634912266956,6.309524429281995,5.360428516015183,5.984816993841729,4.75866908199339,5.901940558746049,6.024282451616975,3.4539773181796796,4.980795072216771,4.891780351655711,4.412731485914521,4.631161792469913,4.727926405238921,3.972267998984581,3.717005383126019,4.3004433275062794,2.94236645649732,1.9702440391198615,2.844965890458664,0.967007746911467,2.4667167503679837,7.9114448066007315,0.6654844185667143,2.6271162034278013,1.6070977235185107,1.6070977235185107,4.968844317889765,1.6549406857730529,0.08157466324658458,3.346254608429421,3.375433250844632,4.46847471982469,5.105060261782916,7.6774362110148475,5.011602189687943,5.435098311481196,3.8042586315005935,4.145134579877293,0.08157466324658458,1.4596131464734075,4.8300901066396875,4.9290548470933855,3.8214935633343727,4.231349487024947,7.903504554225812,2.6016273590409607,0.47443207201974386,2.340678129430288,2.6271162034278013,6.076819371216482,0.8583558425155902,3.6098444694509015,2.340678129430288,5.540695605817952,-0.5834379443802606
25,SAM557dde1b9f3e,1.4541053099910606,4.6589781407744395,8.471506254695072,1.6319351646994955,5.377537197594105,6.660685330978798,5.435599057062639,5.948381823497048,4.876255635708703,5.573645394359487,5.017302846285304,5.304513744162132,4.600842752018267,4.770350891743926,4.206418314791983,4.515164953823361,4.447922670642503,4.115800907718594,3.4008892272163016,6.079116833083598,2.9182018103334544,2.1159753784983946,1.8588353517249334,0.13943784196045841,2.031837488303401,7.302535587204798,1.3577241465977992,2.415407079780669,1.6319351646994955,1.6319351646994955,4.769060391898395,1.449711709006495,-0.11541193264202487,3.2982957545700664,2.8386265107695947,3.5064968302921025,5.007634058124266,8.557077285705768,4.867686471886373,4.971843771261931,2.731033528494183,3.5541514405952412,-0.11541193264202487,1.7568689741152,4.658302356269848,5.05204258317801,4.084004836510201,4.331726019759073,7.38533747068616,3.054631611502323,0.6486334767048013,2.046874695205577,2.415407079780669,5.358686065798078,1.0336217709597724,3.6219339373587025,2.046874695205577,4.7625393947556125,-2.678227605867296
26,SAMb8f13a0525a6,2.0199693861377233,5.158028822797419,7.991583686330391,1.5730456226069514,5.615078174639068,5.805440296690499,7.433049222922509,5.54431570964649,4.733432213318956,5.196700784628535,4.865166503000726,0.799967015121838,5.372363733817635,5.7041580721212375,4.9612858082940985,5.031940810473517,5.496100778997584,4.378444289196668,3.95998738148755,3.7287385446074417,2.685394081569415,1.773236307829648,2.172152793833642,2.158861156555335,2.3725031806738817,5.854097102383555,0.6486303842841814,2.0912927916123176,1.5730456226069514,1.5730456226069514,4.795784863375198,1.7328748637449705,1.1234360458400154,3.5794461761628873,3.8450032279692152,5.053178841991944,4.974646379016955,6.99853974460932,5.406514386617724,5.23900362855803,3.8301692373992062,4.575936819809702,1.1234360458400154,2.9272418226749606,5.169843114436649,5.121849338063289,4.81122387276254,5.0874892247821535,6.85292197088338,2.741318965085244,0.3706667696726427,3.4736202450264186,2.0912927916123176,5.5151333108352585,1.3816779469422384,3.283773352430717,3.4736202450264186,5.118863048880567,0.23124883688010822
27,SAM23aa15d4a0b0,-0.3123620776277888,4.853755513177925,7.599866251010462,0.7649228730931718,5.16686004769453,5.727104809486157,7.371040891758478,5.4033225933080296,3.8282225999143193,4.5444894504956475,5.346252907172049,5.821499182465452,4.853003766368559,5.04582460153582,4.538609640481306,4.645708478630342,4.814607593332567,4.3407273769920875,2.1899700387621133,4.322319366135596,1.5874528876885607,0.9346059739437218,0.9937620341167394,-2.0156505033789145,2.0027533825909027,7.298655364587798,0.7469577329567961,1.256216495872514,0.7649228730931718,0.7649228730931718,4.045009352035482,0.7829522876013775,-0.9909391662612018,2.9856523713690657,1.5293766548447958,4.322516879073633,3.8674223487483266,6.963103159781046,3.8239145071781957,4.353683196921629,1.7278898076643745,2.984722632325147,-0.9909391662612018,0.9684316306464031,4.146679933213915,5.097258978252609,4.426016358606012,4.709718588465879,6.893186672869898,2.2041021794473035,-0.17002171997271895,1.3143346802930698,1.256216495872514,5.261665947116942,0.0755566735161965,1.986906182396294,1.3143346802930698,2.4869064223325412,-2.1323493273734826
28,SAM468a9e1dc821,-1.2654025495550998,4.6637676846365546,8.231886913991422,-0.6135683672482527,5.431636223391449,5.36347023775311,6.199366327497574,4.9490729974394085,4.424429943507236,3.383908255580529,5.62929301381892,6.324399082260428,4.727052058820362,4.877047911393351,4.192866333470364,4.77266219285259,4.716304996353789,4.436217766753527,1.278777892414758,2.8253793461739103,0.05492787465572302,-0.4896359959585985,-1.4016441878578105,-2.026467227163191,0.6988149409754919,6.808869415243944,-1.229560786287078,-0.2914367641403575,-0.6135683672482527,-0.6135683672482527,3.5183300535610136,-0.8425267208079766,-2.2007435823280908,2.3464456105763043,0.8228818634158023,3.747930326020033,2.9082434536482937,5.183069046452508,3.9882379637445906,3.969481421964515,1.0506064997405378,2.3764560290602614,-2.2007435823280908,-0.056358404787502536,3.7105096923327032,4.84668467314587,4.746789326583982,4.8035574103172305,7.064555757413035,-0.0039506114517010955,-1.873678916848876,2.1445093476295463,-0.2914367641403575,5.63344291405434,-1.2992956409993284,1.3245793891650801,2.1445093476295463,2.4358910792725497,-1.5466014537591524
29,SAM81b71522417a,-1.6996720064137922,5.1971198364937,7.300644467944942,-1.749135424116424,5.2681866243097915,4.238880949253259,6.947262874116719,3.9542078336727187,2.285105849383524,2.813500141911442,5.452757185406178,6.6495589546350935,5.056779684844596,5.764439033084218,5.041241304263499,5.182012948757684,5.467026361404688,4.590096623041518,0.9584357682583178,1.5388332876157431,-0.5365719082678629,-1.3191872516264809,-1.4259917008485647,-2.4360349229100273,0.12566519266749263,7.1332388350397915,-2.3876305479611895,-1.370609480113606,-1.749135424116424,-1.749135424116424,2.424603140584974,-1.9053203102165872,-3.3780654177897573,1.2629740279799646,0.7383822960367874,4.966167545282668,2.752841594659516,4.731206640688092,3.383427127907557,3.7141885439323405,0.905216528189778,1.9590610438188578,-3.3780654177897573,-0.8493068057905686,3.321328481155971,5.729789518754821,4.792759838818193,4.994922851981912,6.312634074083827,-0.3087600116290736,-2.8919260214693945,0.3873950955761014,-1.370609480113606,5.57558319853163,-2.6222575031181576,0.42632165677706596,0.3873950955761014,1.568522281776185,-0.5803975193574253
30,SAM6cb230f208a8,0.04807355877944941,4.757226942383188,7.921069673132639,-0.38822742229404905,5.915581116819584,5.566437316558373,5.473809003568353,5.337166288379985,3.7428189364973106,4.25158421331787,4.533868489575934,6.2712398956632525,4.66918263384536,5.0244982229992265,4.46568841456074,4.5993446867440975,4.707870568149375,4.357776796227172,1.4888057525141165,3.7821137479468763,1.7396870674048768,0.29838090464370215,0.9917423236750692,-1.7625806346435813,0.454959329529076,6.795872959798562,-0.7848251915865718,1.5090261937040517,-0.38822742229404905,-0.38822742229404905,3.876124164965614,-0.7485995941447776,-0.8842768363009262,1.8959997643107598,1.4417896079644805,3.52598485894488,3.8299798168634354,7.117344928481572,4.052920924535475,3.8978992110786184,1.1612491885232847,2.3530934011908453,-0.8842768363009262,-0.12404897284426789,3.7080609310989714,5.564687134182999,4.52769020151285,4.851426709575351,6.8481249604296055,0.9617578065764593,-1.5891958996125624,1.7394444548561818,1.5090261937040517,5.233460903797166,-0.77198454089378,2.5814469210722204,1.7394444548561818,2.6218839299859575,-2.2933079954327598
31,SAM0684af734db1,-1.011539634341522,5.1158754031705564,8.136881358879082,-0.7787984674492735,6.262770300349534,5.055542672963501,6.823513611907625,4.33907759574328,2.725590622079327,3.5059837076053504,5.105269191484593,6.2009996860592125,5.091196426784353,5.522951396396343,4.868716854181465,5.131822613482008,5.195688376663608,4.603750405253842,2.2358641831858104,2.0609176685091573,-0.4247996044594894,-0.32542565626967235,-0.2348900534706999,0.07915586985755525,1.592779171936077,7.899831790520291,-2.059767279014988,-0.9299037800260866,-0.7787984674492735,-0.7787984674492735,3.91796312022917,-0.7132469387807406,-2.3035755803465414,2.3319987940266373,1.7490589751884218,4.284943744679262,2.942541842632299,5.356188847007601,4.238499765459605,4.858419939914452,3.503987415134277,3.4959132546726193,-2.3035755803465414,0.08923275373913694,3.7252108715804595,5.266119921560783,4.677840362571142,4.953973643165826,7.805381071355999,0.4105090557552173,-2.58374950901081,1.7360120000229442,-0.9299037800260866,5.043207740295258,-1.7318276765199465,-0.3887697752793103,1.7360120000229442,4.050443129848409,0.17494651467665312
32,SAMb963dda93cfd,0.5035031956702094,5.040911876833293,8.834173815070436,2.1453716410043264,5.948777403760043,5.9254684362743975,7.304084656957585,6.1811192679453475,4.449641590582046,5.41985630644609,5.111621479121178,1.4042703958952296,5.275587087740073,5.696668387184844,5.025789827359181,4.992432011948394,5.570301531890986,4.425605142188711,2.9776509771064186,3.694572342505626,1.8020739521115499,2.3813128357857076,2.2416166934805086,-0.01805318209380206,3.1533929402740775,6.094374573100496,0.19528438035374615,1.3362920578939204,2.1453716410043264,2.1453716410043264,5.379723229768144,2.598719227933817,-1.232827652799707,3.391220770164091,2.7419667798648315,5.3714905014513805,4.294216031948389,7.795767487613811,4.533787957512821,4.73773486485727,3.228540354497285,2.986229610685789,-1.232827652799707,1.1939789477159315,3.849264854274742,5.048037953399788,4.879172118040709,5.069330253035583,6.865553013094207,2.453046950246844,0.3520977858218186,0.8316308207911115,1.3362920578939204,6.383399805149452,0.4118383239188373,2.1512547425306057,0.8316308207911115,5.255846569509104,-0.7169213653992075
33,SAMa9ca8536d2b1,1.6984525550796181,4.585771579666764,8.317350673709377,2.117198454323797,5.480244598457508,7.417744287794495,5.332954556994961,5.6359260020154505,5.062556032840638,6.181403904041243,5.234440996203995,4.347428051135405,4.662083934046599,4.7441781058791195,4.205647338404394,4.613656499113317,4.3625322415111984,3.8778685793128096,3.5547070308712034,6.782433239581562,3.5589645290164005,2.518270874440784,2.998886875101061,0.18657391708850715,2.609328685175665,6.436571710433037,1.4777607607842567,3.0699007076321867,2.117198454323797,2.117198454323797,5.073039838582027,2.131547192597971,0.2170938032092987,3.6111812754105346,3.142009865909747,3.526123976812133,5.490845550961263,10.534597848300836,4.7824535184950845,4.6803854248175645,3.542385370674014,4.026576573515267,0.2170938032092987,1.8139114518678803,5.392222856182113,5.184642468828506,4.002876850097991,4.43287543846505,7.71857227384843,3.1899711474620367,0.8845381343100668,1.803411773387821,3.0699007076321867,6.167844725496547,1.2921951299065073,3.6989553752373587,1.803411773387821,5.088289373023115,-3.2277262087103584
34,SAM9fb814c22bdb,2.830600016269028,4.582066090641279,9.350351377385568,2.6062507895324005,5.579050268312637,6.720173351823705,5.520390383461926,5.017402866630512,5.448272401886419,5.852370496897898,5.217072968053627,3.636042883111949,4.683287208315632,4.843685969801825,4.086687060356993,4.578936694831278,4.386310057366874,3.767025295336463,5.0414759540007665,5.517707029438864,3.8320694629803924,2.971851179922954,3.2810922124244093,2.7316357774584277,2.9450340257513035,6.10700561250416,2.580627894983572,3.5282776742071573,2.6062507895324005,2.6062507895324005,5.6645132075931794,2.6583984368133398,1.8606101781533164,4.06047550196037,4.447700488666089,3.984030631373272,5.65510450093925,8.617206383308966,6.155722076712447,5.526880606827997,4.44139678310675,4.727255272113165,1.8606101781533164,2.838587277060406,5.399661846354026,5.419907834144425,4.017959168063352,4.332139947078904,7.879558510920911,3.8289202103600584,1.0052159490883994,2.9007701698378505,3.5282776742071573,6.100533348400573,2.2517919392790104,3.9222364204900035,2.9007701698378505,6.184958821424719,-0.47623107543809784
35,SAMbcbc7957c264,-0.8961189821217448,4.959379067448599,7.970632054492174,-0.18709502477787932,5.601545188443625,5.012765226690611,5.746968096345247,4.168439825214647,2.3313528253391973,3.6771651942972046,4.767585486486593,7.518205551991298,4.867196396571491,5.096594448892318,4.487453239743244,4.8404976514104945,4.718134282426063,4.37934399959859,1.5538512171572414,2.4489456220741936,0.33693666979053255,0.27606003689291786,-0.5061567723742889,-1.444207467178078,1.2200904903216363,7.7967358537826525,-1.4950653170159487,0.2439491406906594,-0.18709502477787932,-0.18709502477787932,3.979142357917362,0.025731063343218397,-1.3619252784798175,1.959069936844441,1.291992276857928,4.420358076898362,2.9548143524219164,5.900771100799044,3.971658491758915,4.040929929352549,1.3972411383094367,2.518642946266351,-1.3619252784798175,0.16653264754911543,3.347315556048759,5.590600926978352,4.28828482676218,4.625026658286481,7.040315084363979,1.5002387921386415,-1.862888885080645,1.3050357127046273,0.2439491406906594,5.1305774185561175,-0.887224134219203,0.934770430419617,1.3050357127046273,2.191873362358081,-0.8950944049169522
36,SAM7fb6987514a4,4.8244663601570865,4.786287030382052,9.664747769648665,3.2776996820199633,6.008508030304105,6.187851755087291,6.224591616962069,5.554559849760325,4.76477066780036,6.052534629598122,4.120713587214652,2.8006091198857797,5.072137309147504,5.080909278925392,4.388837209925156,4.735261135960668,4.874087252782233,4.068121757556044,6.286196219728724,4.751470161308191,5.510217975163112,3.5614030658958304,4.8888583866158255,4.9652910184510715,3.4436767262942953,5.238760294707958,3.101695658692111,5.1417110369816355,3.2776996820199633,3.2776996820199633,5.7875373436800315,3.2194792336976183,4.033873502447184,4.556562632957556,6.073678615467083,4.903099210059505,6.144721837367854,8.317072433647711,7.435369964383225,6.0626776851014395,5.333444202514472,4.981692498556815,4.033873502447184,4.2647310809970795,4.975868765162718,5.125846234004697,4.3122619030812315,4.636605124285228,8.051484675123534,4.046884784031545,2.6766842484670157,4.424608854654152,5.1417110369816355,6.539222123962689,3.6234597661345798,5.178185816322622,4.424608854654152,7.114152168432855,1.5347260584205333
37,SAM63405b04ab2d,2.9428488227966243,4.711224581293165,9.129610246943065,1.9788596122396724,5.721429597373265,6.4377283411697945,5.0360204763521725,5.758147024675503,5.968582607188026,5.126646337225794,4.445706540484208,4.524790770878062,4.711937034292069,4.573110581169529,4.161291004635478,4.475544690568388,4.087786686436708,3.909010036794705,4.832417726456665,4.070257118162951,3.502537315425484,2.2138170777994484,3.378355837626003,3.297317973161937,2.717431290505304,6.088478004461933,1.7640453932939153,3.092430672196274,1.9788596122396724,1.9788596122396724,5.419194344955386,2.0725919951010354,1.7257703784973515,3.489737797219815,4.587585751774624,3.95152819112995,5.151483432136876,8.246093974283761,6.2050819585922685,5.581004103048032,4.447212520523849,4.214168122996755,1.7257703784973515,2.726329717062611,4.6612117538313536,4.879512648793309,3.8897371996535455,4.245542870923812,7.493227931565826,2.4647399600465434,0.9708521557108973,2.811215206008112,3.092430672196274,5.464507305068407,1.6945101279527388,4.0430718415320746,2.811215206008112,6.689067707614677,0.7621606082937138
38,SAM18bc1078bc15,2.1704427848081997,5.090096131110122,8.025654565936872,1.6288489921568823,5.699461028759576,4.845466043731019,7.775078475668188,5.4584011402306745,2.9069137056795817,4.264695233515054,3.513954180165486,3.3990803317493,5.078492256523213,5.54761614175844,5.022614098013057,4.93964453150457,5.461962112021699,4.668965453245927,4.065142466061053,1.9672839148578076,2.8410970856329887,1.8342079542704988,2.478231720153675,2.2020755274792516,2.160515904250353,5.23884839968189,1.199618493131273,2.334049297631244,1.6288489921568823,1.6288489921568823,4.903818280310594,1.6519509724984394,0.7684707145053528,3.2990825897438136,3.8658920805568644,5.028121798173094,4.156552056677542,6.100418271641144,5.224862450487607,4.957322488752594,4.340796915723628,3.133916979892095,0.7684707145053528,2.2980622227180825,2.7378832682664034,4.676639731180789,4.6321353626588095,4.909948449763334,6.270474002230202,2.0880652067449916,0.6927763583078802,2.067673928947776,2.334049297631244,4.841587601566958,1.1981844760779259,3.003899805576887,2.067673928947776,5.107358068233459,2.0978585512032453
39,SAM7d2dfba6cd84,2.004284706293289,4.418075710998996,8.588678032173448,2.9419050988081454,5.090898010462593,6.084255862041547,4.962377233454603,5.536066492659717,4.524026577022612,5.6461372756333015,5.0540376761899175,3.0504060884120805,4.2255758827564,4.4167106378787055,3.929616968446485,4.283511015614978,4.0248031644769675,3.9468979252645218,3.191289234663304,3.6970558759705816,2.870456414357655,3.2430388701425175,2.176978408673,1.2387698521172925,3.6771937654038886,6.756005680755995,1.98915125667272,2.4793398592123155,2.9419050988081454,2.9419050988081454,5.401732214687794,2.982131508245897,0.8808680896302894,4.243766135726367,2.9996871450265155,3.4406743279324665,5.050202866275701,7.111141000058322,5.5156476012484,5.038151192633891,2.8631723419013695,4.065219057179989,0.8808680896302894,2.9169970232093037,4.704719536486003,4.870356598142621,4.1023116449221435,4.232672932664833,7.31132697231505,3.6937493875303864,2.3383320045341023,2.914090935005857,2.4793398592123155,6.106080142729997,2.231191375452482,4.411854783478743,2.914090935005857,4.814765147904275,-0.5057666413072774
40,SAMd1bd63734394,2.7305714035963957,4.982903898565589,10.2371896207589,1.5990760974262728,5.260435466721074,4.060152296414658,7.3872423657557995,5.2924774769389,2.0027171550913345,3.3790274065787007,5.193848605896273,6.004877073123907,5.11998975727778,5.407135170421569,4.709483533517769,4.955281711583388,5.4055814787647165,4.578444658815403,5.066282650006166,0.8721019898511786,3.2265458192628746,1.9865720565419536,3.9054076241146007,3.272739866944297,2.6306035522331292,6.501652777972665,0.9322216421753498,2.923875314881307,1.5990760974262728,1.5990760974262728,5.099602170502934,1.3613430518031517,1.8306258884162858,3.842405245733551,4.7705292884357275,4.732425828146839,4.251923353181188,3.594632103589523,6.824203428073939,5.838553190723397,4.231266588732591,3.65628005174782,1.8306258884162858,2.472327211615517,3.1391278932776583,5.715427018155561,4.656985049834932,4.938263069981867,6.953678637796756,2.0744237790833306,1.197260668388979,2.961610078172575,2.923875314881307,6.019909204271729,1.6793607379168387,2.6929598070425187,2.961610078172575,5.962135266128867,4.194180660154988
41,SAMe9ae8beb82fa,0.35649306696115024,4.739240787435433,8.714736071011117,1.0458696688287084,5.2247621932536585,6.323071459279457,5.928128693316464,5.436987369083012,5.214476633968798,4.929319134178846,4.0616918766472665,4.813873742356281,4.7163307648783785,4.92537533672082,4.430243010413156,4.692007997132957,4.758621754081038,4.268375419095424,2.408964590096961,5.461585542918754,1.832149515493581,1.2482584098096496,1.0353150949547085,-0.7828897724917985,1.940461115762158,6.438327641408416,0.6290984040344195,1.5580837908029743,1.0458696688287084,1.0458696688287084,4.623982238741455,0.9842440680153888,-0.49722018884225533,3.1135291626096704,2.2373905445105913,3.5717487782358264,4.136942012060016,8.144599883049814,4.847522257302583,4.559323125252015,1.4731716691005101,2.770691803711536,-0.49722018884225533,1.2502954131031,4.524454009449918,5.154732712341484,4.333881617559041,4.591421850364968,7.126720162167831,1.9976379229697994,-0.17642838324284152,2.007554549230577,1.5580837908029743,4.873371836739221,0.31612334043391266,2.47651848788727,2.007554549230577,3.4753588562448585,-3.0526209528217927
42,SAMb0a83e5fbde9,-0.23082714750451439,4.776902198863327,7.256214893330367,0.7275001373554157,5.810288710644764,5.148282142958728,3.692127790134953,4.669681527557132,3.3319865646943176,4.190138893951204,4.923227756762145,5.931735757740284,4.512190691827056,4.769872250848811,4.096056091630166,4.624878131103971,4.335002254742022,4.28723660107408,1.7944866220212008,3.223198528807046,0.9065639227855216,1.1606092080060963,-0.023499462715268232,-1.3092595118450303,1.7974975726541589,7.239389281724416,-0.28258734296514204,0.5082494867572181,0.7275001373554157,0.7275001373554157,4.164020678481022,0.6337679506053985,-0.8542381269928949,2.6233614472565043,1.2802611303902651,2.9814327306545185,3.8642123401361594,6.176796651368111,3.9035405306321636,4.259750250850701,1.4780550794000502,2.630216539785436,-0.8542381269928949,0.783128709788954,3.4391635195075403,5.504711241444801,3.864797291272611,4.168741444247543,6.866931722289617,2.3180417153506943,-0.30066748652366015,1.531699369117763,0.5082494867572181,5.539138596467972,-0.019502659620265095,2.4101801831368053,1.531699369117763,2.134254975325228,-1.4287119067858454
43,SAMba7176afe070,-2.015233246430949,4.723305280798022,7.040980089155557,-1.3025751484636936,5.431785821450454,4.2760751137143105,4.989510708870753,3.7057015640979083,2.054546042260964,2.5848911530704957,5.7435475153416595,7.089884073487776,4.3514639048158585,4.7997654049454255,4.053844135914232,4.678027238212181,4.241858173749461,4.207919105835528,0.06959901465661256,2.7633182746571094,-0.13338333275574793,-0.9098600753340481,-2.3716850091750734,-3.887830550740421,1.0336954188724556,7.080820733650516,-2.1573935943427704,-0.5625478947381594,-1.3025751484636936,-1.3025751484636936,3.1778863415575813,-1.0830014982755642,-2.4718547129258925,1.5839071166057122,-0.16520581881778323,3.635281355593193,2.926379463575464,4.738191094041901,3.2060563075134922,3.2590529161036246,-1.1034482755743935,1.4839651264051963,-2.4718547129258925,-0.4555393468628811,3.4652942662695536,5.598429638830698,4.2192158810538105,4.490184405535267,6.477418710973146,0.060361118769019693,-2.8035036370171302,0.7275667546837656,-0.5625478947381594,4.956716068856117,-2.0041680316663353,0.8933915791734681,0.7275667546837656,-0.19756661426606717,-2.693719260000497
44,SAMae1690469964,0.853768169225488,4.8862479317124015,8.747887835548513,0.32737156701033615,5.200256835420826,4.650850866182126,5.6889807724624415,4.561672687536701,3.172881744011723,2.9662025773757765,4.822966074781377,6.82157972676517,4.774294369895823,5.0704566732543785,4.560058771736829,4.724464607727543,4.715805523676948,4.393935538003352,3.1203392198933373,2.8409121643120234,1.4597075115499463,0.7285158957965354,1.1428460443178714,0.800923686759022,1.7417135017160577,7.034434999571147,0.29463377289069953,1.012846873911931,0.32737156701033615,0.32737156701033615,4.1334697959359925,0.21121591424620823,-0.4999017933594443,2.473759441858991,2.7269926626532475,4.1190545231997255,3.678473897441546,5.121987022176487,5.209506935543085,5.057674783694244,2.5464962552151555,3.029050879282715,-0.4999017933594443,1.1397240864362712,3.3462609551213673,5.404405535695068,4.408993947431394,4.719311742729481,6.288465879952462,1.8301394501852455,-0.543268080928491,2.0992851102419094,1.012846873911931,5.266492413112292,-0.12631444185145854,1.9831106768779934,2.0992851102419094,3.7386621259233617,0.27942705558131387
45,SAMbe83eae4026e,0.9597054426412839,4.890829796437822,8.250549584323243,0.8926150347007147,5.5611041397562655,5.681546310172953,5.122761598504739,4.771360966998734,3.688406928012123,3.3855783526399477,4.673419338816872,5.831785802192029,4.939513580597879,5.3535150445190025,4.481346906505149,4.955000422926718,5.182008250903407,4.510703904554803,2.434941324668384,3.3487450149607283,2.5765413075200185,1.1040424111454743,1.186738606126584,-0.15283951076396077,2.125374722308052,7.7321772479471145,0.6397749150786706,2.1609379001266698,0.8926150347007147,0.8926150347007147,4.774556559102415,1.2149405220634575,-0.16354817072249941,2.783889977482178,2.472363434798543,4.637722201730422,4.386451572341169,6.30716242240586,4.780499357096538,5.022925457366144,3.106702071170513,3.494574923179012,-0.16354817072249941,1.488918402823917,3.664455697981596,5.244669981586529,4.645554019177171,5.018305541836478,7.511078667608554,2.080452293885847,-0.7490151397133172,1.9363372059146942,2.1609379001266698,4.789088510228964,0.24799060975052017,2.493642801463759,1.9363372059146942,3.9860050426359,-0.9138036902923443
46,SAMe5bc41772bc9,-0.6175864533922937,4.680803013719297,8.168374657387693,0.3622253876821619,5.226713415367933,6.223909424605196,6.198495777057526,5.286741840657786,4.294145210210469,4.664747030125985,5.0361144474249695,5.470494826555485,4.815923645946141,5.033418770174059,4.223332858087042,4.765933334571049,4.819871517670012,4.299468868294479,1.6397162348350693,3.7822461572968638,1.0518866910818734,0.6568803574093826,0.023445193802682878,-2.2257241301299406,1.9789818088959594,7.557746883325243,-0.851163664427222,0.628830785680357,0.3622253876821619,0.3622253876821619,4.2106354883920085,0.3640379998085325,-1.7441495718941453,2.836490375191813,1.1927525065865854,4.069359068517011,3.566113069766274,6.219933035871494,4.053529907424627,4.22373010292145,1.2145427194972716,3.007154042166248,-1.7441495718941453,0.1126921460495943,5.538989904881078,4.994668334753599,4.509768443421517,4.756906458752111,8.002854857427158,0.935866727723894,-1.3579675921235381,1.5610801907441985,0.628830785680357,5.752053385967589,-0.7605732201979111,2.1731574614089566,1.5610801907441985,2.8667413308191203,-2.1425299224617946
47,SAM23095936e611,-1.0911003262900927,5.120924913045738,7.101700317893152,0.08526643775275443,6.100078683878384,5.411704412062581,5.704541930347497,4.6006099437913575,3.4986947851884684,3.854441874846428,6.003690232785614,6.21746380980933,5.161890960443923,5.489644872105373,4.908632672598123,5.006325592573067,5.309019422502686,4.671543442779907,1.1466255143338497,3.327541487212995,-0.19325064979210574,0.3245243277530205,-0.7163131918035398,-1.8709885893750557,1.468160031441295,7.704589511076843,-1.342016754796748,-0.5712074344046658,0.08526643775275443,0.08526643775275443,3.931909830308519,0.3175167785591766,-1.8944162180568263,2.3810809681166014,1.0135544124107554,4.968713824794139,3.113830099876604,6.521985374622823,3.44798428039509,4.128049071276955,1.037940015386212,2.636012431146037,-1.8944162180568263,0.6210997296949249,3.6984656794488235,5.413720941582031,4.737352586151508,5.018085433095205,7.36280187501763,1.7517674733431392,-1.0260619615274487,1.4200011362102607,-0.5712074344046658,5.649674508192009,-0.7951277435928873,1.546940122416472,1.4200011362102607,2.0037909257292728,-2.180915972879145
48,SAM7114d99032ec,-0.686442844156824,4.699074284131527,6.917466369638183,-0.33178423917407923,5.20422809528368,6.602204133313194,5.777098920798028,5.39558926787563,4.196115070721544,4.178417362376155,4.438972842657687,5.71771187560562,4.663947707383671,4.841071479284398,4.3351953948047255,4.545651546841216,4.616243172658348,4.290258075058945,1.9901810558285025,5.7005618424965645,0.40480102108183813,0.0954979616348087,0.15033660092064557,-0.7645364546492349,0.44550080542472176,7.1900868631669965,-1.1891619681350079,0.02822203989339282,-0.33178423917407923,-0.33178423917407923,3.1591600395314874,-0.48076271277059923,-1.2293077947389162,1.9710330992511396,1.5913275607968664,3.508672468222553,3.3028090473064817,8.710019037282414,3.493959919985497,4.099176758034747,2.522320118119817,3.024464358369752,-1.2293077947389162,0.5004579667102478,3.106449236613983,4.764634953676716,4.245358565096236,4.606638076974038,6.612589300318476,1.1465322004284662,-1.529247451297775,2.572113188026904,0.02822203989339282,5.178193424551245,-0.707467622175787,0.932143203200725,2.572113188026904,3.1175997796413526,-3.710380786668062
49,SAMd215b503f99a,0.09030500584658796,4.566212761078607,8.478066258051543,1.2289809964264529,5.210862420591284,7.306749625015634,4.656484185508291,5.662008765161206,6.285825616166144,6.206715248071808,4.828917953158658,4.354902660921552,4.430518120263714,4.692402456488791,4.101913241988504,4.564329447549554,4.287244263113193,3.975707904612286,2.5829371403660195,6.158831869840788,1.6132565363636109,1.4351592808708689,1.5588597420070374,-1.3225397227797302,2.014975463349944,6.961403488394641,0.11656021830504312,1.3519060814627997,1.2289809964264529,1.2289809964264529,4.640810128552555,1.2979529411807413,-0.6842687374632564,3.075218575577843,2.110937319053938,3.57458108095966,4.022675020793863,9.587305896589585,4.28493671102068,4.387494744780634,1.8188490401596364,3.2560968348846964,-0.6842687374632564,0.6171239299059199,5.229706035807438,4.723394130568993,4.197469102050267,4.518590424342701,7.630778292500118,1.7582642527186687,-0.3905597298556112,1.1135796980285964,1.3519060814627997,5.289124264519902,0.2397344702574954,2.8016056713519415,1.1135796980285964,3.865341334375532,-3.5758947294747685
50,SAMdb3f50c9129c,-0.37090658801898163,4.829293178080474,7.367293850905521,0.4996016922516831,5.254537312584164,5.68008197454198,6.084933010408166,5.49878232091791,3.9703117591576835,5.54489243056862,5.4350552487975,2.3646453973370636,4.87251402345952,5.128821952285338,4.330847465540383,4.851056730242239,4.837304450842744,4.1194056550165,2.20149841220669,4.362043773524548,1.617536134337021,0.8222479163222591,0.5123374209041542,-1.7396302881005805,1.170587264956036,6.193163130918328,-0.2474041709436142,1.1288991731400608,0.4996016922516831,0.4996016922516831,3.9914162888803064,0.4318495223369277,-0.4488856070645481,2.6400714820113764,1.7471727217076618,4.475923003995703,3.622630335170612,8.521927721061791,4.193364438689253,3.910982066427751,-0.003145832890930733,2.562585291694065,-0.4488856070645481,1.2880937531342966,4.344984285910264,4.713103188697623,4.663065235504786,4.78619776549298,6.495345066264928,1.1240621013291376,-0.49475241707605316,1.7278738030798868,1.1288991731400608,5.509418404042298,0.0895810354192436,1.5509704243246818,1.7278738030798868,1.840577726729224,-2.1605453613178582
51,SAMbf1a3ae828e6,1.701339972716138,4.7731721221812045,7.873271240973286,1.7626302052899,5.42967708831289,6.908447314507218,5.599717789760244,6.579916600079836,5.020930522740473,5.615563785102446,4.511503717310222,1.4465367002602258,4.861178069934483,5.069408828717399,4.491289277215801,4.616899689136153,4.7506252356588705,4.025161934681329,3.5096829436065216,7.222226220960399,2.581038542743874,2.082434852091085,1.844439167751692,1.2291962326666244,2.0343559207476676,6.306606884539036,-0.014993592741381392,2.2118177130049723,1.7626302052899,1.7626302052899,4.575704049746514,1.729269684451864,0.4389358760389521,3.298098321872458,3.0871565975777124,4.2871782500963125,4.795182873740204,9.676185905278514,4.827620919155118,4.958064792732862,4.213310951646368,3.920122943873274,0.4389358760389521,1.9323312310661174,4.218936591218595,5.064291167036691,3.979536695529726,4.368347255048999,7.021082420854302,2.80039623079238,0.5938487245853886,2.573523907597234,2.2118177130049723,5.5197119748060155,1.206840916734857,3.5809377555699347,2.573523907597234,4.787768402758182,-3.712543277353878
52,SAM52e3fa3ad574,3.198018010537347,4.928879570798749,9.170772845962672,3.0287947268011783,5.260809647022872,4.830439999243887,6.742546673469525,5.0124161410511165,3.03046824508218,4.142016664130389,3.411800821430949,3.6805936746835,4.758937235773085,5.207453927088721,4.52149417699768,4.841483513071157,5.041094156163257,4.47178172124174,4.959916694986413,2.2736043596815567,4.454595944563993,3.26091741472358,3.163127615539477,2.300617684391039,3.7372039923374127,4.897959161605532,2.4634501226475605,4.053634151102467,3.0287947268011783,3.0287947268011783,5.652178439990118,3.0732130166755187,2.6320664090376624,4.289927542759068,4.488354683128386,4.01601770263357,4.870690173341386,5.1308563703076215,6.333930709029245,5.54995763467118,4.38954653128934,3.5677285495194817,2.6320664090376624,3.4969465129221193,3.6051631126388344,5.326156242482775,4.578241483989717,4.754615391645073,7.152163840394654,3.3466613901182214,2.465670263232671,2.725510171096573,4.053634151102467,7.074932282958596,2.969548999799062,4.430893897727645,2.725510171096573,4.936025193251104,2.6863123353048564
53,SAMd4c0837b0997,1.519189946271471,4.992587351721962,8.01845847959776,0.5718363752952861,5.71655823890328,5.215964151002963,6.643700314331847,4.484601856455832,3.9723771068084113,4.097030274317292,5.189984405122648,5.235047831971882,5.1454270024370805,5.3095734860756565,4.456688564531281,5.012516320195624,4.997713355544634,4.2759369986916385,3.88863152404095,3.180773237492641,2.165456405859535,0.7959402640457219,2.0424732166547277,1.6786986212355914,1.6051197933525734,6.078327017912581,0.5453888541122821,1.657778086546461,0.5718363752952861,0.5718363752952861,4.281877257614032,0.5145618987863667,0.1010288569910857,3.139174156317088,3.560937872716885,4.944137582590706,4.111902269498768,6.33272332708995,4.971102096880306,4.9330131687966725,3.559243604521607,3.713456661588007,0.1010288569910857,1.5819961792791584,4.316203130559875,5.53780035541582,4.375356815431644,4.548705230416385,7.258977724847964,1.6176322177000448,-0.612001011634513,2.0997370981396433,1.657778086546461,5.852732558201439,0.30292327767183347,2.4032469469035624,2.0997370981396433,4.849333510708276,0.707858286548309
54,SAM9cafb905b36a,3.9623892720232674,5.0998988121322855,9.439227725125507,3.576994901847411,5.708058080761471,5.299120066361706,7.553422863929253,3.494008899577812,4.000371444804475,3.7490446298632913,4.270474314404176,0.2182590734477016,5.218090152537432,5.5278579477573375,4.81189423348787,5.050349126821132,5.333132591826824,4.55196259370408,5.170225191607345,1.6376609139390144,5.621721917511232,3.9176847055567143,4.058862745696121,3.1538949580087574,5.2693007681701785,4.870111307240905,2.048370843827647,5.663710296046811,3.576994901847411,3.576994901847411,5.957914024964609,3.716926051336827,3.823327828338906,5.3195930233559885,4.7772229234629,4.90722264865616,6.939444654962321,5.845564055278274,6.449894193214216,5.45235901177452,4.573749029317754,4.2292441481579175,3.823327828338906,3.1337113219096566,4.375708316663299,5.662161435681143,4.763872504494963,5.312445792674136,8.565231264786721,3.249718889574792,2.201860108146303,2.8387311264499444,5.663710296046811,6.4836969650066,3.2875780435517776,6.033503428724015,2.8387311264499444,6.900871257951432,3.532564277668331
55,SAM3f2033c90438,1.5079535963343387,4.836138381920346,8.444664311464127,1.302347290995821,5.431408756508486,5.653838320865448,6.16563224449699,5.704130754811353,4.00501680049143,4.415889665069098,4.935230209912911,1.8281535245267346,4.841089877589514,5.232776322139548,4.500233819805126,4.795144383891724,4.965390946090604,4.3940194957728105,3.3126778961320116,2.775593609310778,2.0042651330045747,1.5639098806309386,2.8917417578142186,1.9667028016081982,1.7305265846305034,6.587561967700247,0.9199189636352397,1.7993709755745801,1.302347290995821,1.302347290995821,4.427926891900895,1.0896552004147755,0.03212090459133621,3.3353558769957017,3.3336087743973897,4.3402396926061995,3.2088965167350447,6.997024844337233,4.925093837037268,5.001846612271605,3.9675369706759214,3.843465335708059,0.03212090459133621,1.318584485474769,4.2011598790437095,5.443576435496524,4.603906765409652,4.938643696775908,6.345872841781568,0.6918281227406258,0.12183093751096156,2.7173232025719947,1.7993709755745801,6.103051879163514,0.5921070129667827,2.431942168991557,2.7173232025719947,5.731725259633685,0.5370842868212335
56,SAM032c642382a7,3.8556276795928186,5.17220897547919,9.787369143116758,3.5642582696383798,6.075249795710275,4.959536672004236,7.2299254092685175,5.408367964166622,3.494009752543224,3.6554029256572176,4.660284201106935,3.223296642861763,5.440214480243164,5.78387058469966,5.108052031412309,5.155989333094736,5.771614589019015,4.663703599465837,5.361884070439751,1.5447092812284045,4.3317376849230795,3.8280957206131196,4.7939257707848855,4.151782523704912,3.9169553314980035,5.754552631992875,2.5891793565849106,4.188554044773848,3.5642582696383798,3.5642582696383798,6.211800208721777,3.635626389259052,3.159592239183316,4.735612745894085,5.437235862324514,4.959875039993542,5.009956104710028,6.304647948537091,6.899409651318928,5.520312066688758,5.795522498694999,4.0766812947778694,3.159592239183316,3.4461891962578783,3.130658799455136,4.788141550660483,4.98455786135451,5.285173560089504,6.74333911158551,3.352393104568545,2.477943715272278,2.9664084175341325,4.188554044773848,6.095270491625711,3.0701797426392172,4.399433401090417,2.9664084175341325,6.2645000951734,3.8171747892113466
57,SAM5ffd7e4cd794,0.7617584699571189,4.930291425552383,7.641507903246617,0.22988493206717342,5.339662590342444,5.278961856215471,6.304489808593319,5.383348174269987,3.0997533375068747,4.16721404261153,4.753123668089354,2.8906660031159035,4.961527803077972,5.2600599265042485,4.760334109632626,4.815226216305553,5.1405163015835775,4.430923333328284,2.670951590175,2.5912483678936122,1.7891737137519597,0.4764231273851709,1.627472092007535,0.36250447178271844,0.9036552235444025,6.715390976973366,-0.685367374328795,1.4255634006955697,0.22988493206717342,0.22988493206717342,3.7197930423973826,-0.015912636080890274,-1.0618237364353866,2.8881069421145478,2.4717879151735773,4.936550856310031,3.8353387088621713,5.7506009871823665,4.005979397410829,4.5852877755048,3.666967174185533,3.2307341324030436,-1.0618237364353866,0.4195460076955929,3.8308030673363436,4.773293340704851,4.730289838242477,5.041317885987796,6.367116040953306,0.45018874587966745,-1.2903936632743178,1.16054722585557,1.4255634006955697,5.551641109559637,-0.4226789609395276,2.4144167333197046,1.16054722585557,5.016913554276622,0.07970322228138782
58,SAMb419a8fcbfcd,0.2895902138810782,5.271924396257984,6.674854209047079,0.039766401181284,6.019042567014957,4.655219688943808,7.013111690362963,4.41157417360256,3.2002933635528956,4.764765043758657,5.7753531293241345,2.605251974884227,5.399108361514636,5.8160707471465365,4.862723537314815,5.299442861441713,5.710615483995913,4.480909779922659,3.021061546892679,2.5148550919738355,0.9901097043504928,0.5846742884678613,1.0260848209303557,0.4546744542586561,0.9266187419026357,5.40610656231888,-0.4891850031034789,0.39328053021468473,0.039766401181284,0.039766401181284,3.960404945500313,0.22719222447012194,-0.8945521364836946,2.4058303282359534,2.6145669527404864,5.516329426543474,3.211290926652799,6.591389193299126,3.812090758120727,3.9694941475051855,1.6268662961722915,2.849791271581782,-0.8945521364836946,0.9587366502154409,3.772080046402802,5.120279647538495,4.462726831287754,4.729634566666142,5.722373086991236,0.8350335265378953,-1.5726223102872794,-0.00902206625851513,0.39328053021468473,5.466893038992303,-0.6096036090282582,1.022753175393698,-0.00902206625851513,3.997084411321095,0.5062064549188436
59,SAM8884fe446d20,5.0984775142941405,4.918701474406987,10.252546282410988,3.761345126932972,5.740873924509922,6.439638667583571,6.940815312443105,4.8198794763813595,5.365840199166748,5.979610220325424,4.812762619082001,3.568502633493304,5.192157861788809,5.295577788457421,4.739751174735389,4.914418831016581,5.172994827711341,4.2382650209362165,6.332042152579943,3.4897314056747653,5.8401697582591305,4.202443802116322,6.1342064445297195,5.949638113082443,4.241669363325797,7.369814711200999,2.402688254683647,5.594390633149609,3.761345126932972,3.761345126932972,6.234288654608654,3.756356624781436,4.202526049306608,4.897513940695505,6.775796500916781,5.163233375338603,5.987465753415079,6.916403075629947,7.669493711596891,6.6607879870769136,6.914800057194533,5.760904249330829,4.202526049306608,4.173225637126846,4.56719618663056,5.495527536156346,4.7438704874708035,5.166519691280133,7.989136565912947,3.572064660830763,2.817462783874985,3.8256038101319034,5.594390633149609,5.89238822837382,3.7760495771975147,4.755950796799141,3.8256038101319034,9.426853333321604,2.8423107469051776
60,SAM17c45bf16bb6,-0.15499424914599236,5.173862515044789,7.095781554556541,-0.09209753560036357,5.534893701250349,4.663289254512547,4.308758646796021,3.2213436053182174,2.216153939837055,2.062918873678859,4.9330558014373205,7.273107902976736,4.839883785685539,5.274561278342564,4.924027169044919,5.068266201211935,5.10675776400101,4.488540034677423,1.8312386466237955,2.920793054946265,1.2245096790173016,0.8649834134546189,0.6513179758872331,-0.9740466415105047,1.014483987154577,6.957790436518576,-1.1003534725081014,0.7700738751750298,-0.09209753560036357,-0.09209753560036357,3.563262481587744,-0.6960672593607902,-0.3954014001981365,2.350192644154646,1.9086048463527494,4.390086209610413,3.581962343779929,4.997896563128588,4.131861793901622,4.184565115422389,1.1751779077432039,2.302377789972871,-0.3954014001981365,0.7782891453628602,2.6893040511511415,5.65573353299175,4.873270701732609,5.12004338600055,6.518136774906913,1.7314733660947723,-0.8994523178834705,2.040997082557914,0.7700738751750298,5.113174039640613,-0.23153024921478849,1.2596695355079024,2.040997082557914,1.8380913951242448,-1.0895544083224695
61,SAM2070b416069c,0.452012246109901,4.742926801899671,7.813722924879592,0.9634835473014071,5.2028301780337545,4.989283445407383,5.754518489165728,4.558143932851106,3.3280202855423977,4.025866680118654,5.459315147609287,6.077009448301538,4.53329818294986,4.884196993345303,4.2530084160442,4.649675760338431,4.538497925751862,4.28510815437403,2.6192841628257826,3.8908865898614655,1.5225268279564192,1.2606425293988528,1.1449793540493889,-0.42855088007645864,1.9231931823985349,6.917283187257543,0.5641409976300914,1.1189506377424958,0.9634835473014071,0.9634835473014071,4.471450993672105,1.0392231905205016,-1.260899813057102,2.8073596352132966,2.1134794020418974,4.031914209487319,3.7087697745862647,5.892692519514306,3.940133050331525,4.4995236856582554,2.403400795552598,2.637037293943563,-1.260899813057102,0.9660871975136047,3.446937522807931,5.606531844078859,4.23116560195733,4.448502209124106,6.5047057868370155,2.0745935798340542,0.06541065101070825,1.3899284768188283,1.1189506377424958,5.383352143374532,0.1244983201204719,2.494862759287724,1.3899284768188283,3.856080557672746,-1.271602427035683
62,SAM0ce9c983b20f,2.0678124891326455,4.766064278615735,8.466016578069558,2.4176065921660195,5.210496439309253,6.289783299237891,6.390949624624117,5.254024359622209,4.738163092514833,5.218585197528264,5.2096406991679665,4.03690881289861,4.874982155682164,5.014926996434461,4.481920591646929,4.671916009358833,4.830472508938697,4.304593836552108,4.130687495060505,5.002964583415085,3.0480531356836025,2.9202472832528503,2.6958197887793176,1.4779681607894684,2.934646144758057,6.4032747135399335,1.8859263805084943,2.727769719006451,2.4176065921660195,2.4176065921660195,5.152200019349128,2.3816595633436917,1.6136389865240917,3.8016833697230537,3.6155761987091255,4.1525049214212775,4.80519300400484,7.978623256005161,5.529912848040615,5.230078606704128,3.231477344197208,4.183922448270242,1.6136389865240917,2.661622873739076,4.992715110474182,4.966459567472027,4.402093292900866,4.703108027727206,7.312149531933815,3.488291728234722,1.185417015811517,2.814035623423573,2.727769719006451,5.883227787968505,2.0499509601088053,3.748026248725728,2.814035623423573,4.707162819372758,-0.8722770883545801
63,SAMa1e62d323e1d,1.9908673458611317,4.8768553801841605,8.469690963827182,1.9363820926809054,6.052296899388972,6.327269629703185,6.7310703360268604,5.628621676845856,4.601243717706919,4.245414150530841,4.542027083651053,5.833013916727808,4.968541563333192,5.283213202389919,4.692318583507022,4.813457925154771,5.205206474994508,4.402825590731826,3.9805741305021813,5.5647761945235334,2.927369357447155,2.2185274952650706,2.3139525926547253,1.5742496091922558,2.377884693719946,5.977029231694032,1.4565251004803614,2.4684313640405207,1.9363820926809054,1.9363820926809054,5.123942574044255,2.0846699155772503,0.3958364839668858,3.5583019472781827,3.606954046473953,3.8967915990282878,4.773738193366249,8.598327199624416,5.165099820369971,5.4311902002918435,3.2800688030416487,3.4970054290663435,0.3958364839668858,2.591389792835616,3.9367297392845084,5.082426650372978,4.565873569126437,4.944894465302227,6.978004857230398,3.3950420237657872,1.1083222588892632,2.821481725073222,2.4684313640405207,5.262420964607162,1.5101047650003256,3.352478625091255,2.821481725073222,5.032440866010581,-1.584202064021352
64,SAM61baf919bb01,2.932576104091785,4.667918202924326,8.67925212002846,2.237682410901466,5.562154249184311,6.553229617330528,6.492819386307538,4.8491597865333205,5.0466732884908305,4.453938405018192,5.01059857142522,6.100299787544486,4.626890678412341,4.963539495053696,4.305572231023431,4.64875972973295,4.673216012692545,4.347920247754378,4.553304232606826,4.604898329507454,3.4274907833678756,2.2244427651662813,3.0402859108296116,3.461900595627211,3.2125121171988513,7.424450591242526,2.312545989016937,2.995323548239631,2.237682410901466,2.237682410901466,5.156404500263561,2.2986147095678047,1.5875824723721774,4.042348037217847,4.366361423101528,3.819060403302754,4.664424073398996,7.231650285111201,5.905260043985674,6.029496057459843,5.187358679766729,4.9436382710820075,1.5875824723721774,2.8935938331565483,4.636368171143293,5.299463797366577,4.499104569514773,4.672519233249535,7.894491871341496,2.385834184306848,1.3651901364476162,3.2031859275268695,2.995323548239631,5.4585769506469415,1.8964081785130724,3.831052280313893,3.2031859275268695,6.344077154861931,-0.05159409690062766
65,SAM97a00e0929fb,2.0855280018678495,5.026523766660227,7.696701318070133,1.2507021571502803,5.7408569070138125,5.0057225214919825,6.461720664039738,5.634828454681852,2.616242929342563,3.9535817094395553,5.268860386103086,2.6380500866549066,5.011076743532746,5.466074108888589,5.038244186613823,4.978329528510734,5.153791066680415,4.3590772318680235,3.6061731824057492,2.819147917304502,3.2119190866720486,1.4916443682830614,2.2481172144422104,1.4299958325752513,1.952941060725226,6.57044612860241,1.3120925194097264,2.778537806811928,1.2507021571502803,1.2507021571502803,4.343828013390043,1.2727695772544447,0.9270081895860489,3.0966404920142,3.570466535894315,4.711759568370456,4.607869391416774,6.491488351227666,4.919705993686235,5.010683534792102,3.443751838699163,2.988555474009255,0.9270081895860489,2.3397879980884246,2.2037617591567553,4.836382571986898,4.491589822967634,4.794809345446705,5.47271729511311,2.144580442946124,0.7686267956542014,1.646198016051347,2.778537806811928,5.56123589373945,1.2088703313248659,3.104731921309883,1.646198016051347,4.465049240156849,0.787025265101247
66,SAM2f228939632f,1.7618059465444402,4.631708910117436,8.894477275693891,1.6561075397974643,5.302785291565968,6.5811029089271775,6.444952219753839,6.395510195659931,5.02641440255708,6.094421096635853,5.182791032145179,1.861178963161889,4.788734917074689,4.95283689659479,4.3386545806645,4.5430674190959,4.836841669451908,4.096795002647909,4.077098037783724,4.835240524864142,2.4242260104442517,1.942904942636759,2.8682483807590287,1.8918666055721731,2.3419961870061834,6.662367142306771,1.0643774263593768,2.034440193163183,1.6561075397974643,1.6561075397974643,4.921004062786652,1.6161641653563281,-0.3051144215918297,3.5792353295353267,3.4422386627474517,4.093218014289985,4.294190485534335,8.489242305634948,5.145188101764942,5.295450672387502,4.578765249468025,4.4610825909514125,-0.3051144215918297,1.678606139983183,4.716441517604903,4.666436088789609,4.509776205935671,4.7987593331887295,7.385126558604238,2.2655286060561983,0.44448408228296227,1.8461148165650458,2.034440193163183,5.93091145879973,0.8384073698709082,2.8706388390022384,1.8461148165650458,6.487732114052626,-0.7581424870804181
67,SAM9539a4f19ebc,-1.512700073854634,4.8639552562483015,7.223545556701481,-0.7959397802263413,5.4900358900987065,5.686429782201529,4.689243513383627,5.042385058848518,3.698291437117786,3.706564958808034,5.942395180031534,6.348428116239259,4.94080049194483,4.99343249109376,4.426209305163131,4.802568897521327,4.7351603158205,4.345413174741164,1.2846178042052567,3.5351679418609194,-0.7401590419111842,-0.5037120164280326,-0.14217791239201447,-1.7336189344189021,1.585174373856823,7.847509275757024,-1.9210052218452953,-1.0440122876420328,-0.7959397802263413,-0.7959397802263413,3.6771607121094334,-0.5540641796709261,-2.8298629558480606,2.33185874687481,0.7071327107001125,4.7053959554155185,2.925822356391096,6.674699013265399,3.018914964678514,4.218594488657502,1.8409347137177592,2.7552630624913723,-2.8298629558480606,-0.7477833999825861,4.08612270408882,5.430123766343951,4.357282446194176,4.524159057306667,7.367819184804778,0.1322844216725468,-2.4353112386461735,1.3029253245754202,-1.0440122876420328,5.752444892559324,-1.9169519035141422,1.0580459721465867,1.3029253245754202,3.054403145682914,-2.2505501376556625
68,SAM36851bc8b9ae,1.1523110796830902,4.826217592375984,7.88653191400599,0.937008011809506,5.49957681012647,5.476075684511303,6.35221040422954,4.802995724481195,3.287208898938566,4.10687353202312,4.4877432085188005,5.865102147559082,4.666214720502048,4.912046225644912,4.400043891366401,4.72868047010459,4.646471034429282,4.532766540709267,2.6572022533351607,3.5808399166378306,2.5790586725347255,1.3209412086270764,1.434974265617557,-0.0340785637232468,2.1565045453606353,6.850929594724016,0.4715082299152233,2.050508622652563,0.937008011809506,0.937008011809506,4.4403012816287655,0.9381939331220693,-0.012766230307442802,2.982688535075238,2.5309495269575684,3.694572375567959,4.211694048124123,6.6826940430379835,4.711155141657665,4.708786789077475,2.444130845488995,2.967602312258576,-0.012766230307442802,1.85196506181028,3.569247678884062,5.453889266298883,4.310464939903752,4.875130061722045,7.082342774781602,2.3177876527985615,0.27170140018842376,1.427295544302045,2.050508622652563,5.4340910056407745,0.6512142298956267,2.735325992661316,1.427295544302045,3.824066718654047,-0.9236376633026699
69,SAM297c0301e861,2.127755497582214,4.849557130470648,8.646721406866495,2.5947156714763877,6.3537491391102545,7.154488156071392,5.531345129543819,5.37280818925728,5.508293910255576,6.015999648916669,5.035335812869228,0.8790165945666438,5.043663796394457,5.175639844913317,4.428874616977425,4.775077283777375,4.835376327399256,4.064191810883649,4.122775153874375,4.984332488616659,2.884433508265247,2.936418319918454,3.2829921117289764,2.1783030971744286,3.3674076810369566,6.4769320061543745,0.8327930846846714,2.427146032352553,2.5947156714763877,2.5947156714763877,5.693814573935717,2.997082065490736,0.9450606223893652,3.940362291849526,4.098435159654431,4.431572505524022,4.875557061469525,9.59144804948392,5.539039880733338,5.09424885498774,4.104255772112131,4.946575670670491,0.9450606223893652,2.2595798138161465,5.962013406768265,5.419465594936333,4.41569271699089,4.633385150743847,7.8036967982073735,2.239062946688838,0.4910513749910233,2.552281787597554,2.427146032352553,5.842470029957338,1.4234482987682244,3.7245229738932246,2.552281787597554,6.112466243464655,-0.861557334742284
70,SAM1fa6bcb7fc48,2.134174115915715,4.954081209091488,9.292305917230207,1.3832943370045216,5.490745838468774,5.292029206921807,6.091643359163336,4.411081988514493,3.1854920246386036,3.823478262326953,4.861832777614817,6.551479353239006,4.858083269841402,5.159960159127898,4.62803801212302,4.830715382311916,4.883333879350566,4.482473993024108,4.5242437560597795,3.6032314467411473,2.470959012458219,1.7394739294193466,3.037123316850644,2.9258592158169052,2.3150730683420724,7.257194593786587,1.009926049234696,2.183970023785595,1.3832943370045216,1.3832943370045216,4.984472169965463,1.396674221070204,1.1299419410438853,3.2444739263466973,4.185258910668635,4.501882382636097,4.521541644050778,6.373566648232509,5.986796169093694,5.528422691481893,4.640289174129854,3.8311557845334727,1.1299419410438853,2.168726700493367,3.2670408551376444,5.616542589109075,4.420515800831504,4.689994988906384,7.05744133189134,2.5266439921097263,0.4668305534304856,2.7878972778159024,2.183970023785595,5.063754059634365,1.1739154569711263,2.528972904837071,2.7878972778159024,5.417572635212629,0.9210123093186322
71,SAM075e037d95bc,-0.34721474170405986,4.8851195871639845,7.626496363932836,-1.483569475849982,6.229589816301481,4.651638333209422,6.220489380287148,4.126758618349605,2.029339472207726,2.2626047047380173,5.0243424086880895,7.51780939378234,4.775877754966475,4.919167615116359,4.417442312182063,4.839542490136521,4.557395393897699,4.285547746283166,1.9385421020271085,2.00459319626865,1.1339685788580889,-0.8577916600930179,0.32335449504344443,-0.49609460266120803,0.5374251461090186,7.436916982919773,-1.646951399540471,0.8892319330047469,-1.483569475849982,-1.483569475849982,3.381206055160277,-1.3885109657338126,-0.741025043743667,1.3844691649285137,1.8826895926065679,3.325235956335595,2.673111244840837,4.786273156799918,4.101464333571314,4.192087577439611,2.4203423255341368,2.936432135673799,-0.741025043743667,-0.45837871465225,2.9816176575957365,5.160263348213585,4.276510020064127,4.5563666853330105,6.791538762525119,-0.6365940236789253,-3.58722660185917,1.9321542805358594,0.8892319330047469,5.040235141091478,-1.7188047713776462,0.32710241495017556,1.9321542805358594,3.054554934246607,-0.06605109424154154
72,SAM6d2ae0c39b96,0.8769280376786841,4.780167674956187,8.24226663825642,0.19592116885882294,5.122459394940391,4.761086176211191,6.340160315340854,4.710081332648423,2.8679188043986765,3.4047714684273114,5.463149111941841,6.9765355092003665,4.673870949133603,5.12744207798399,4.447151980501697,4.772084638229443,4.835593232263966,4.587153426341356,2.6377206108129623,3.200671855028633,1.6443102279366537,0.5763425208151934,1.4701249100644846,0.6907046880613766,1.6313036640912566,7.184748399746298,0.3987981310705634,1.3662601162338979,0.19592116885882294,0.19592116885882294,3.954456910963874,0.06584672980393665,-0.326723664231043,2.573308849145632,2.61975688869455,4.13838527066826,3.704602500759692,5.743629817946096,4.627674079207361,4.910930977932629,2.66126854868549,2.953364154779368,-0.326723664231043,0.8914251338323156,3.6545513356643227,5.7946289891901905,4.47259165120992,4.688559664429548,6.641031060362877,1.5789223116917315,-0.6607749912203638,2.2358692612620996,1.3662601162338979,5.5268838972241205,-0.05986026660183352,2.1202838188164503,2.2358692612620996,3.882803146837442,-0.5629512442156708
73,SAMcabb6d58ff55,2.6184901186745315,4.806739178118831,8.92968571881123,2.8522702532990136,5.394508823060809,5.9798338492676235,6.868814230324892,5.579980381530591,4.965236056503174,4.210176771993762,5.755831224379463,1.8206060958188954,5.002535382712412,5.205930012020023,4.686391002114975,4.821574612401978,5.11307596482501,4.414038857994735,4.4171892088732925,2.0511473470800725,3.0155908157336193,2.993548989612955,3.104400812935292,3.114066222513607,4.7648432968488095,6.948237289733096,1.7772315429075873,2.612157782357577,2.8522702532990136,2.8522702532990136,5.772259791113072,3.4201154839927073,1.5333655654335272,4.26589590184186,4.406714312320449,3.8866314802119684,4.522892179122287,6.4670081590372055,5.97495595120233,5.742702100217118,5.059384452112798,4.9180458817345185,1.5333655654335272,2.789440966856274,5.367234419790795,4.781133468088289,4.705702806603515,4.879257344725561,7.825554440071883,2.9435646419845827,1.3393546465332433,3.218165428662889,2.612157782357577,6.190832012925692,1.8067423007897485,3.1847624438631486,3.218165428662889,6.018085541989727,2.36604186179322
74,SAM716f54e468f4,2.1137396182856647,4.826688971447773,8.601811505799418,1.7336461108633787,6.033563843886021,6.241223108546196,6.004360159578924,4.759772189135393,4.562594712187193,4.293271267257442,4.720577732845102,4.691217643882754,4.907256168127491,4.968047642116551,4.462583826980793,4.6374920270689,4.711479928920781,4.105403928667131,3.693278536427711,4.939123922572789,2.8755918376189293,1.8342593915910306,1.9096274684019496,1.8904915104506468,2.3248933637710105,5.863745412915239,1.463331440068252,2.4383295160880536,1.7336461108633787,1.7336461108633787,5.1470802579143875,1.9500865363981834,0.3276921216013921,3.2753887367921117,3.4905353328204547,4.138397400674304,4.783016822405999,7.682783293037116,5.2846159909086765,4.942823730065507,3.8077968223280396,3.7676728267574173,0.3276921216013921,2.288861685082492,4.276494564749758,5.423075250238725,4.255124903332334,4.546969262646024,6.838479301693515,2.8630251583645894,0.5136909106303896,2.7125572986905033,2.4383295160880536,5.337546997206539,1.1120194916529136,3.718519918254202,2.7125572986905033,5.747689727943585,-1.2458453861450782
75,SAMeff2ce356ccb,-0.6539591806067893,5.046737997655519,8.247612512461858,-0.34541136937692896,5.653971948529238,5.122641603232753,7.013865369630468,3.8692999777767625,2.7238158004752155,2.824610896313008,5.682038076332674,7.192343117803716,4.978785032686251,5.284768573381626,4.787655160573843,4.863950945699343,4.976600575059221,4.399756753591784,2.092736315209486,3.6867156036763586,-0.5590992321564972,0.01947551512050043,-0.18426831647746744,-0.20004813728596282,1.3713016095389952,7.55697666096161,-1.1860023350760558,-0.8919470716827265,-0.34541136937692896,-0.34541136937692896,3.8908418740889905,-0.2308864728561447,-1.7420127658695528,2.4775638867421703,1.7595490948044483,4.789125679005869,2.9247307337214945,6.044214815756533,4.337522809177282,4.477719680798747,2.0261099915954706,3.0401190094918897,-1.7420127658695528,0.2768607120551742,3.852726631079646,4.881920382587328,4.524171638178824,4.826285599278107,7.131153471924304,1.1387543553241206,-1.7932303760909338,2.0511402167261394,-0.8919470716827265,5.603869598421362,-1.134709599160919,1.3100992130285662,2.0511402167261394,2.7269156060431086,-1.5939792884668726
76,SAM110501d0eedb,1.2134319876169677,4.773181329250126,8.418594163833346,1.1727448704221022,5.543975950231873,4.970619639043153,5.169628857414395,5.635270415270598,3.1991126818283733,3.6768609785487953,2.4513029160494977,5.463482776509199,4.681909679992803,5.040886671590202,4.400248931020725,4.774257267170484,4.907048688390149,4.417446449636551,3.398783255669626,3.8472040284849465,1.6155495099655104,1.4842666684686008,1.7501862835849702,1.449576081100611,1.3739445137108677,5.943901760668919,0.7365434916604795,1.3113138180110326,1.1727448704221022,1.1727448704221022,4.310864299617121,1.134623132067299,-0.26336169480853694,2.5152523863190828,3.030492235933702,4.0847023146669645,3.522608442952653,6.839729670068642,4.81233177249127,4.773462578862333,3.7229690685723402,2.6636717542045676,-0.26336169480853694,1.5642248232785518,2.276156077016649,4.798381151182029,4.350267297372622,4.616552217065132,6.185236510966729,2.2321068591177267,0.07214747793794131,1.8671851994200104,1.3113138180110326,4.681376757674498,0.5458794576107896,2.5334434934976966,1.8671851994200104,4.786718397839878,-0.44842077281532067
77,SAM2e9ac0b1b250,2.777601557069819,5.149387013268183,8.907486501504682,2.7549918682450283,4.947609409307016,5.127145211854467,6.715586300952488,4.502976007510345,4.166709037015103,3.643179982238505,4.6123231683562835,2.8215756201008304,4.93627950724367,5.648932757157467,4.924105524037998,5.140979722794195,5.5784954426925735,4.750893611247733,4.191430111354345,1.6631306894669602,3.3798932612794403,3.0081241286385216,3.70979330889994,2.9645163526531992,4.255884717019961,7.358196357091079,1.5903789922679779,3.116336348916763,2.7549918682450283,2.7549918682450283,5.4729799832209265,2.8177855373633607,1.8751310020810346,4.515705065003528,4.29097508938385,4.864283945345587,4.494226225793735,5.873703815346918,5.9808494500895675,5.244058718078609,4.026749924050912,3.735386382122416,1.8751310020810346,2.7590855393401887,3.745890181671575,5.27703371475073,4.9309666983521465,5.413830027251386,6.77059720510654,2.2905495147629007,1.960053348048073,3.074055018517427,3.116336348916763,6.520667702682891,2.1220070968962776,4.070297751189351,3.074055018517427,5.56978455490431,2.5282994218873847
78,SAMc0ef41aa6c8b,-1.5744714782400906,4.56222323186302,7.080802943521422,-0.6922172810874186,5.224139547474218,4.5204763503485665,4.618064903883383,4.986654625777744,3.1562388876718552,3.3039587912464667,5.443907329446571,6.036843907672576,4.257876928507464,4.659977368440658,4.117695564745272,4.463181114649187,4.334832978428092,4.046724422771602,1.0438488899891545,2.490819122700455,-0.4734477815480382,0.01519731934434997,-0.7177579962778547,-2.000221190897807,0.1473819717674821,6.649947945271518,-1.8587977786255594,-1.2369331022826235,-0.6922172810874186,-0.6922172810874186,2.8759654511179775,-1.6402784819128935,-2.4704130083296545,1.7763915874219491,0.643051637366449,3.5223137606662958,2.8324252829706786,4.5248550330592385,3.671619976836967,3.8089927986396495,0.6806359370194045,2.29432505128884,-2.4704130083296545,-0.6192383819840339,3.7962389400899603,5.37294836963795,4.317328484905116,4.351175568782709,6.654082810220245,0.7971533709986794,-1.4256244557583164,1.562079923035558,-1.2369331022826235,5.1775533368305595,-1.5199601079604699,0.42268528809736505,1.562079923035558,1.285253985310703,-1.4469702327113003
79,SAMd636e3461955,1.0526648764731628,4.4664228827017975,8.401991359974728,2.2599412221540507,5.566571259616159,7.240829138561515,4.369066912383028,5.590161192443566,6.397701992055919,6.4989112761932475,5.437470706221974,2.3914515981952325,4.492160441892651,4.523021254988746,3.8528261849283636,4.539185664896768,4.105854108800848,3.692350489674728,3.0476438696693515,6.021998240118828,2.7563030737921,2.525194558357643,1.296617003207383,-0.26400088421832163,2.9512287076295407,5.978985926889028,0.4973352537255527,2.5550902862298535,2.2599412221540507,2.2599412221540507,5.235420368788567,2.4858395339777646,0.7118166373869551,3.7022280579845956,2.3780866320455227,3.5388612932134516,5.059969381082533,9.218345352926857,4.936727111556698,4.685353331044243,2.2018193577999186,4.03185994179414,0.7118166373869551,1.9925534638874804,5.666064219961934,4.918916569298636,3.952692642970239,4.26813113882807,8.382966706904922,2.903345880244235,0.2024075461852383,2.4155953340366096,2.5550902862298535,6.169341870348152,1.4352093030692519,3.8630129944786122,2.4155953340366096,4.36286495819489,-2.9743543704494764
80,SAMe712352fb82a,0.45251331570449527,5.151841655990862,8.516722103764282,0.32281917589908277,5.826733389182261,4.361659359666814,6.966391892789295,4.932435854108441,2.0836790680033888,3.901713954461441,3.579855081899832,2.9007483324727654,5.216420087715632,5.432056899325546,4.85175727546287,4.9626580045914785,5.218735671226324,4.364030298026006,2.8506681012296538,1.6021439166250546,1.3224606063686513,0.6332587000129288,1.2314211729899542,0.2087557173556774,1.4687937649787137,4.997233683762687,-0.30006974526050223,0.7316342348592458,0.32281917589908277,0.32281917589908277,4.300477595316815,0.2977673148553259,-1.3488944273306738,2.7236011272336995,2.686622799150208,5.663789758102973,3.0853677355910816,5.72725907286047,4.658041858246094,4.1954939741951325,3.5298816463406744,2.679442235212408,-1.3488944273306738,0.8804884789101258,3.098568559492699,5.45187070319064,4.341187779045169,4.871322586382412,6.001097886516085,0.8200987393581753,-0.7078185918947443,0.5475525580189086,0.7316342348592458,4.517495799668288,-0.431059808010517,1.6704140053499525,0.5475525580189086,3.9631135643258957,1.2485241846045991
81,SAM30b5c6c54cf7,1.2904711550129886,5.194255006314699,8.690389984386336,1.2508035511255218,5.890525552153421,5.2603878088476135,7.531907594684471,4.159919942694704,3.68685443661404,4.29444328601493,4.907817810854866,3.500714844803758,5.12607741549717,5.704160297311893,5.120675540654993,5.158247557857842,5.548169820706747,4.792592361416308,3.7088968598378953,4.046605100199921,2.5385908397233754,1.3434133487010904,2.1359416254022245,0.7204369101793443,1.953055567527847,5.634989539825173,0.354948955099633,1.9682274072171229,1.2508035511255218,1.2508035511255218,4.827102167652866,1.128854545116066,0.40512768703849233,3.4498799993670026,3.3067310182421497,5.028576104941901,4.036914959934091,6.34938130345316,5.3487967480704715,4.571990272469602,2.219853866021953,2.637779758237045,0.40512768703849233,1.9193493735850768,2.296145560413388,5.497387219396687,5.319112562934209,5.538123609556406,6.495497559205262,1.3666999068832215,0.4370965918252907,2.9688889199730575,1.9682274072171229,5.822620627613063,0.8419561371484028,2.4723220025100336,2.9688889199730575,4.390706178966206,-0.3377082403620255
82,SAMd98bac0a070f,0.30470829312892467,4.542106719125526,8.292215157542845,0.46890097291123567,5.726908437224121,6.058089578579929,5.526882659185327,6.283097718693734,4.266892441893927,5.604513688639116,4.974705028030671,6.197572503505654,4.7305512541170245,4.768130046984318,3.9389322331430052,4.604824056005949,4.475559273272152,3.99070668682246,2.5770833619038664,4.4150060010015535,1.5106624039091001,0.8192660990397013,0.7703213377957551,-0.5558672830887454,1.813391942108064,7.130976141528181,-0.08747072726990426,1.1538319659976628,0.46890097291123567,0.46890097291123567,4.356084403013734,0.4886231172036466,-0.8124524595167041,2.7177794534700794,2.070170380194815,3.5695702660902624,4.198457814512863,7.193906916580981,4.492304815975922,4.794956265185774,2.3353338946341804,3.2180346559012585,-0.8124524595167041,0.892675445267885,4.172124549177977,5.037468689720212,4.14440418430265,4.4602629209128,7.907118456052366,2.2464058210410998,-0.7252992795446428,2.1570061066314947,1.1538319659976628,5.776797363164114,-0.08286937227987098,2.348212330715971,2.1570061066314947,3.7276802686377812,-1.837922639097687
83,SAM8e8ef2368dfa,-0.0472477616783844,4.352277489574413,8.073051826907987,0.8462693098492499,5.837725122595236,6.9257865678188635,4.130658455291422,5.597787584975322,5.0742494865133185,5.223223692185711,5.273409542249279,3.5011118326819477,4.091049683665572,4.3338843483431955,3.6777201000327944,4.436104429043104,3.888944283476375,3.8207527518283473,1.8962850425119104,4.513192163932943,1.8158321107483681,1.1345989550208382,-0.19911788221275004,-2.092161770386835,2.1306729321642517,7.091969259974675,0.43484539711503273,1.3791117109239892,0.8462693098492499,0.8462693098492499,4.435718339181964,0.8998334527499638,-1.0400175699735612,2.9272341117487057,1.0982132130426456,2.434106424519846,4.4227088483660575,7.844185816553151,4.205225451059709,4.067356454815711,1.5341106578179076,3.3367400957431923,-1.0400175699735612,0.7735422470201152,5.202222031138294,5.101825985130545,3.953730177774857,4.292712078740932,7.659711476569228,1.719406244438936,-0.7157445627346536,1.7475551555845616,1.3791117109239892,5.634581505792886,-0.03593163982976316,3.318221079224951,1.7475551555845616,2.8290992097133434,-2.6169071214210327
84,SAM08cce2fa88f2,-1.858907668006879,4.688729053292917,6.925187361719168,-0.6964541580130394,5.639697740326613,5.327447112634389,5.7034192880350645,4.424324294592276,3.011639729419844,2.63319235029919,5.563100463385789,7.081275397832795,4.568891957814391,4.766959188964318,4.2894478318914855,4.633232448872697,4.22234221229612,3.9838899311536604,0.10733123248151655,4.290021259591801,-0.6227956490112633,-0.5172750994875874,-2.506437367228073,-3.6752215892363367,1.473974254668543,7.764712986028911,-1.4204443174911143,-1.4575522931882512,-0.6964541580130394,-0.6964541580130394,3.368756648696377,-0.7306705396044886,-3.243402961394279,2.446110350782795,-0.20396455647165293,3.7336625778678236,3.111520945493322,6.889945550550599,3.4109389749865295,3.8390223054716754,-0.6013592154814013,2.085249139585495,-3.243402961394279,0.14911032885682224,3.9504699931249765,5.203265817598574,3.9779966422894852,4.3839581529692,7.554212393539058,0.7946195876608092,-1.2879867576905548,2.121818660532374,-1.4575522931882512,5.23897534072204,-1.651208647213033,1.4829171902556901,2.121818660532374,0.17326080465636196,-4.182690027110285
85,SAMb4c7a001537d,2.2871875007653353,4.969398631879192,8.784616668910102,1.1564706243150282,5.5675268670022255,5.10757955328619,6.830052296214369,5.031363594215373,2.702618696217614,2.8953496491779274,4.2001978977513215,5.501892905352978,4.9514518137992,5.382549914077904,4.800223296072457,5.032354609007693,5.177070156986592,4.4446808626760035,3.6707623240443423,2.8140382064441303,3.112316070009174,1.4222425554005533,2.615811061329597,2.0709970216764266,2.0673025203879596,6.785417253041271,0.5571758451532121,2.81213123956308,1.1564706243150282,1.1564706243150282,4.9567944622661635,1.0473934621434655,1.4000651659425873,3.587971413768023,3.9935037006944363,4.071976548820778,4.145824648749439,5.709390310585994,5.629563219119584,5.678320268111506,4.540140753722601,3.6691062011537334,1.4000651659425873,2.126848057882948,2.7355035308548263,4.740062125967171,4.544403499475883,4.792168495044753,6.752174733589816,1.6322494380876096,0.1665760539851661,2.733524775069871,2.81213123956308,5.57325237934532,1.247885301093127,3.0182247590702658,2.733524775069871,5.03539196553142,0.856724117600212
86,SAMfd947610629d,-0.19830658744334995,4.55937622416752,7.49710180950332,0.1535917302324619,5.390256727694226,7.120645020938969,5.692076408329839,6.7269716934926524,5.565240293248752,6.133138561010824,4.654960397919843,5.591691103605579,4.513213141323809,4.641651640665065,4.075731308743239,4.481074839854666,4.297427502517325,4.1398529765849315,2.0061940644213525,5.948443359380211,1.2608752895643462,0.5892520874400258,0.09647875567340886,-1.3074114789686102,1.317395816354057,7.4776015162633565,-0.2003761896393399,0.8589498908940777,0.1535917302324619,0.1535917302324619,3.909588557295433,0.11565736124687637,-1.2886979410554986,2.3924646187788827,1.4028075579622143,3.2762680041883234,4.352102419486593,9.354188119651992,3.8160624983488893,4.337254719125327,1.7915605899911526,3.2924322509862995,-1.2886979410554986,0.48429996582104995,4.806164316852914,5.0435001064225276,4.188490336356954,4.409648013808119,7.896259770306936,1.4974504096255166,-1.4516398236346137,1.8838931618137653,0.8589498908940777,5.303463652367853,-0.6133617912823583,2.536071596601484,1.8838931618137653,3.44033798035055,-3.9422492949588586
87,SAM943df5cf15df,0.6839796287743561,4.756024111766475,8.89490673096716,1.040288916357079,5.544212580485065,6.227920339780372,6.411597942348084,5.026272869078012,5.656236865731337,4.803713458197245,5.202854900874444,5.689601507570319,4.937037948373434,5.104085377410587,4.446540392957994,4.8194260454306255,4.875679050274599,4.191098908440231,2.494448413276131,4.376677111639918,2.5779000620874837,1.4234662410523355,1.8251131166973138,-0.465931961030817,2.15112584639261,6.876861333865168,0.3299220644652964,3.0476899968614255,1.040288916357079,1.040288916357079,4.868520751440415,1.0906075452258606,0.053042112267782805,3.096893869554119,2.335053539563805,4.5830455687476395,4.128009540823298,7.128964075544137,4.63777813885361,4.647850443369347,2.264558216210375,3.4737960958594067,0.053042112267782805,0.5049422414247073,4.777201730508453,5.250263207044043,4.324642418214748,4.612656780632352,7.838949240276327,1.859738299043203,-0.9876836052552437,2.4443249890521694,3.0476899968614255,5.454080510151198,0.2966588644024908,2.326405647366465,2.4443249890521694,4.115644286385767,-1.8822286983637868
88,SAM31f41dd0d6ca,1.595798196156265,4.713391795067133,8.41483351686825,1.4839973423717114,5.5306143532119085,6.00752137154695,5.994778890286704,5.01460932231945,4.556367933211273,4.703391667151539,5.136307010564984,5.758751810324564,4.722849544794725,4.960645644258919,4.353758799209428,4.63346949336457,4.719830840740452,4.301072270231317,3.6363969670292766,3.825202757341491,2.8097958171370614,1.5339951743526268,2.1207737287151716,0.711956011638487,2.5091417987291997,7.599793206810413,1.7056329982029546,2.5387897769342946,1.4839973423717114,1.4839973423717114,4.865354556416826,1.5731605526568577,0.40232613155506075,3.277977421928239,3.1550997063306707,4.186486915359991,4.29655733455591,6.518084997686582,4.911641807199087,5.1753751903479275,3.5248866291645737,3.9992792227487195,0.40232613155506075,1.723948008162917,4.739861678502557,5.392137408369056,4.349090021602949,4.569818036230378,7.686161848216403,2.2608553416689183,0.49833901641459527,2.057888225797362,2.5387897769342946,5.392969284828888,0.9563481442932982,3.483984732652343,2.057888225797362,4.6614709119883795,-0.18880579031221423
89,SAMb3c02294aba7,-1.2919543622675285,5.250020838057852,9.125511578187053,-0.6145081819971236,5.55054334699942,5.423419710841443,7.773803684340537,5.3464112994058155,2.7985834327319634,2.9631036353654316,4.435106220503469,1.9298771598560842,5.388503980122343,5.637612147874725,5.178732369436093,4.978653848992035,5.705891464803199,4.6942601803492225,1.313704739632804,2.7539882985272763,0.00419810903068496,-0.28154965445197366,-0.1405905044391579,-1.8786478092829844,1.0181427834037857,7.175936946331273,-1.7886303480254742,-0.3254606352112388,-0.6145081819971236,-0.6145081819971236,3.6596222033688863,-0.5649850381046885,-1.3450918648957615,2.1409940018271074,1.4346999999172394,5.600438845009231,3.312605981043058,6.46794233983842,4.7306450339807204,4.040991355735094,0.9443399843203318,2.519426604650858,-1.3450918648957615,-0.10300806757833296,3.028917167377696,4.92530257484368,4.756591842588029,4.960203096387612,6.506193069125918,0.35305597428681806,-2.2327468691365713,1.711595248412906,-0.3254606352112388,5.161002147224574,-1.2368938356201522,0.811939647158531,1.711595248412906,1.9130923510872548,-1.4402835588944722
90,SAM39eb94fa504d,2.1731118059585004,4.844234664611563,9.210890001127451,1.6173972652940207,5.712189232843014,5.774800352755709,6.182596285609204,3.763037838221048,3.9284045043099622,4.3257953599913535,5.352404429559049,5.525040392248331,5.057090961212271,5.320553827524937,4.465290583692583,4.828821810954797,5.185274352766618,4.346554047524524,4.10437256454579,3.4900617988909017,2.70840797551559,1.784290571139282,2.549039943108852,2.1129979826883925,2.5521455205147947,6.833621642513645,1.4247057877281228,2.3403362511279178,1.6173972652940207,1.6173972652940207,4.803106146806846,1.5527518131556497,0.4432822829435572,3.6853529737668254,3.6781755230052684,4.4985140510830774,4.031019193391387,7.252390177374444,5.6338550536583885,5.032551656962856,3.893607200130081,3.7831814433399042,0.4432822829435572,2.0294974099106127,4.044798352444527,5.2663301459350755,4.416979535853399,4.877776213317222,7.553817227620495,1.9778331326598864,0.8079601393774684,2.4636425766207153,2.3403362511279178,6.036197318642787,1.152247453915882,3.460245518828541,2.4636425766207153,5.886201117561536,0.6143107656548885
91,SAM62fb1388c871,0.23971883563458452,5.061135484696465,7.459172105287251,0.9815838756348162,5.765528400434384,5.619540740709202,7.512673131328821,5.617735147709704,3.941315140894009,4.66079277682006,5.218947700776132,3.4855445185724805,5.161295392395384,5.393830663693686,4.970342848096107,4.918845222053605,5.481215060100998,4.481740177871391,2.4763863482608715,3.0998060200112456,1.2922776553905932,1.3749197627912155,0.8926298344209077,-0.37146302731448183,1.498954063449542,7.299325070939017,-0.3334489183911626,1.028269864887364,0.9815838756348162,0.9815838756348162,4.41454206236641,1.0993257249728425,-0.699470743131226,2.5363964129553254,2.1980215910721363,4.922336045987079,3.797897149338332,6.673364708113174,3.8772494065767846,4.613123035298095,3.2994894019936347,3.2821372654611727,-0.699470743131226,1.1823826911078554,3.276988574502134,4.888304627343206,4.509712342131201,4.834990438486103,6.3864055149110115,2.141220236448659,-0.6383926956560123,1.8038111258080065,1.028269864887364,4.783780112686539,0.2118683420752777,2.1334814324732743,1.8038111258080065,3.877071740071914,-0.6234196717503742
92,SAMc0da5d48686d,-1.1610714822618373,5.221202611024084,8.204754175565014,0.10089435960324364,6.456154623774902,6.592885672294159,5.828985155464922,5.102417098804942,3.6866499721172015,3.436729024563595,4.230367025155519,3.696849333443344,5.446347955180047,5.83239067261642,5.181514374444919,5.316846723399986,5.7987957340500165,4.805216977572493,1.5882233528686784,3.0472539487428763,-0.6302011089371578,0.271866357947843,-0.07914482171795711,-1.1954494301466647,2.685494077734768,6.438075397687878,-2.27494156219782,-0.9462059768459433,0.10089435960324364,0.10089435960324364,4.936821746365714,0.5080858870330686,-1.4985767390049407,2.595048865682208,1.3006911023242753,4.905088045631031,2.824191096368267,7.8698353882965035,4.350131377915635,4.074134955075676,1.9183474101734708,3.040541399149305,-1.4985767390049407,-0.7087768097485585,4.480072570892889,4.433523191127729,5.225776768860863,5.535041030792499,7.499177865982792,-0.4854477224217235,-2.6258663495125276,2.4086721223308087,-0.9462059768459433,5.976041933847176,-1.6470175014851274,0.9857446219737526,2.4086721223308087,2.12917154021036,-1.4590305958741978
93,SAMe7bcab05402e,-0.2610963029378034,4.577540322376052,7.663710977574193,0.9191431787451739,5.391875404679894,6.929478905835516,3.8883657203764157,5.222834553868057,5.652693679752629,4.4971234392562165,4.897549085173334,4.627247429313792,4.387664261796504,4.657220069885227,3.9628660711500676,4.6163193231300985,4.30060068434232,3.9555501243303555,1.8828483391254087,6.058085325941916,1.4958651802000111,1.0233427775363095,-0.08495685457870635,-2.1026928209657196,1.6771234845988046,6.752140533372631,0.06662478791228739,1.3490578946880885,0.9191431787451739,0.9191431787451739,4.30864744311994,1.0598573293660456,-0.5566057367802247,3.0127557921910637,1.0735250318851228,3.255913105815235,4.1085945715926595,8.688126306055802,4.08816025271639,4.157307480178757,0.6927383907512771,3.2121414702830386,-0.5566057367802247,1.1610650409570975,5.179924117960201,5.174427080706703,3.8717378582482325,4.134827196980565,7.942391818928358,2.1921205911298167,-0.7178175326125764,2.2668142744659723,1.3490578946880885,5.527025227678551,0.29884419991291755,3.0065323787575537,2.2668142744659723,2.199566472586102,-4.175236986816508
94,SAM2570ff4aae6e,3.0283188359381974,4.610318171514341,9.702484373142545,1.9841441093868042,5.5828571364992525,6.2112569852053126,6.205709224654736,5.562136526665219,4.95814538849438,4.603662808795135,5.153768953911437,5.386242637567478,4.769701992284943,4.845832251403799,4.15737079071342,4.650071873297995,4.524886791567152,4.043505282115889,4.799946532950601,3.745085522408457,4.042265969541848,2.4188547838324395,3.58075256772784,2.883680258119506,2.247247129883155,7.644796784933486,1.8055061583547005,3.6401135325298974,1.9841441093868042,1.9841441093868042,5.502274456609624,1.844528595267807,1.8822225571031836,3.5625237005175743,4.547005407478459,4.267130646876494,5.395254748916479,6.72735644073611,6.516857038745298,6.095510401088633,4.871261534900184,4.738396682534276,1.8822225571031836,2.435884081552326,4.19843172843576,5.265059457957079,4.34450551364622,4.562165230122093,7.863411879731184,2.8099619567379945,0.5200498331461522,3.660232208385922,3.6401135325298974,5.1560698626925054,1.7624030389316698,3.873569406775044,3.660232208385922,6.357498877754275,1.0548610105421443
95,SAM2dc3f04e45e9,3.520585363153311,5.133688648864541,9.62478513855053,2.7856109008672023,5.003845491952399,5.0721970853235145,5.524960357739076,5.4212907318187895,3.2288282064661327,4.603157436831286,4.541610891036108,1.2088881437011703,4.908839184746993,5.468980209662927,4.960191250753984,4.826471608440349,5.391079331662996,4.370462349137033,5.2580145501046465,2.0372198205596654,3.741201389832924,3.021368445428643,4.390741974863869,4.5246301249281595,3.318662948410727,6.376501104951008,1.3568302503891552,3.267378320741622,2.7856109008672023,2.7856109008672023,5.719226170018623,2.7247045031588017,1.954014268749314,4.191363041403361,5.26244846082833,4.636020673982745,5.139292199490547,5.300705837587348,6.706353690118097,5.971515564630861,5.301649827141324,4.56056526478094,1.954014268749314,2.9263959445155256,4.23689066341863,5.575564754603032,4.6260781649229505,4.918186541985688,6.074118727268186,2.7604803450028714,1.6349162424021708,2.4687978273258593,3.267378320741622,5.685060797824505,2.1809436394359225,3.526309091820876,2.4687978273258593,7.49939482476223,3.220794729544981
96,SAM9448d858692c,3.38599850784815,4.716754288650358,9.132801766997668,2.3155657839294017,5.535313057543433,5.9856135088882985,5.060933450457691,5.6256020553232196,4.335623820332476,5.786305650189486,3.678056827174511,3.2228234499660195,4.86100920788471,5.000584652837706,4.402521135140352,4.599605320898193,4.623121096898122,3.8077764966884025,5.006932107356167,4.496080410266628,3.754883308608246,2.7454108241160644,3.756177179983052,4.036196875693156,2.200157539662739,5.836047375518759,1.987019006748117,3.3866810369747817,2.3155657839294017,2.3155657839294017,5.40271693893313,2.5587104455908585,2.373690626470504,3.39708451291859,5.00041541574511,4.765064724737616,5.506507469814316,8.377418886730105,6.5484361169121,5.5062309166379135,4.749737830891194,4.670900888474272,2.373690626470504,3.0348036259158797,4.346308332590097,5.242475271185475,3.904363219091372,4.318780617540321,6.553955880843705,3.529342882585073,0.5925738307796266,3.7721279873974107,3.3866810369747817,5.232290194023089,2.095082894842687,3.974089835273776,3.7721279873974107,6.658770208469103,0.5108516970895387
97,SAM4501e41e4751,1.5031093946501175,4.715301405325753,8.593074627193852,1.8417027759311577,5.124185383123869,5.920713103454927,5.7633614826436865,4.596019367760329,4.331867030418183,4.59999243371798,5.2898866472174815,4.080584775549455,4.8105359191611905,4.914634718557875,4.201592731259111,4.698376227938869,4.610272484640562,4.169210519374041,3.5813451938488887,3.703434810303606,2.4621961907008227,2.085013643964713,1.875953307490052,0.8544731649221373,2.6020971605573275,6.25383886466718,1.4871039478246129,1.8056706852186146,1.8417027759311577,1.8417027759311577,4.9963587464463854,1.617964332433836,-0.19109818271343748,4.027660897294981,3.023695726937935,3.9531777511320607,4.754890151050631,6.812268678269653,5.251196595814184,4.908392148132952,2.6369608939203038,3.6857052601639873,-0.19109818271343748,2.2470894287945233,4.627634113161474,5.552028218925829,4.136303649535665,4.613805195917388,7.396616023425945,2.485628970974146,1.0772916313159062,2.081160271679298,1.8056706852186146,5.889307200370791,1.1398110530006242,3.4957627033570673,2.081160271679298,5.001268898349008,-0.12208961645471739
98,SAM714285adf612,5.183460233399886,4.9281995256169795,9.948272809658349,4.337386748646076,5.46794020243774,5.311396046189667,5.984579102715044,4.615415563341609,4.382054207003011,4.505467627148167,5.25733873172815,-0.13804500390943977,4.906154292344089,5.205683926098185,4.523964596918243,4.95459806145043,4.8322079390478585,4.233003931626394,6.360132280648587,1.4693677796433389,5.956375185967535,4.603299119028646,5.402029990304871,5.409253343770491,4.471594697769075,5.0895691429990935,3.4499584140569652,5.168981974875195,4.337386748646076,4.337386748646076,6.700723248023657,4.20844766556224,3.8268776298786045,5.597434349218405,6.336363377266021,4.480410046658902,6.61764203869493,5.053392896752767,7.949193911945888,6.209011174021057,5.856388500232712,5.460468710814137,3.8268776298786045,4.8103316153948565,5.260639730874854,5.611789331659032,4.6307144038172785,4.743427787372552,8.103667764144902,3.8640191999867,3.4619412798038387,4.383829381149591,5.168981974875195,6.50742177618889,3.971628633296349,5.223785008087018,4.383829381149591,7.877941321524971,4.890764501005249
99,SAM5b57e47fdcb3,1.4498217410580918,5.011609631573993,7.550446878516301,0.7831300645451089,5.561587600634356,5.189860063408681,5.738979194767724,4.484831194942525,3.8358344282445307,3.749426253350267,5.233212382853553,5.6168709145979,4.785354736292344,5.287120787531924,4.703206237603022,4.64940782743345,4.966963779622943,4.526313788296347,3.061074193942148,4.219659027910873,2.8465352263744195,1.029922781496266,1.4441891241208635,0.8724366357697537,1.2904772784397427,6.058116293753643,0.5917959933882722,2.4735403284393485,0.7831300645451089,0.7831300645451089,4.134349706723836,0.7593503634052772,1.2682736935580987,2.5214761181660794,3.127209706816838,4.532734039702621,4.61347267271689,6.82744445379656,5.011996115588255,4.645727226831686,1.9743727789444485,2.7961611686806176,1.2682736935580987,1.871296885107403,3.154643420793429,5.694835366263288,4.407654478232364,4.746024369878225,6.039741967472747,2.3255244299917948,-0.15137132714342125,2.557224314239339,2.4735403284393485,5.924881396280496,0.8840613437096673,2.610982889816366,2.557224314239339,3.821126878827601,-1.1585848339687246
100,SAMae4da274eded,1.1675675807985653,4.827537397517258,8.762751576872384,1.6532858267799762,5.988630715084205,5.438058592262872,6.7527510936747674,5.629687660225124,3.67162463602816,4.168864091730941,5.0812900007455815,4.6213004584127875,4.928179041308811,5.012864478779963,4.527278761382175,4.696926184625332,4.882563794810635,4.420277806621811,3.4171666602594595,3.726357530829181,2.209593292111739,1.8983673746806395,2.4832963649668796,0.34555293726237374,2.5499790289432025,6.04345576149856,1.1680155285971145,2.3432399738318184,1.6532858267799762,1.6532858267799762,4.949260340572028,1.5896363347051428,0.31267336245288185,3.4763180430420824,2.8196464386155067,4.08585439142497,3.5572908358547695,6.57186109579542,4.708898947145167,4.952306917444004,3.118626438103664,2.887315338765842,0.31267336245288185,1.4713466502185666,3.711641405135762,4.986380579223023,4.329001753805944,4.624811067672952,6.805434242148029,2.397045861337197,1.1582897181046399,1.2969964885116907,2.3432399738318184,5.466208301248916,1.2001777900731765,3.013020061408472,1.2969964885116907,4.525966885860768,-0.3091908705697217
101,SAMd35318127278,3.14691110429552,5.315698332194446,8.03752270608823,2.0493939438860216,6.26071823626174,4.143371609065368,7.553511459069327,4.644731110110447,2.2233096133792474,3.672346165075615,4.28697407013542,6.267906506980611,5.282855440257097,5.672976253712933,5.118915255082324,5.234211890678967,5.579644388383031,4.620857867999563,4.656122293835658,1.027332343941778,4.014932549142825,2.2751030536547905,3.4644726125086724,3.0136964656062677,2.6967371706088206,6.10089940553316,1.7253925604714662,3.8629983326373343,2.0493939438860216,2.0493939438860216,5.301313160526309,2.0427691717471177,2.6192570483567894,3.807551486151534,4.573364209518851,4.593453217454294,4.691958938376494,4.111879520242156,5.656059694315138,5.3943867884467,3.6294456819999734,3.1549521371394267,2.6192570483567894,3.050120243114693,2.5307730426166635,5.383047802661561,4.975464046704588,5.173635799935369,6.314594961645621,1.9991132852021538,1.411499068243921,2.779194276168917,3.8629983326373343,5.774195934173749,2.1387273273298106,3.7302155667276886,2.779194276168917,4.999948453738971,3.62878994989388
102,SAMa913c6139ec8,2.4753554399279327,4.601002186802189,8.622898460834515,2.5172349155635803,5.860643603500329,6.4327735170433655,5.9692038649079135,5.985211341904408,4.241650001442751,5.22861207102986,4.5347095738899235,1.6004007879239779,4.750400937026848,4.796059371789297,4.239321224539517,4.585969131749437,4.550792354636116,4.0782454329977424,4.315121750289867,5.323308868183681,4.243335523700009,2.874134602807053,2.820369909166773,0.7376897225914295,3.160969768099273,6.399692151608032,1.9339348383904866,3.6976318910460897,2.5172349155635803,2.5172349155635803,5.221574564653382,2.489142203754408,2.0970923735432696,3.9886227870720417,3.7291720741613603,3.690916211404881,5.528295144973283,8.170131008596826,5.7380018023024775,5.313521295778699,3.4209725724082833,3.8633522508276426,2.0970923735432696,3.034075552012552,4.332208229229042,5.01586062071931,4.150565598168096,4.368601061689391,7.762705811800001,3.544659316038748,1.7580589239837698,3.634807288120616,3.6976318910460897,6.3041632385022695,2.4743436271516215,4.361968602051402,3.634807288120616,4.471799031204238,-1.0081871178938142
103,SAM75142fcab9df,1.80613739112041,4.608623545615289,8.108878859126294,1.584751763875881,5.546226264670189,5.734789606979597,4.55558605760945,5.151439999268529,4.185621307606068,4.397521398671758,5.045265778422435,4.802304063184903,4.516232456200346,4.733918079144061,4.106410953507146,4.562902895239837,4.293079254876779,3.991683599956796,3.1316354788228975,4.048817077092009,3.2592295835161704,1.6941285597518907,1.545412642890554,0.5268519125210416,2.409374440210304,6.616404295305546,1.323690009786265,2.619880974276075,1.584751763875881,1.584751763875881,5.136490223676639,1.6824333529942823,0.057247466782493074,3.646879762799725,2.9428054621751754,3.874869481989048,5.061220261132888,6.288090417633964,5.017521906501446,5.100220573506202,2.9134756914471716,3.4589690639418076,0.057247466782493074,2.0698987028350406,4.441941996473822,5.468396404058582,3.8033067773484137,4.079568947742044,7.145550816591331,2.3877222300505054,0.2895601811349888,2.062528603697604,2.619880974276075,5.567253180576906,0.98714251589702,3.9790401985954063,2.062528603697604,4.645026875670825,-0.9171815982691114
104,SAMd697ba701077,1.991788680432097,4.83028599301194,9.134994917231923,1.801244633093638,6.012432475048781,5.687274792485461,5.613250678148287,5.593838738874723,4.456676545408735,4.689539118069324,4.9598519954597675,5.1672655431901875,4.703254729032942,4.864521033098826,4.352023513835184,4.57081202148816,4.576547987227905,4.248738149089479,3.9373178675942255,4.589673366808833,2.7803904203439536,2.0872644367531765,2.333199411157594,1.570112493229388,2.5196126766555276,6.119868620873152,0.9966785584421937,2.4674674698647365,1.801244633093638,1.801244633093638,5.5534915169474965,1.8456008281305123,0.7379653274700574,3.3725810907221017,3.518315778734728,3.1725670759109263,4.437279142160303,7.7883236180970465,5.695046683745378,5.285124738875434,3.3667876969863113,3.177118639127205,0.7379653274700574,2.1794084784828835,3.7973313555615533,5.199248036958769,4.246612051030092,4.513059276383367,6.942790895011264,2.6053496830579976,1.0723635297013459,2.2556391555498068,2.4674674698647365,5.3493825132528325,1.3555782316022138,3.6269191609182996,2.2556391555498068,5.124374839135622,-0.6523554992146079
105,SAM166a419a4e5a,2.175846291159499,4.546727528410048,8.320860206937693,1.6255177253530457,5.550928223089559,7.376273770867752,4.215145053133122,5.852786539989584,6.21162457604615,6.436408051630893,5.256212643099309,3.416176911959772,4.426146143850015,4.678226020642249,3.9049874742602446,4.540774772011321,4.089536779450349,3.7517637366647985,3.830567810449102,7.146103738106255,3.605181393883391,1.8984648065110967,2.530474290922581,1.3073506041390652,2.4401337644286745,6.3592415560173405,1.319805005942813,3.1507337704912466,1.6255177253530457,1.6255177253530457,5.020650530978937,1.8571040968365842,1.1794186527770907,3.406630624128552,3.404697582805252,3.460993690721141,5.472160475620649,10.438850912318488,5.482027065095396,5.193638491311499,3.127803626541869,4.160289287397786,1.1794186527770907,2.276926639038482,5.1270547710820615,5.3709546972309505,3.769501152015517,4.1516503172032575,7.8281362731948905,2.2953592361148516,0.22464356917011274,2.705261863769375,3.1507337704912466,5.946829142929873,1.2469344239307878,3.9296176511371317,2.705261863769375,5.1760162345462515,-3.3155359276571534
106,SAM025b45c27e05,-0.94492326219956,4.665211888830914,7.592945461116166,0.6665208442422043,5.3882528501524405,7.066405153549622,5.400039813596043,5.917613698952599,5.712085898842701,5.278713820176185,5.341180474873413,4.737871662094986,4.67397830297963,4.721780473721064,4.151448043010019,4.62231465644307,4.358814469943309,3.936438450741228,1.7669238114641934,5.658253603325532,0.6218390218073471,1.047861909630877,0.3766357226228851,-1.9474132063389904,1.2140421603924862,7.0670938978027635,-0.9008162288617659,0.25596484802360825,0.6665208442422043,0.6665208442422043,3.993597589305491,0.509404182691975,-2.205269916134409,2.8789665553631547,1.1114242500314748,3.7513170813910235,4.144750971400087,8.925493360988671,3.497288087728113,4.0940294037624865,1.492853643288222,3.288008933130043,-2.205269916134409,0.05023376650065518,5.2080294524384385,5.1691992173071615,4.015053282195478,4.3015970671392925,7.722962923260138,1.9155523732600341,-0.9280130666862872,1.6568755687935577,0.25596484802360825,5.322820474103689,-0.6112654899062171,1.6153937340607811,1.6568755687935577,3.3929929852633265,-3.8913297918613385
107,SAMe07c4560772d,-2.2936541953575276,5.195455481743312,6.906356343383226,-2.8150311841718256,5.816406023179628,4.641358001050031,6.360907554307733,3.8372163726431605,2.6345063395447688,2.634551863705473,5.366332099049284,7.415440535265682,4.964284672125628,5.282123335914009,4.911910978856006,4.881219891979751,5.033741560684008,4.516776729523491,0.286437968275426,1.9843766341096671,-0.839316281600841,-2.3162582324421286,-2.2210568827819914,-3.8742772397365535,-0.5856348054336005,7.793804685631907,-3.0816373766434375,-1.097978946226752,-2.8150311841718256,-2.8150311841718256,1.9781313543551886,-3.296310569171149,-2.7493777163557103,1.1980571312194062,0.03136295251222317,4.566978377142863,2.756500610342746,5.4094872214701715,2.823335804747413,3.2739663040248703,-0.530261997426284,1.7457669718556308,-2.7493777163557103,-2.0951532660764705,3.8204533913219394,5.247385063509511,4.405713478879147,4.790072066088901,6.663717148669629,-1.7006799128273637,-4.502886899763451,0.41218487177446583,-1.097978946226752,5.515336948318872,-3.1298597096133403,1.103519303001755,0.41218487177446583,-0.19076760455970168,-1.6979386658342412
108,SAM2dc578e0165f,1.0266668985756282,5.182246757780692,7.799034359719051,0.7998434164263791,5.3229487012762355,5.763591642059026,7.39451038034912,5.110974689868064,2.937706608436571,4.5034328470348335,5.348419493787372,5.118694614073179,5.314725850277112,5.678341704505478,5.246040797148658,5.038850795440347,5.685566228158564,4.542909069242161,3.353312482432948,2.8059344573952885,1.543281595666644,1.6812210724299395,1.9530477613734523,1.083708796327467,1.8381728679918234,6.61781153250996,0.18863377974928103,1.250986473039976,0.7998434164263791,0.7998434164263791,4.344177726075626,0.8526285731238226,-0.2568675123123616,2.657962624371353,2.9421681106678967,4.929658333411508,3.483772814907756,6.915596274338903,4.378726882348063,4.359703193927983,4.173763970830193,3.5007876548152366,-0.2568675123123616,0.6150467533329266,3.5759033791671406,5.192740405813743,4.534831340014434,4.8475388877790575,6.552475960961769,1.3386038353850038,-1.747633010600743,1.992631265249159,1.250986473039976,5.605710773649816,-0.21198275316035514,2.5742391522525385,1.992631265249159,4.680491628578105,0.5473780250376596
109,SAM3785587846ce,0.055955042287595846,5.013670024021344,7.561226527562032,-0.04120115501958905,5.421698842459023,4.882793199532396,6.662443719923191,4.659746020560095,2.8768127821786527,3.5707176858927316,4.618833601881627,7.05069712003706,4.876474294015239,5.107884760170915,4.640464676267539,4.850530583746424,4.937817508491477,4.381429505062508,2.278568386307701,1.9115102763899654,1.0779743283152778,0.10738825989017901,0.9093202223527291,-0.5686851612536913,1.0452884426165037,6.721019497132133,-0.12310350141708179,0.8750897256613716,-0.04120115501958905,-0.04120115501958905,4.136723525320505,0.26639831418135484,-0.4985820746590839,2.2920506268903074,1.9479115297258645,4.298037224242043,3.351295100436414,5.541672790054181,4.057221361841519,4.123353856048933,1.4417210822832154,2.3498030738127937,-0.4985820746590839,0.9994322005689854,2.9836659966432255,5.501410125572622,4.343191572925389,4.703972264276894,6.602732022415218,1.2246925990083082,-1.0917971690553923,1.2902602418591718,0.8750897256613716,5.464794481946495,-0.3142904559193789,1.9181238553275017,1.2902602418591718,2.6382991395035353,0.36705810991773546
110,SAM560f23d6a3ad,4.939941054023164,4.900036952642359,10.299434003179423,3.7985920482755566,6.134592250359935,4.756168747358197,6.700896516278482,4.747627215355433,2.7290434373885364,4.49208650904355,4.675187387460337,2.951204702867116,5.021596594747839,5.259001685079811,4.638424498135518,4.84382981479859,5.070407014060058,4.333446070684382,6.435127122384044,2.154942634893233,5.387598432422999,4.053661559030173,5.350001785021768,5.379797403161223,4.36009130593735,6.75190949607968,3.5173651149013136,5.2450961757513275,3.7985920482755566,3.7985920482755566,6.459798137154898,3.9762712174785637,4.242418217016752,4.904400419987098,6.064091043717446,4.57706971817766,5.368339599724671,5.450527271516033,7.708629940997187,6.413391093825502,5.7073116708023734,4.691646073197445,4.242418217016752,4.124953011695397,3.6146220979273322,5.24599974057397,4.462365467721061,4.628629261047202,7.240711085287168,3.0129081382828318,2.648605910264241,3.3458015321657797,5.2450961757513275,6.497243798044065,3.689049656434422,5.181579521497894,3.3458015321657797,7.0376562570379235,4.280184487490811
111,SAM52500cabdd36,0.8934723412860757,5.109883112627174,7.025086131972706,0.38594248328965425,6.835512899730411,5.227421881851797,4.790287135638069,5.036370042785665,3.1332521462745904,3.6511279325714394,3.9663788136344387,4.732980609727799,5.142027780245366,5.389093479880284,4.746174841855392,4.906170362917636,5.2041093516006605,4.4894542417451575,3.2488394888125534,4.3322762743883425,1.354789171269764,0.4444137259181023,0.3595536567905147,0.961303346388081,1.3865210537298676,6.6860977556078325,0.33776171052579873,0.7498780252044218,0.38594248328965425,0.38594248328965425,4.878811188857124,0.7412837940619216,-0.2555559122386118,2.4518325355743675,2.7218320082413743,5.155842381390167,4.258966905079586,7.093598347928482,4.381013688058357,4.462893259520791,2.979402005493128,3.2039386525156655,-0.2555559122386118,1.7532430627972715,3.2673576559504696,5.184858716811793,4.711989822240947,4.989922149500195,6.19096973415716,1.7426487010451586,-0.8733410367146126,2.0764107363677984,0.7498780252044218,5.497278140532806,-0.043211879838905676,2.579427208952937,2.0764107363677984,3.898744408724473,-1.0834367855757892
112,SAM14df63a65411,0.4360035547965262,4.875816385215969,8.709362421053536,0.42811327424700096,5.400901602001403,5.12790973631427,6.33791232551496,4.5393204193586145,3.5362218475840836,4.091753425615291,4.808377339417095,6.320147419478853,4.922213879115083,5.015602828518117,4.49535643104517,4.816899158496692,4.7495604091134185,4.355898245249079,3.0278738571427213,3.5339090440435674,0.848017695319123,0.9001985847664166,1.34477388120656,0.8208069455588349,1.6279338278276552,7.19660925140132,-0.4458351285559642,0.4339092705422684,0.42811327424700096,0.42811327424700096,4.288335925259686,0.2368479950007183,-1.105416582107438,2.6675300975074974,2.585623616111298,4.355445931068473,3.451929460307575,6.468573639637969,4.87560717297942,4.886370599424321,2.6394015594328857,3.272538271904188,-1.105416582107438,0.7779363307578017,3.9619884117252275,5.58950146900823,4.240316080912607,4.5136176287034555,7.238132916931494,1.5599149138553512,-0.7787862556768209,1.7476522968368462,0.4339092705422684,5.370881451134425,-0.34254400168454235,1.6266276728893285,1.7476522968368462,4.325711630271663,-0.5060351869008461
113,SAMf3a9bce50099,1.680184515319446,4.673834814527048,8.145817081186186,1.853449784666606,5.719971467070959,6.363983454151567,5.898547390756145,5.582492416419878,4.566776014034864,5.015854719500011,4.363619508049406,5.289306610707841,4.683354913243646,4.7065786065440935,4.454239945941093,4.493603190971747,4.50983442645461,4.13730521505196,3.831028928999216,4.906277229071757,2.9303538267724485,2.094079827103264,2.177844223458799,0.8854999244841503,2.4641277777619046,6.525450027021858,1.403043877204897,2.5635761874448613,1.853449784666606,1.853449784666606,4.721921841567488,1.687109146249452,0.9464653144054594,3.5789104730055192,3.3212663717510944,3.2093389207409135,4.562468881673013,8.093190632875803,5.2024649742467,4.901731451199908,2.9932098711831885,3.8703592658245194,0.9464653144054594,2.1783851957063805,4.739339106477382,4.759339751259489,4.17835624350219,4.412638296268462,7.132180017210267,2.634754006755503,1.072016270105905,2.9735757217708,2.5635761874448613,5.894293092348105,1.4980959681483061,3.2951524445000473,2.9735757217708,4.249194162423829,-1.0752483000725412
114,SAMffa5c7cad0e5,1.8173610733660603,4.6723488435070095,8.18071348778981,1.8092769294078983,6.100223109334543,6.8660843358905375,4.526366553755479,6.240791913182669,5.491282711430828,6.021305483953811,5.555941902890767,0.40487531769278134,4.759787546546286,4.930062615216641,4.177523254767335,4.758686933739546,4.731252948665791,4.0606377426813545,3.5333565767514674,4.954280955678106,3.000526511294761,2.152652803123436,2.5097496689749956,1.2448315859265469,2.1646241011353715,6.346708474259873,0.8352902257596246,2.951891810835454,1.8092769294078983,1.8092769294078983,5.069522228807049,1.7466673176539769,0.9772371078463005,3.446742263227988,3.294434073709638,3.9072482134271143,5.12344351277782,7.756042793776952,4.888046557388388,5.059165527793526,4.0254172754763085,4.408961408467965,0.9772371078463005,1.8045183492169072,5.153515577905605,5.187760135081279,4.145736547121452,4.46718239739783,8.474885845086282,2.959233652435545,0.17802483629682866,3.0066536080839263,2.951891810835454,5.889578770537579,1.3503414399389955,3.719955238597276,3.0066536080839263,5.304371717275334,-1.4209243789266388
115,SAMdab9ca8fb5de,0.8937923301677548,4.790684241006165,8.348042596940777,0.947284126168607,5.509935460296893,6.5247950686538045,6.63778538102312,5.334618290823573,4.936434436389278,4.730978881624272,5.002626602652482,5.9036801481207775,4.792085001186409,4.9192105555011425,4.450877323295351,4.685516945527803,4.6626826111174475,4.072354969915244,3.314269268837884,5.666201874036512,2.0745106485585953,1.344515708680392,1.378411886523322,0.2946903584688603,1.794144649655423,7.048462542721808,0.43265140259113644,1.5744176224423123,0.947284126168607,0.947284126168607,4.45167589957763,0.7332352648251712,-0.3163908248815197,3.1528566514736744,2.824076019754163,4.275030803438059,4.313525053138455,8.390249467872884,4.810217917838129,4.974784961841161,3.119664591928793,3.665132348573113,-0.3163908248815197,1.3109639056607567,4.582981583825551,5.260408915319013,4.096946701581404,4.309557892516496,6.964063467838392,2.108722920210987,-0.0586008366549818,2.1635304036085032,1.5744176224423123,5.303349609666076,0.4830877378471191,2.5844114927467436,2.1635304036085032,4.28699771441922,-2.351932605198628
116,SAM34430ef08e5b,1.4291657853330633,4.703663096036766,7.810231520505337,2.2289436183783997,5.975972208422665,5.947268222067083,5.147842888616759,5.370650001424572,4.995368906579728,5.904091063454479,4.65645479080993,3.7893035190809012,4.654856234007671,4.694039064937191,4.2979820973295855,4.409975395805827,4.33190289395207,3.9390866464737204,3.3141533589823258,4.562482869368214,2.6672651133501644,2.47511073088913,2.162986128105271,0.21775541412906296,2.4889895750973614,5.732833901089978,1.6845821024993943,1.8967860566377972,2.2289436183783997,2.2289436183783997,4.958256300832268,2.264545145296446,-0.20447419275457035,3.6524447099569217,2.9242337398631535,4.068916329608676,5.307745298715691,7.721026415178315,4.569594217981688,4.76678220353615,3.601427593759812,3.464178008482894,-0.20447419275457035,2.3573312470279753,4.417591257684748,5.065314947200864,3.927528109484921,4.2117182266376165,6.41823817351477,3.701513939435062,1.6006818857034808,1.2977156508427734,1.8967860566377972,6.00036944936687,1.5199002536164166,3.9459123359418733,1.2977156508427734,4.704616707429639,-1.2483295103858882
117,SAM4b0175e8db6e,0.6359547270269508,4.735257091248079,7.6241751982243295,1.5021790976876002,5.738324390320538,5.708020387961796,5.874759427304862,5.219135923773429,4.249452065344838,4.558517997381844,4.742922488716179,5.331840707879185,4.633988186289524,4.83165561163835,4.351011776178463,4.473271118155622,4.47912629272436,4.178140488088492,2.313592452394554,4.4509666379799615,2.078982097480536,1.7711323497398013,0.8523000899398886,-0.8785266724018564,2.328523037901825,6.302012827376807,0.5953717900783025,1.6489490886117568,1.5021790976876002,1.5021790976876002,4.908459311883887,1.5219913651518147,-0.423030044454626,3.162238684370497,2.0381686074591374,4.043320582385118,4.482770783229533,6.94195427806618,4.290499789891078,4.334677078828467,1.5426934741675373,2.882603967892004,-0.423030044454626,1.410775856473571,4.118033994392166,5.315263717536928,4.0898496732360465,4.283963193962433,7.067581458515062,2.5613406396024727,0.37054879705533716,1.9634394607728207,1.6489490886117568,5.544703542183958,0.6677436558269019,3.333567988754331,1.9634394607728207,3.158119811167278,-2.1373741855854074
118,SAMf28c01545593,-1.2062296626484605,4.965120492051627,6.862485803476986,-0.8745226729772452,6.071235949570431,4.288269783285832,4.540779680998833,3.8321615026910636,1.7372634300471341,2.939701500565833,5.568802453756748,6.797333107847529,4.606618887389453,4.846205071978816,4.569731778425504,4.615148380353608,4.245526790564196,4.278203375472492,1.4985236694735176,2.0920186358080883,-0.7105827492421674,-0.589807966881274,-0.873498868763536,-0.9618500599203514,1.0043243447240222,7.308336022070331,-1.5817409222717285,-1.4398486554435106,-0.8745226729772452,-0.8745226729772452,3.346242725406073,-0.7277865940256666,-2.3128185996583417,1.843337298563982,1.1738083603923966,4.341631380439585,2.9124879042426954,4.67092071955279,3.7256286165010204,4.006409131228379,1.3773512129032879,2.4887137330338214,-2.3128185996583417,0.3694971108816155,2.980427537805164,5.511749971992494,4.117854691210198,4.395489916157784,6.529868860315955,0.8296206879206848,-1.9129637690309462,1.5224352830924976,-1.4398486554435106,4.954837018165367,-1.565863239765616,0.4768354323811647,1.5224352830924976,2.0478466031742366,-0.5934949663345708
119,SAMaec7380f9ab0,1.031901685155868,5.381817169189714,8.08246463097665,0.25822408144239645,5.578286163398109,4.4816757456169185,8.074121555850418,3.6616360388874094,2.4736043666928613,4.135067754280807,5.385674852407634,1.0980671605644206,5.46752479384511,5.799932145454056,4.933816822420666,5.235104194404524,5.73097732411262,4.592307328814956,3.190749308807084,2.325607965003649,2.033767990817919,0.5477128520425177,1.659128981565333,0.9616337899674305,0.5914909503912189,6.393741695070871,0.11910738728985693,1.5952474906343355,0.25822408144239645,0.25822408144239645,4.13114955765617,-0.037766076062628495,0.10678719564484096,2.8768797421912478,3.3941218664877075,6.437564003403823,4.4759208390005565,6.3336799585196415,4.876900911080075,3.9747990869611547,2.5839664127957658,2.7697051049908246,0.10678719564484096,1.0425644604164883,2.379103109610685,5.54954012275699,4.70753867725232,5.126141886448668,5.11398848399023,1.2862319360308676,-0.756449742894932,0.5068707141581362,1.5952474906343355,5.937981678855568,-0.020713130798166987,2.0440466133307384,0.5068707141581362,4.165140976916845,0.865141343803435
120,SAMaf7578d55754,2.1629582200779396,4.777436799685023,8.683119266657547,1.0469562681528102,5.52424441808053,5.324076239268054,6.957770559645159,5.404186786582172,4.329686262279021,4.673403953669621,4.518676892818807,1.3447601812650045,4.826746458605361,5.251010386601702,4.497950765261737,4.7612442802312005,4.968723120662159,4.4473084881876614,3.5129151581977256,4.170185029399035,2.918725302198684,1.1312797221943058,2.2931971203237733,2.014835302265073,2.3470741952657153,6.075899323221588,1.0615240135128,2.371410839907124,1.0469562681528102,1.0469562681528102,4.5821815160341615,1.1658646419330814,0.8250001188240317,3.056505685442782,3.662921287902974,4.304699664900898,4.306919240339027,5.704594879236161,5.706872115135439,4.828448316845635,3.8744815399628685,3.6362041924862933,0.8250001188240317,1.8877071586431817,3.973988781514297,5.36776365355392,4.474346353920087,4.755270718927642,6.701521101332433,0.769865356453317,-0.2593042988994814,2.937798723932902,2.371410839907124,5.705782561585645,0.6526188190527394,3.437919571487715,2.937798723932902,4.972321776172804,-0.6572698712013096
121,SAMbd8ee73983b8,0.16802004641615403,4.86300045693755,6.982706186642169,0.29910616411869256,6.209649791019265,6.449215421873101,4.576861653358576,5.022479615865591,4.767651977678469,5.076307596869061,4.904755663061342,5.733586244144163,5.00272445344315,5.247824139524523,4.640792698486237,4.980635215119377,5.070550591195863,4.229540061004391,2.380775188425247,4.991571582099247,1.5645263506466334,0.8146767948871778,1.2715922723401925,-0.9302113691446664,1.4088674595547996,6.903493239755996,0.12317271779095244,1.3929534402425185,0.29910616411869256,0.29910616411869256,3.6928000726621493,-0.10270460820299049,0.041916328089331024,2.8057184215270063,1.8496833093593874,3.7899394863944833,3.9615005826752094,8.379481400545716,3.8277035943198405,4.397289729616966,1.9551443887638664,3.1373095986297694,0.041916328089331024,0.8211604655589075,4.262811240031905,4.77981901092505,4.508017181710372,4.840637908486241,7.300971985238468,1.4467877304091512,-0.46744300465523625,2.9816668740922743,1.3929534402425185,5.606211218914954,0.14816589489735651,2.3793662834735656,2.9816668740922743,2.846947571475207,-2.6107963936739997
122,SAMe94c30c30616,1.9606792074991426,4.792387943777815,8.756241510127241,1.6478833859643076,5.633703685830318,6.527895494941679,5.608695535211527,5.971472788687773,5.108123266038061,5.605902439584735,5.198447441348674,5.34690963980567,4.818949550707707,4.93106199958195,4.514876193582413,4.614490124023459,4.719263065444244,4.160411583817406,3.947658788782708,4.164375488544996,2.768626236783243,1.9866967677585035,2.6052734753030724,1.6643162478382993,2.548097745940451,7.1708921903708935,1.1809856034393071,2.526876991921578,1.6478833859643076,1.6478833859643076,4.767860133478874,1.6135250426262209,1.101354471425749,3.606498461740909,3.629084942686524,3.8512412007998624,4.765385753811072,7.9163184769814,5.532874287419164,5.29069987483937,4.155325988517639,4.166799977873051,1.101354471425749,1.8876004145539877,3.9714377892618185,4.861011270764247,4.326569735872137,4.744318159744883,7.4774857155054475,1.9965954790887144,0.4226357901529821,2.8207442787962527,2.526876991921578,5.565106768084097,1.2337588356050508,3.641982907283133,2.8207442787962527,5.396009319474181,-0.21671669976228802
123,SAM54e58f1b0230,-2.8143720858937,5.016370785949742,7.056932894443179,-2.338815916296061,4.9618035401487095,5.619434848241689,7.228449973899139,4.573782378196924,2.086484202621126,1.6846914483458957,5.755297821744849,6.491614915601303,4.9613801694822355,5.368690587282195,4.7977461435144875,5.09031047866711,5.358386161476275,4.448593653008599,-0.2744215020333938,3.3088447338348392,-2.0037512470506456,-2.17868965095854,-2.420673314659266,-3.166353047092882,0.23442120662848875,7.428825279692062,-3.2776124309937207,-2.403496547779238,-2.338815916296061,-2.338815916296061,2.2085116634327266,-2.5425582530074204,-3.8194723855937665,1.5282210222831034,-0.3239583486613457,4.506929934932081,2.0028655650108655,7.277969288140807,2.7560816560150285,3.5820492577844125,1.0529763783330972,2.367139367441989,-3.8194723855937665,-1.8254733081930739,3.75738992479585,4.8904347505915355,4.614652657501516,4.803358011191681,6.614190097587643,-1.4396219347941692,-3.602113486733869,0.24356877126980456,-2.403496547779238,5.903501924125099,-3.3049160316030424,-0.03343848311348463,0.24356877126980456,1.051037870743688,-3.583266235868233
124,SAM5e3bae090b8c,1.607781184721116,4.770717961502578,9.156394636083146,0.5906277824410139,5.45590726206673,5.4658454009065895,5.851740870376215,5.197276684582896,3.600051713046168,3.92439505426019,5.379562789454853,4.8495007798529395,4.787059225336539,4.985071118651817,4.410179420402843,4.619984493036488,4.565509631096577,4.0659158920695,3.939793470202833,3.960238748067286,2.266797817699908,0.93871174706386,2.4699379451397863,1.9482092863531075,1.548700214766212,6.725021634612607,1.1333359994283176,2.0428914148110526,0.5906277824410139,0.5906277824410139,4.491520503890507,0.5170930494321833,0.32106963039384856,2.849635934479013,3.572785242920575,3.6564088534759067,4.331770312339166,6.742150992571027,5.456025754104923,5.369376021253493,4.09091845259287,4.04712201796829,0.32106963039384856,1.2000427403601885,4.030495447646893,5.579136745925518,4.161839252016052,4.46118135598639,6.782335770732682,2.001342466747838,-0.6462385465494328,2.058128526730157,2.0428914148110526,5.318935333180205,0.3087583640384634,2.5441606220121105,2.058128526730157,5.403204541914108,-0.020445277864452827
125,SAM3cb94b0d5297,1.973569506850518,4.59839460702185,8.08574553458006,1.6455024138632965,5.258605051942105,5.3894790335801375,5.989272182430129,5.412473603324221,3.934118795526184,3.6217577878104614,4.087812234230552,5.106853096163342,4.595878975656404,4.738350834075022,4.16687040213801,4.594778232138759,4.445177254603826,4.077633430892697,3.800152796491904,3.5278167615860676,2.7427663260161763,1.8803238724659763,2.025142152142383,1.7604273854010628,2.4480339224102816,5.54973731090244,1.6163053184304663,2.311329766914079,1.6455024138632965,1.6455024138632965,4.890723931252264,1.6101893625483084,0.3254908773545833,3.5671734073682018,3.12878926184501,2.9685912889430766,4.275400759307001,6.1619920028182795,5.0704947809588505,5.196885694853484,4.264909261009073,3.6569357878280755,0.3254908773545833,1.9790444217310863,3.627678990515951,5.084364960053626,4.206532672525976,4.4679830539624925,7.394463568160872,2.0216187794203564,0.5036049270624839,3.0642678380389605,2.311329766914079,5.63058932131124,1.0213912017033488,3.5140368574368357,3.0642678380389605,5.202410007514296,0.2723360349058366
126,SAM61b9d4d84c64,1.8955707794244565,5.001917555763259,8.935319369270454,1.0890819887820833,5.721485450775729,4.59665766092611,6.375156145929098,4.6560953515256305,1.981889183220882,3.030361022298031,4.282897316107052,5.962241330619388,4.953845918962044,5.244611034463064,4.729619024812375,4.921060849859241,5.053036765861686,4.357147498626123,4.052683656790876,2.625584200338732,2.3108300507360116,1.5315255489929156,2.6317707555318335,2.2681865016147342,1.5832559688112322,6.8283914536880514,1.139446744884013,1.8528671901884544,1.0890819887820833,1.0890819887820833,4.746628179419708,1.001307684228187,0.6035668329060005,2.7721076172922325,3.951066888167496,4.433148214245928,3.97546655138052,5.332840756320251,5.580421306671715,5.205247285635399,4.246468054007908,3.3602504790417265,0.6035668329060005,2.0021443380001007,2.9577886752162317,5.535059659494139,4.285731923895532,4.575813890049912,6.521565135278394,2.414369228940013,0.11263954728465742,2.8815452901880527,1.8528671901884544,5.62843481618528,0.8943798833836363,2.5723849063616946,2.8815452901880527,5.0107774617295116,1.4270994564521438
127,SAM8a42c0d59187,-2.520173407336686,5.1187830267197265,6.416927731401651,-1.160239611424921,5.995370783301707,4.997009317483676,7.621045958712586,5.379284248345865,2.8482850933826964,3.025346570579241,5.50981289897007,4.742032308500026,5.299399380840395,5.828466615324278,5.0321549056370625,5.190754444877394,5.664479158665415,4.349308771270788,-0.29074431189178807,2.7749976146408715,-1.5280936649613648,-0.35833842518467623,-1.7286617476675208,-3.438422753315843,0.6469686527599524,6.922610326817463,-3.015784382134691,-2.0951736388511595,-1.160239611424921,-1.160239611424921,3.2257433542473675,-1.3326708985122424,-3.0309586128703607,1.530590866622563,-0.19993786832734425,5.126635626150866,2.693318088212397,5.262761828324564,2.673651403425022,3.2291750020410865,-0.36779332180050844,2.0344577397500334,-3.0309586128703607,-1.146913288530136,3.7904276999410755,4.943998506512771,5.140975993263422,5.2199417750617,7.286356504813888,0.24792881173100634,-3.043614562936701,0.828575677902891,-2.0951736388511595,5.4546936519071405,-2.392154174623089,0.7989755060512772,0.828575677902891,0.6821338065150814,-3.0657419265326595
128,SAMcb132b0cdd2c,2.3785738147176105,4.925499589998094,8.25400822251754,2.0948117850502244,5.729228082610753,5.3304987236391215,5.971904913803467,5.057146416404053,3.173000788103245,4.061275636925732,4.47381502923004,0.7329205639604193,4.9874463858960585,5.362931146374705,4.693660453188163,4.820721719821423,5.18393779569872,4.448000083948854,4.389364167036524,2.5486114965914473,3.174132285728878,2.382226975167735,2.7915909388158973,2.157520951185672,2.9878142253784357,6.563414018039642,1.4924754032709615,2.8625127876288423,2.0948117850502244,2.0948117850502244,5.113260027191511,2.346061574567454,1.5978959017262235,3.588511247781703,3.9983340809761256,4.730500170612428,4.721383042512732,6.718650160926394,5.330832616543969,5.112754451705574,4.2779781818165885,3.897543160992023,1.5978959017262235,2.731046016825421,3.2036780505262143,5.664683819093994,4.40223246988727,4.877375826779232,6.519376481053972,2.911628995474383,1.1451288250144893,2.512021339608841,2.8625127876288423,6.559015779867667,1.8105150609978873,3.5483538730076165,2.512021339608841,5.198782296699164,1.8407526704450765
129,SAMe97af0feefdf,0.28164424655394127,4.928837767681105,7.930094207859739,0.3644152610031311,5.260386696900826,5.7392322194553325,6.960146115719261,5.115866292134663,4.086543971068812,4.5757629932276265,5.276706829381031,5.574535581586166,4.85510000620213,5.11295097713616,4.532861880738251,4.898737913402896,4.974636579016127,4.428684308636787,2.390012380156133,3.5226683065612883,2.200841771978297,0.60562003468612,0.8761147124046765,-1.6795428829074732,1.903943376278096,7.478601507577939,-0.29257054396064774,1.8903651216325674,0.3644152610031311,0.3644152610031311,4.021282470509477,0.3137483789221833,-0.292789484867356,2.916653317380608,1.9313557975208389,4.285188324370063,4.022575894926246,7.1393591043980775,4.357295802985533,4.546360427060225,1.5625298368699265,2.9043119177737697,-0.292789484867356,0.9841723265952649,4.1755477076856105,5.255544360427251,4.315760854831522,4.5618240310642495,7.484296117968282,1.519724561844906,-0.5004509310336118,1.0595437665167557,1.8903651216325674,5.6139686911199,0.040921829178960145,2.676818193007898,1.0595437665167557,2.5105935064183282,-1.1326559264051554
130,SAMee3844cc0b9f,3.030570839669031,4.547849918873646,8.919381147001841,2.2814378960654813,5.346363837267982,6.744608775070463,5.581982678071664,5.627807661998122,5.6565206396915935,5.143443365558444,5.146097515968713,3.438874345783214,4.455251818833896,4.615784354108956,3.9790226457268107,4.541820805859781,4.244052291968952,3.9184001582843044,4.751843376985839,4.633630366672676,3.608939623633582,2.476366085459173,3.297483583600798,3.3217002100565995,2.884391976685864,6.707776421203865,2.065998027779938,3.329062947909115,2.2814378960654813,2.2814378960654813,5.252128405932624,2.2395826539718517,1.539473498212337,3.97942221760405,4.210109265459033,3.690789494574135,5.185751153872408,7.925093811599719,5.943399390147087,5.7068402910957605,5.093265718608695,4.9287626252686385,1.539473498212337,2.4758473622891586,5.098455800043218,5.056493066216824,3.920598421091103,4.253128575525432,7.730605870660398,2.379279451676205,0.9299017105792403,2.9219020407949543,3.329062947909115,5.573324401054362,1.7998067477935575,4.268193671670634,2.9219020407949543,6.703677591996772,0.11821301031316267
131,SAM73b653ae20d1,2.190887569186886,5.109397298223165,8.923011245352312,2.9574781593491766,5.527696731401859,6.397328995534403,7.268803611868857,4.100168939728864,5.579635506725978,4.6588932677731565,5.178587270305881,3.617855004082585,5.233901005250914,5.591629615235688,4.953419149755037,5.220648138341598,5.468761156697343,4.5762881808953715,4.290485448260198,2.3991894525846003,3.3897353834977677,3.187760257677618,3.7284861464357704,2.1284054592162813,4.294177825254759,7.585895648099125,-0.0032460617975059993,3.545695539205885,2.9574781593491766,2.9574781593491766,5.994954562272051,3.702321297172088,1.5012291640668192,3.970236174465387,4.081762113924343,4.700415359870907,4.4267821820416255,6.794417583331068,5.386558875290092,5.23097193984181,4.89906389737,4.80425947204617,1.5012291640668192,2.1528752558525706,5.82323593263883,5.379930613102692,4.957721842205863,5.247524016514754,8.323596884214734,2.388768432713046,0.5776712015849373,2.263420972227505,3.545695539205885,6.077390063509007,1.5869636623467538,3.0921495740787748,2.263420972227505,6.899008725066673,1.891295995675598
132,SAMdcae54fcd7fa,0.5201982024276461,4.724699869744078,7.988769017699501,1.6070923130714914,5.570651778181206,6.191730080896935,5.686996935088914,6.436970089713765,4.737727145734612,5.297768793770509,4.9361697168438035,1.8614339177141244,4.639226167439179,4.899296838318233,4.4270636735092115,4.515610708806557,4.6054221197611165,4.250159362286984,2.2934080737741818,4.407369112564192,2.607412251755945,1.8574545214019924,1.3655684195213194,-1.9336078811331656,2.7403095513204234,6.004460470384384,1.1845555281360547,2.412828942084797,1.6070923130714914,1.6070923130714914,4.74936278094733,1.8842039191904438,-0.3020571388591636,3.2512674014239424,1.7911085069331243,3.599743180680183,4.360822312847073,8.3704893541712,4.092282159833781,4.362728342887262,1.5993864425455315,2.823659703845971,-0.3020571388591636,1.3491995414733686,4.35496885944584,5.034411669979809,4.147416540566151,4.358639069988057,6.783566838108701,2.1216589414462503,0.6295099002090235,0.8786648020226474,2.412828942084797,5.795716736275284,0.7584846455532462,3.5982675419489616,0.8786648020226474,3.1320670085910987,-2.11396103879001
133,SAMdad5c29dc105,1.019171826669812,5.090097524879139,8.171706493573021,0.34626233108353244,6.140866800732573,5.559529819903941,6.614778348756643,4.737522333566396,3.721301238196671,2.9117317385122625,5.1685664236103985,6.502246568336037,5.155592070339208,5.470148099672691,5.042602226801693,5.023150057370091,5.253624734192804,4.382492622729303,3.638719583262721,3.9360661133720294,1.1480275109302618,0.5724960409690886,1.6450914812502588,1.781950764946307,1.5079203681091966,6.988195747731575,0.21587918075346826,0.8193986276479034,0.34626233108353244,0.34626233108353244,3.9571567486468098,0.5428967896767866,-0.7060511624909128,2.35275982894465,3.258378663272279,4.376661160091565,3.1279836868125512,7.093793374033825,4.525481343798818,4.906967455633343,4.120090451583962,3.583620587028234,-0.7060511624909128,0.9870774415833621,3.76692475618745,5.1947244518949685,4.503137758230199,4.825778248618427,6.39946828768863,1.2040453332684624,-1.0418071626455927,1.6990067088635994,0.8193986276479034,5.825401953769422,-0.2893208714601081,1.8893019231508061,1.6990067088635994,5.027095811445406,-0.29734653010930856
134,SAMa424c75831b4,2.729384185113907,4.9989914965236215,9.513482929159764,1.4052258862989617,6.162580038649875,5.567377827801302,6.46720943748773,4.247699119797628,3.941773211458937,3.6383067857426963,4.36571346251323,5.951542729709778,5.163955247521576,5.512600473656792,4.954148667615042,4.930561639631117,5.442442316612343,4.368956558113659,4.7643151950011,4.010406235477883,3.6418398770513796,1.8303450148010458,3.129525817159896,2.6096340211668516,1.697140496588095,6.497124314910945,0.8823447223779448,3.1717582340852677,1.4052258862989617,1.4052258862989617,4.93456333168814,1.2194838294031132,1.7876265417903558,3.0666001160989333,4.499330756435071,4.948285673194762,4.913336591899172,7.056439991028133,6.4394710908146235,5.458514077558784,3.9283734571575475,3.564304177066516,1.7876265417903558,2.4467510724785737,3.105781182113946,5.795853424604549,4.961802701075798,5.166074004356395,6.429931312783919,2.7400472589851734,0.6917807037297926,2.8944066516004265,3.1717582340852677,4.983317147334875,1.5513968887151113,3.082009383172597,2.8944066516004265,5.390164466793869,0.7539089595232165
135,SAM28687037e4ff,4.409184184127207,4.881224741143334,10.248512585446212,3.016718073689679,5.501205407308912,6.516757669228278,6.334743801408333,4.6825382638106845,4.913138634593553,4.968397199983222,4.756928283662634,5.093698844718523,5.112169255443319,5.135642129591958,4.609272033608832,4.801013890952278,5.032073901652088,4.344901048371835,6.052201295361274,4.645626358360464,5.23323599761672,3.3400263844153892,5.339881954530971,4.764081722378322,3.335310083533226,6.7602332419208,2.5678804670137167,5.133592429943326,3.016718073689679,3.016718073689679,5.974504344410716,3.0780968692835566,3.3106514383397196,4.401585693214139,5.84689055358495,4.804240005088302,6.024036840202598,8.09242883242584,7.170013806193097,5.900081836295008,5.951174045868143,5.273568130142667,3.3106514383397196,3.261746394317413,5.323528803896917,5.664218957896955,4.519473259219288,4.80182234109939,7.2184975573544925,3.433455226539616,1.6311807773715985,3.502381444276061,5.133592429943326,6.818383677689744,2.876448180498426,4.642283253961603,3.502381444276061,7.82209373057707,1.4065749370008103
136,SAMe50d15fde368,-1.6382416167520029,5.033981458471689,7.077113453905103,-1.3277860452283612,6.289955389574881,4.408124422530568,7.60481477598746,4.39191732244775,1.9446629522191183,2.5178997419259432,5.484439163138028,6.26573339069638,5.010614256965601,5.425182340410421,4.917763006749842,4.939491270180361,5.355832015675355,4.6756371269421235,0.882084217036543,2.115325339659134,-1.0917301676222442,-0.732856766679038,-1.1262783200130093,-1.7603496894793578,0.2997043316147178,7.442847692430997,-2.3258908063683763,-1.6905258920730273,-1.3277860452283612,-1.3277860452283612,3.734519567671846,-1.4378785481007237,-3.1391175043536044,1.5127743815006796,0.7340025992800779,4.581794233183713,2.142811119503955,5.030598565241618,3.32071301088806,3.67327671573268,1.1156975501608926,2.1127945730105724,-3.1391175043536044,-0.500678630929013,3.121149461758524,5.800798981103495,4.49177853543497,4.679685815356253,6.7244200475934806,0.4890154752289904,-2.5969718792130725,1.3481802912672676,-1.6905258920730273,5.4495375357443585,-2.226873835883729,0.05962227641394454,1.3481802912672676,1.79977015169188,-1.233241122622591
137,SAM45c8e6412c66,4.075698283958202,5.093333180447851,10.588916145791698,2.9576907092258926,6.217981086055974,5.398928351436855,7.20853308498358,4.762981320091405,4.347703388067415,4.493165094202622,5.498986993920079,4.129747138999422,5.342404514129998,5.675678359562694,5.043843931830319,5.040182732000111,5.6425167421589935,4.604159672120171,6.163306127661872,2.2152688549000756,4.539981051392903,3.124362828998792,4.917577383074909,4.589198035327677,3.5181832522523138,6.055695175356007,2.262898926428122,4.18267910748171,2.9576907092258926,2.9576907092258926,6.128861691934889,3.039580792009443,3.042061667203324,4.293873733598607,5.931139251066392,5.1059266504201615,4.958126151229974,6.044253468645763,7.471028604515507,5.9165135674688525,5.550655027285287,4.396001624321449,3.042061667203324,3.2745034754984914,3.833412077126205,5.1286467115839365,4.851372203514475,5.172685428727581,7.423703682927434,2.3330332902553588,1.9166797081858717,2.621599253789076,4.18267910748171,6.734253701478956,2.6774839784240827,4.186083029970257,2.621599253789076,7.976683004651643,3.948037272761796
138,SAM8533e5e261d6,-1.541727200933545,4.674060702645196,7.472971195717246,-1.6438881786068802,5.411335298506724,4.814433232140911,5.971100546408801,3.783870956732092,2.0821454599633067,3.09203376615551,5.118265940874206,7.364946823669001,4.4349898483601935,4.913494058482983,4.211881642646801,4.633537336209141,4.5092930977059815,4.420427390752185,1.0162903838526303,2.686557252119603,-0.47773823806935467,-0.7827454388383952,-1.0013605622651458,-2.1407635475687408,-0.4512263216958612,8.057887479361144,-2.4527119016184957,-0.9275013724135147,-1.6438881786068802,-1.6438881786068802,2.6839736503314406,-2.4708700861413524,-2.8883823888674622,0.6883037489525249,0.5183153322451223,3.897146328182784,2.589142205308349,5.29042290169041,3.2965071635145087,3.3906024545563365,0.9200345702327689,1.9980721425038708,-2.8883823888674622,-1.7503429626830864,3.097988033978814,6.044810071630936,4.55404822158686,4.739269523469419,6.593812789893431,0.4102543779021901,-2.900184167577861,1.195012955577946,-0.9275013724135147,5.035702936307465,-2.4771598875149294,0.5499207222299205,1.195012955577946,2.331458319076411,-1.6702668682669728
139,SAMaaf505c36f93,0.34126187477785075,4.895249230180655,7.3582879108739645,0.28610789708627943,5.873856943916346,5.819089812379398,6.89279311791159,5.247748279402551,3.8621048968596106,3.784507433205192,5.733970739909289,6.410727781204813,4.890579733052182,5.070120563883152,4.637078199799931,4.803749684406268,4.919908727976079,4.308957292774874,2.8877361507827555,4.322611400864727,1.147548427244308,0.4459254154659953,0.7584706561998468,0.09177477423916673,1.4256309327471193,7.630038101425122,0.4814489140243176,0.8489378632201304,0.28610789708627943,0.28610789708627943,3.942402078174039,0.3217191481135224,-0.7360246375010258,2.6581306246190253,2.282634415123712,3.971587831479267,3.4280725799552405,7.096689747442087,3.90997228223814,4.651538612278415,2.9785589441294733,3.3425203750350185,-0.7360246375010258,0.6319202833391533,3.587056122592679,5.506085578178889,4.250012783712791,4.585188006929174,7.084651424758391,1.210676762976169,-1.1854891262956453,1.5891831288338896,0.8489378632201304,5.369610544014688,-0.2733557480537562,2.0750426208977033,1.5891831288338896,4.1773545832957275,-1.434875250081972
140,SAM73663ee4a96e,2.340673470581347,4.756200012111162,9.29170678435167,2.0983021033914904,5.40730883312287,6.055491453107714,5.327596140982858,5.138797160254287,3.7754699722460434,3.67906606772695,4.357853700909127,5.968346478115463,4.6287353512081975,4.856357279157048,4.457243667348027,4.637304916399641,4.687584638961426,4.254101675703598,4.646534431168639,3.57187729376933,2.897303185373177,2.39157375096415,3.5953161621415046,2.635359649738027,2.3234520837925348,7.076780949001313,1.9333573173439902,2.608472879688391,2.0983021033914904,2.0983021033914904,5.1915269838355,1.9154875130808406,1.3212053109950643,3.6427315489566103,4.253043852681479,3.736020361664775,4.14848629043451,6.868085464238703,5.871999376387734,5.369627886203353,5.078538859220856,4.22751033873879,1.3212053109950643,2.115739778807158,3.555008901369949,5.144461748412718,4.420245277912258,4.68285852819002,6.695094191153586,2.476011896291714,1.1398945361471202,3.329572739854781,2.608472879688391,5.1233196958456535,1.7199331105561226,3.180830276606022,3.329572739854781,5.8925651295251145,1.0746571373993095
141,SAM0bdb3428bd13,0.009539878891712816,4.65882399174213,7.820881662352193,0.5987305453962471,5.356839192952387,6.592465513278054,4.922391969553753,6.616846751425653,5.352424402859343,4.986845955176545,4.9330505996886345,3.003634518314163,4.477936946021679,4.666195573114098,4.116891153734505,4.57557645268568,4.365836230318013,4.281193301066928,2.290161725506713,4.169703738426173,1.7093611433680511,0.688151723529985,0.22582156125993616,-1.212867586562104,2.0362299741914636,6.838537416552415,-0.2540805123669945,1.2366440599062722,0.5987305453962471,0.5987305453962471,4.053263396298382,0.445530833849065,-1.5388324358011622,3.1655043819879665,1.5526260556009017,3.379234927817338,4.472008787442954,6.960066775557489,4.059541919343092,4.4436563792608945,2.602654549793252,3.4258772553678365,-1.5388324358011622,0.4974068521792347,5.0695950441584445,5.255794233703481,4.416973748595701,4.631145625754931,7.7060736701178,1.1145953879321189,-0.7319571919271302,1.9049384425015592,1.2366440599062722,5.695243296983608,-0.4004024282719586,2.3342434522235482,1.9049384425015592,3.795526689649732,-1.87954201291946
142,SAM3330c03fdf00,3.818492273703844,4.802642543820004,9.361167383386382,2.9707340254039516,5.38836158941641,4.982310528281065,5.609157646726252,4.809703929924932,2.9123800655159755,4.952951824158318,4.606778757124426,0.5806433946344441,4.618964667746257,5.08213492762558,4.3811081638995395,4.728805827489407,4.715320127177158,4.052453284830884,5.20569731078435,2.53048622831502,5.059214801401489,3.067914593043445,4.108696690066108,3.044194957797588,3.729440748221027,4.419388011774035,2.6530594048720633,4.742607611888535,2.9707340254039516,2.9707340254039516,5.880078507219052,3.287872877762473,2.94794022703295,4.190118305659404,4.977560915086931,4.05966430407597,5.378020431998197,5.225203906089454,6.489906705270729,5.471960066226502,5.137411825500206,4.028361753055858,2.94794022703295,3.273650768814089,4.09854532411205,5.472835450614126,4.204182775601398,4.464070977487117,7.191990516169,3.1137243751690504,1.8208962417867072,2.1532701721298833,4.742607611888535,6.643756053828639,2.7849567734792657,5.05094062700086,2.1532701721298833,6.095422643385255,2.67521108246933
143,SAM0a7c2091dd56,1.6589744301255358,4.830786340952519,8.812085867866639,1.588130516080035,5.443782691366259,6.392650512978202,6.2016091414795085,3.926457204572481,5.557105873156381,5.046236169831832,5.866651112805378,5.079718547197078,4.9903360398243155,4.947629174072477,4.363266907423187,4.85904374771851,4.856308660725554,4.3228018320935355,3.957584156842146,4.013824754564424,2.085136235077468,1.8413325798977156,2.3907133686829964,2.0880657001273466,2.84467948594529,7.329698292766444,0.9662767996358502,1.6482109157210811,1.588130516080035,1.588130516080035,4.941195634048344,1.8082622385500944,-0.07776168167753313,3.3104161644985233,3.6867926168215814,4.270952877274244,4.3087085289307385,7.435354574962609,5.1926340593637414,4.92735378958244,4.231271021527925,4.396475250075609,-0.07776168167753313,1.37521518815899,5.017299121491647,5.2307247127979615,4.421506103780831,4.879980856830427,8.48050510220264,2.271985074277724,-0.13612391719689687,1.9204450163150835,1.6482109157210811,6.116606785111387,0.5333482386666613,2.8017686723066824,1.9204450163150835,6.965264935001787,-0.05624059772227774
144,SAM7bff231634e9,3.5934721788982786,5.166597540846401,9.866179537505875,2.505446621827236,5.2123081022003825,4.643284779228048,5.815592605846396,4.295694149395917,2.3422145319646943,2.12787383496814,5.120166935125646,5.517598224736847,5.353716419530516,5.6556067794398,4.985754923381449,5.146152559860491,5.527214664542242,4.552731375289751,5.661973155618792,2.6489709382836684,3.770629644488548,2.6957156748974738,4.675444244853276,4.725814922068321,3.8566663104614194,6.596169726222626,1.0557230058915856,3.3768654616934484,2.505446621827236,2.505446621827236,5.528675963350958,2.857286141506787,2.242242225552269,3.930661005179174,5.560124493605278,4.941775451365622,4.259988213994262,6.555430099368967,6.865556301922707,5.946126624142779,5.632166720837801,4.211711604409039,2.242242225552269,3.0442276583906196,3.136735115679398,5.339169939462983,4.870499068690023,5.1504990162572,7.007196516632092,2.071910755126534,1.2291051830062527,3.112951055296191,3.3768654616934484,7.17481739754699,1.8824534494935672,3.0640937411272837,3.112951055296191,6.943608320916311,3.013002217335124
145,SAM5d1dfd5207f5,-2.3380274487572903,4.860759088360214,7.57422506062003,-2.51254838885831,5.190290491704407,4.784693415045223,5.793710365518496,4.246471594179242,2.5248563512327715,2.8090835972773758,4.80493915065664,6.539503193356268,4.642852939204149,4.947541729379697,4.277265418139825,4.752516486282136,4.562804839228996,4.342085403163353,0.2730878579327715,2.982493267178815,-0.9471306848749053,-1.8839365219657682,-1.9409737267926086,-3.3883023092021474,-0.04373361884021095,7.7818874890139185,-3.0512075869892428,-1.680744736260767,-2.51254838885831,-2.51254838885831,2.304396660391499,-2.9546841408418443,-3.8172083816400004,0.9312522458245335,-0.12473566878623325,4.2517397160914685,2.6235456935870056,5.597225872615496,3.3807337266606297,3.4182974620658033,-0.02891870662393048,1.7651170239209435,-3.8172083816400004,-1.6022901137922485,3.742847919370366,5.72337533535372,3.9301436391543483,4.351525835310787,6.890858703953001,-0.661086485830371,-3.131197674516196,0.3394394342334879,-1.680744736260767,4.573162597084398,-3.2600951400472242,0.11757436528972083,0.3394394342334879,0.7713718064629123,-2.7094054092460436
146,SAMeb587a68006b,0.6046477918068882,4.614085225795169,7.9535153939104,1.0146038853677504,6.437074983936976,6.788805318777318,6.033642029024508,5.387309106816327,5.250344921967605,6.0062515473178335,5.199508149623642,4.018680248881199,4.780111495555565,4.8399076128529535,4.060322052056859,4.611615551024779,4.278606398170411,3.7839240424740415,2.8347651947404593,5.691041405145661,1.8422304195782275,1.155427078769277,1.4398485317618503,-0.10048908983733125,1.9223255053161552,6.438522916097477,0.5456891578486689,1.3701324049207944,1.0146038853677504,1.0146038853677504,4.9661809686857605,1.200896771116452,-1.1849795674742645,3.198817490232012,2.3057216782615515,3.878554846993582,4.557049927333512,9.012195667825026,4.099296229631431,4.468045991001835,2.9813618122478958,3.5822479019356672,-1.1849795674742645,1.447062413459628,5.158299695609149,5.053452010330572,3.9168994702136803,4.168310769047448,7.357870434358556,1.868405522733135,-0.4864229136767535,0.8994126390846052,1.3701324049207944,5.762016914296664,0.04284835402964754,2.8089276617288803,0.8994126390846052,4.924684554235807,-2.856276210405202
147,SAM99a46b9eec27,1.7984298101690446,4.628795850839067,8.880631600627423,1.9653554448768376,5.201914448891038,6.085434064915994,5.173861252384926,5.065931152628361,4.277598916798532,4.722362116584809,4.972144614384017,4.1758260308400805,4.469983797787303,4.761604117730525,4.131032938681852,4.632487130160572,4.252241919476084,4.008491080393527,4.03831249109344,4.035086456884803,3.3615110995598227,2.165069485782955,2.6228826916648114,0.5951948255151939,2.8618929870590972,6.444547202985081,1.436808156889269,2.8036826636056014,1.9653554448768376,1.9653554448768376,5.194897966393184,2.1135713690234947,0.22005785038665326,3.7149241352870193,3.4589574446198625,3.8104118922522794,4.779082273007886,6.966532339911114,5.34904759492438,4.932373841083034,3.2247759084812806,3.9856907319288664,0.22005785038665326,1.9096512968256338,5.577645846051982,5.204161321354552,4.040332839113225,4.229805443666697,7.3161610378332815,2.5191549700972917,0.542158309472771,1.5311518767119097,2.8036826636056014,5.995838924280105,1.1316586837851719,3.4448941907833395,1.5311518767119097,5.0924708419563105,0.0032260342086374294
148,SAM1ac4e3dee297,-2.2848755402326772,4.834081063870199,7.452889723917184,-1.803405133582901,5.741255377931383,4.886848769064641,6.457983733517887,3.957398551870227,2.251152911425056,2.203621839570479,5.325442589719026,7.220787676010701,4.744622051549569,4.874057315799328,4.311011363053031,4.767449902702361,4.527834372683898,4.359180372584611,0.373010969291911,3.2076606692714487,-1.032845009350294,-1.429674826366377,-2.0411323481426638,-3.4087359500039214,0.338924762886571,7.684333092494167,-1.8580666072981986,-1.71514111691933,-1.803405133582901,-1.803405133582901,2.988122656399602,-1.6994681059047327,-3.1792469245122494,1.508387230794256,-0.08307598446401901,3.9706027900237757,2.773549055957017,5.577007137679345,3.425873591154505,3.5443214511640218,0.3809480523298741,2.1723667383177294,-3.1792469245122494,-0.6501729334539329,3.5783405789611105,5.372895195469857,4.285898364885298,4.532974127615181,6.9422552310871355,0.12231724590210306,-3.4769418565400794,1.0578639914513515,-1.71514111691933,5.102807661238002,-2.574125687622144,0.42460410559605677,1.0578639914513515,0.33440394607288343,-2.8346496999795376
149,SAM553c3c35b847,4.550127406563715,4.670428584207026,9.589244337177059,4.042738180201068,5.693929615709719,6.193187730130769,5.7561544513275775,5.21213723591683,4.424461663291181,5.575293083922612,5.1487152167293875,2.821565183340871,4.722499651054388,4.845356091502313,4.253597201149929,4.651027473349734,4.494259492683544,4.062487306379638,5.652709685984222,3.5204362119329025,5.910115091589011,4.45726519685982,5.725059831405399,4.043602625858706,4.236940048011131,6.500500929616954,3.1493493759413633,5.4924008800833235,4.042738180201068,4.042738180201068,6.279542261871134,3.8188925666786866,4.07957733696665,5.340101618716281,5.676512998238975,3.9659877680516855,6.2997611832986955,6.445095808180144,7.36435751979103,6.186252000010577,5.363696496917673,5.2809701147715185,4.07957733696665,4.253327805505613,4.950762020451699,5.338908694248001,4.256167194566147,4.470140707518459,7.97024990786263,4.009596352971738,3.128501884406481,3.5885082326706303,5.4924008800833235,5.987841299682541,4.020659408102755,5.149247315948331,3.5885082326706303,7.012545428904443,2.1322734740513196
150,SAM3e04eb914f3d,3.4843448068561726,4.721840267817275,8.86133192792048,2.1232993219768206,5.4741334496480665,6.028439348413173,5.417375462306137,5.474255369843712,4.479901045313957,4.707472669282256,4.130383253183304,5.6600074641942015,4.72070746341662,4.8893024320580505,4.293129391220414,4.72434298376873,4.577321548489618,4.168941213323249,5.161467923664684,4.221671982100519,4.2112367278986635,2.2864327241322155,3.5699961644840403,3.601017812160416,2.957936713365552,6.9132053168306085,2.681648214287847,3.846607094861655,2.1232993219768206,2.1232993219768206,5.317451764898065,2.149320611261378,1.9635055167594981,3.849429255323514,4.7342089345064675,3.6206389427122416,4.877213901756468,6.9098500384983055,6.09099363271803,5.816009904782785,5.556582532958267,4.617436743420181,1.9635055167594981,2.7924927676996836,4.705394332212523,4.8837375710228255,4.351511499875183,4.587496792537408,7.584615298537348,2.1417599729024777,1.1063142584050232,2.947892455316667,3.846607094861655,5.6638557262576095,1.897268540865707,4.2025722250986774,2.947892455316667,6.638579827514704,0.9397959415641655
151,SAMc2a1820d4e6b,3.4359599078620278,4.619732571601468,9.029340200009441,2.3790927758531333,5.617505216031766,6.411078175441744,5.5494909815955555,4.485444772272327,4.589479965489536,4.780639431888978,4.784307001763298,5.39754149203151,4.604544414488508,4.8340348182721415,4.196610616238718,4.549377178123759,4.531120092794698,4.1485391864091286,5.117798816055594,5.677802422285822,3.9642232255593965,2.6927004277457,3.7691806639772008,3.6791531821556607,2.8501408089989764,5.897072091308718,1.8374139434641934,3.449440926633745,2.3790927758531333,2.3790927758531333,5.7507698080446445,2.3354539707783877,2.111832913181217,3.866694829372507,4.729548902736391,3.6398362051449826,5.256002231644722,8.877622768766697,6.305700595079459,5.768001469914413,5.098218313336987,4.571354807600445,2.111832913181217,3.1402248281835914,4.302972267569079,5.4749984360251505,4.075847349231158,4.397813421693221,7.227485025340042,3.2702228288775284,1.6284661644408074,3.4186163154963194,3.449440926633745,6.066600944683927,2.352178294092792,4.273084669043648,3.4186163154963194,6.285922926893839,-0.5600036062302278
152,SAM822b226466a1,-1.6290537423829772,4.915363115899617,7.397473901454323,-1.3951890464334151,5.679055405804467,4.722222329498086,5.924310896134297,3.5683418493503947,2.8168974450708646,2.8207148099954797,4.395811633136594,7.099583377739674,4.569268331868719,4.896277533174102,4.298340008451537,4.815216034985953,4.479810384521808,4.450409146304686,0.688829068528786,3.7601299876230523,-0.5095025781703839,-0.8813372458569202,-1.9535393929166591,-2.6424297394650886,0.4630125526742468,7.350156815314036,-2.0384583892467587,-1.0683117478521822,-1.3951890464334151,-1.3951890464334151,3.013741041534409,-1.4770476024183807,-2.4671108187866833,1.3513329209460032,0.3355634665316321,3.8182021366996635,2.787342142124194,6.842428355972619,3.6835494218669647,3.3106209675703533,-0.34147056176445667,1.685327810814447,-2.4671108187866833,-0.6893241195108896,3.6565620572907966,5.80970771050251,4.199750981114378,4.586302455453147,6.3919610527176856,0.1396113702165677,-2.8827366153287173,0.346927222019725,-1.0683117478521822,5.006797988899852,-2.180278088173207,0.8956026541301586,0.346927222019725,0.7216758240652513,-3.0713009190942664
153,SAMabc151b01ea3,-0.28392540661582255,4.8067218307014095,8.367800955379746,-0.13286360853055199,5.513757090380943,5.286949186636496,6.445897743875285,5.390252862828776,3.2612292341964677,4.097153385590267,4.722632395791299,1.3607536196171814,4.756266733111867,5.187265685752819,4.596690547375991,4.793578256270098,4.877637559065239,4.387047894246406,2.0149462885166405,2.7553370936934556,0.9275273292721459,-0.07169666236249092,-0.42163246819130956,-1.1866474017701147,1.5249510882326562,6.182787450661169,-0.7379962333685487,0.17590540638073052,-0.13286360853055199,-0.13286360853055199,3.836108369206811,-0.34176511566997564,-1.6890767900505288,2.9735257609598946,1.5071252171289038,4.103393548094925,3.8236988287021196,4.852182305733545,4.797951296292934,3.9974234752003235,1.630880749310226,2.742109417082286,-1.6890767900505288,0.5493585017143222,3.4906305303054252,4.950662840146286,4.718893346964527,5.139062521189448,6.742037465913495,-0.22940252729942565,-1.3815933395588111,2.030581428866945,0.17590540638073052,5.934373491092923,-0.952591208046148,2.1159944095378997,2.030581428866945,2.7047009672043694,-0.7403908051768151
154,SAMe1eb5d988760,3.326445655942641,4.8799555990728445,9.236665592257955,2.5115956002640893,5.33616613929242,6.547100435607248,6.648959381992107,4.853107584657675,4.711932517446092,5.197671467807676,4.782465361698037,3.5110304285222935,4.9517333709215645,5.102692982061826,4.600151221065149,4.7613021201502175,4.866376971306329,4.16364501276123,5.453454767394323,5.952121875800246,3.948941011759643,2.8069842522717257,4.3249319226414356,3.678375751997883,2.8943225710163456,6.557596340755555,2.020071440678597,3.6252216917213613,2.5115956002640893,2.5115956002640893,5.477505018444253,2.570626763883158,2.3345734528878306,4.041916919292678,5.19399764485088,4.58278860770811,5.334382084572776,9.00392736144025,6.271264381826977,5.714961555196618,5.52780192859538,4.862275029524874,2.3345734528878306,2.929802861121937,5.041993260908207,5.429107650389659,4.2012072680633,4.520997964698509,7.058758150869881,3.134655165074456,1.2891797991731673,2.655158749878335,3.6252216917213613,5.433667559536872,2.345181479987505,3.948667760108514,2.655158749878335,6.659840073949288,-0.49866710840592265
155,SAMe3210d3632b4,2.948525915327484,4.8664807284552865,9.641145142288176,2.6758983859848406,6.132527468024649,6.608271509347024,6.720089872286103,5.07104358897406,5.417740665988878,4.890190797784563,6.023911816331001,5.366802282961108,5.278832074602618,5.589939027059853,4.650845662897322,5.042885270343674,5.540063611990654,4.397347874456085,5.212492512429148,4.515827965502273,3.61613249924936,2.991004553329932,4.185660122625602,3.457831113868515,3.333738816103757,7.082056283606562,1.4042118750517578,3.3824062408128697,2.6758983859848406,2.6758983859848406,5.524545111697206,2.603433208923212,1.746259225088897,4.393712383773849,4.731590195462469,4.784255859845086,5.003131900636282,7.966766943888459,6.331944955392973,5.661580233371116,5.043941343886165,4.800418690381683,1.746259225088897,2.6331005677848887,4.505688204655374,5.113609923355044,4.797752517008881,4.978881005147247,8.245705483342718,2.852525295302607,1.3861032110949172,3.270914460995623,3.3824062408128697,6.82842089790232,2.138574049914176,3.6013479009342664,3.270914460995623,7.06870088945125,0.6966645469268755
156,SAMb15ad09d6e24,4.357256262793943,4.806954092040997,9.455125027221388,3.6259515281916888,5.998278771534783,6.297458014662574,6.344187669533146,5.855298597071659,4.754048564092575,5.359632715581423,4.728956629614743,3.0912950178033474,5.043262401975199,5.316982770636949,4.667764645217952,4.845454083783502,4.965354418410463,4.136696391560385,6.020180772700106,4.492357773562407,5.421810493164468,3.8640025286391166,4.82788755145921,4.1895732159718255,3.973414753266867,5.9760362412115775,2.7552959985078265,4.926599010402039,3.6259515281916888,3.6259515281916888,6.3569531304581055,3.8309201758349984,3.172000177705675,4.6410364244473055,5.61797242697681,4.654568229190353,6.011437389020763,7.7325805002903385,6.972898377789756,6.2060405393848725,5.752888997412975,4.903158577018837,3.172000177705675,3.960846246426809,4.409479045762543,5.281576370503437,4.361565225351815,4.660118460282752,7.651522693411624,3.897543017127839,2.410293283284273,3.4322570493577254,4.926599010402039,6.329003974423805,3.292646708210459,4.837296755031325,3.4322570493577254,7.190212572877091,1.5278229991376993
157,SAM7893196e0e89,-0.29412867706677415,5.047532644695215,7.707391745100611,0.4142485726609513,5.505703142595243,5.58197877321867,6.554327763873518,4.516282602004276,4.212064606955377,4.553562256494476,4.82168049331859,7.112189848422845,5.10155065835333,5.4786482684037905,4.8883765086208,4.9645418544038815,5.4243918236766655,4.436340062303681,2.20877334137955,4.855079497965822,0.6240563931458531,0.9754749141688992,0.8463773566061681,-0.6145346172086631,0.9124275753856383,6.661322964347826,-0.6463836709896347,0.32890084650357837,0.4142485726609513,0.4142485726609513,3.875707832401184,-0.016031083398822144,-1.3347507736287525,2.3070920199370497,1.7615643153000953,4.782080775286264,3.561972319097918,7.863845592042146,4.008216926032349,3.9345845040831504,1.3495957247624712,2.282577890792803,-1.3347507736287525,0.20725720683113016,3.22931723060584,5.354243290308575,4.346794893903723,4.610126261097843,6.400013039399728,1.3738474637584408,-0.8818274390420563,1.7842642181542827,0.32890084650357837,5.982902374232301,-0.5411530286470565,1.6084352300258977,1.7842642181542827,3.3554547381150672,-2.6463061565862724
158,SAM3f446449bf81,2.3337186062363102,4.933353142051427,10.548279882364985,1.7219169841138162,5.39579386673574,5.65437834284445,6.404915945596521,4.165459124632504,3.487154746717144,4.886446243776196,4.246944772822848,6.057053570880568,4.875436376784811,5.345568012689457,4.689346399833246,4.8535553302769685,5.073913431147575,4.277769021333275,4.775921824844392,4.853788168214079,2.785141603669023,2.0628769462688,2.9296795678818373,2.7545406384814157,2.339534185263634,6.54372303866397,1.2827448088875815,2.3268233669088048,1.7219169841138162,1.7219169841138162,5.811073395271084,1.900614364043195,1.1509108228994025,3.2145700231822416,4.59702585149213,4.780894394039278,4.6648477321568445,8.127130922445607,6.710224464344239,5.253094234187208,4.25959869533618,3.63353613607411,1.1509108228994025,2.390251516890689,3.2370209063973583,5.22716328281005,4.356565021277839,4.677194269256667,5.9225345676557595,2.4433688324343668,0.6541689709187081,2.4771772129728302,2.3268233669088048,5.796603149137575,1.4366891940622781,3.03291187840556,2.4771772129728302,5.315928697957503,-0.07786634336968667
159,SAM961d04c42bd9,0.9490317034466862,4.911276343355229,8.056318369652256,1.046726146937697,5.19879490766752,5.891064579908166,7.152057318592351,5.168271884391515,4.128366914193381,4.408788745866847,5.969155097419414,5.571421842666413,4.9301969137761885,5.227169858836844,4.66831566232103,4.7676165226445795,5.083908228806931,4.538917504199633,2.815649465970065,4.822525859528681,2.428172244954965,1.4242258145322488,1.9747485063870542,-0.22286597084481855,1.540510547876749,6.763615913687637,0.22172938537573325,2.032971938087876,1.046726146937697,1.046726146937697,4.241095032688673,0.7463413823293767,0.35990741634343887,3.1289394703645708,2.6407400101632517,4.383325935703806,4.525219457304228,7.463219695934588,4.729278532105803,4.798906078861366,2.3212926831297778,3.075610133444497,0.35990741634343887,1.6989895665574832,3.5928682827553864,5.330028616684148,4.60947855298192,4.840246340623468,6.82397776563167,2.790168627119444,0.42066343559187896,2.452514254824955,2.032971938087876,5.9458952596898085,0.8854916962390512,2.566978745081455,2.452514254824955,3.437350573897185,-2.006876393558616
160,SAMb0d11db9aa79,3.7728659878945177,4.854376940340307,9.925352377027933,2.5573554328881536,5.78724060549428,4.7190662377026555,6.076268727258934,4.889712768690478,2.512693199222318,4.396835095381869,4.89209595868537,6.788739625302003,4.806399911967301,5.051626697485575,4.473752328469965,4.799414291665822,4.7004640386418535,4.337505349814926,5.645043650901896,2.3824317900992162,4.172827118708204,2.9073301463678844,4.06077199483456,4.3092059908441565,3.6487240095312132,7.062759728922064,2.4149289367403135,3.632700359947107,2.5573554328881536,2.5573554328881536,5.898897002012176,2.6920930242751866,2.3574741842366556,4.004023862981611,5.451890208577309,4.570594372836819,5.0032543268981975,5.192042155854135,7.096790613946988,6.12629691714727,5.151053128998026,4.474194921017702,2.3574741842366556,3.281438041781379,4.0549386762794635,5.4890483155957,4.456229041835149,4.671153506540182,7.095900301795278,2.781329333713772,1.6174824482719534,3.273205198372786,3.632700359947107,5.298456999044828,2.3499879564386568,3.9007204855671618,3.273205198372786,6.37220338910328,3.26261186080268
161,SAM19fec8f3b3bd,0.32224454381012846,4.862696829108493,8.231087463323444,1.6068294647208252,4.876691723230465,6.207527045240568,5.136211830134787,3.9292627840037255,5.123848719047104,5.033121004564511,6.214751110553735,4.527594004909519,4.781373067889118,5.032053983302805,4.488004329606698,4.846264106758137,4.617774565939863,4.133053753710412,2.776162147586974,3.4615713234408703,1.5052058180131787,1.8466126548055701,1.0516148574372668,-0.5630283215483192,3.1892421052835283,6.238713007180632,0.4174011583327156,0.9339708583250607,1.6068294647208252,1.6068294647208252,4.757117710308062,1.9638120423274157,-1.2246069519970717,3.754337286053617,2.2160989512268903,4.460853326795662,4.134098401270398,7.596762633919795,4.450300106902523,4.004579993644896,2.1310213589029714,3.3033705056638336,-1.2246069519970717,1.1693544439914665,4.9396577706553275,5.533487601607876,4.39762831060631,4.517253375950368,7.964493862118606,1.9353096428908367,-0.3053164984629752,1.3375868177303367,0.9339708583250607,6.142803933487369,0.19037087895563579,2.6637160278754464,1.3375868177303367,4.58398212243499,-0.6854091758538963
162,SAM6083aac8db99,2.8647656671889843,5.002575012800917,8.504855780352111,1.9482610085789827,5.393325453605511,5.282701032923414,7.072156520048131,5.688614997176359,3.3188750179773514,3.7019134001524336,3.5776286672441273,3.3111819190552505,5.292940088097698,5.368889686805967,4.739180444091205,4.9151479250402295,5.500636168859782,4.48745007780688,4.929396828036156,2.7248728275865695,3.3378010768380895,2.0361156508566216,3.222873645020503,3.4396487225098333,2.422860422645902,5.949975903609797,1.7770803629096943,2.9886740777466962,1.9482610085789827,1.9482610085789827,4.630709836517539,1.9208699858972,1.8873454363543611,3.639187217754144,4.531013173565546,4.969773488495986,4.19273981639278,7.063959670257323,5.849683655483618,5.543377419907037,4.2243118238830535,3.4512787754000662,1.8873454363543611,2.9064074451273267,2.756851271006035,5.466774599062222,4.574145178040159,5.052836180933149,5.979164224317098,1.7822346908279991,1.0118462751316153,3.1222129582659512,2.9886740777466962,5.536311671795721,1.7838763056850064,3.2550351054191857,3.1222129582659512,5.9661933047833,2.2045240004495863
163,SAM7ee2b6e4d6b3,-0.1309893346320623,4.893570791149714,8.333789397307713,-0.24153229344647026,6.153194819168015,5.231416743810909,6.126650784864534,4.5094223408796825,3.1293485945720803,4.035462528838948,5.6082172330850835,6.698203264175717,4.751172193990527,4.843073475849481,4.376337308508253,4.659372264938677,4.429509620883716,4.2501330869471525,2.0180746016920037,2.9226179753961032,0.9957574722557663,-0.011790334148620917,0.9336147007817184,-0.9705647122940212,1.0107251549056357,7.158352628105419,0.09839204700103686,0.6604216390863997,-0.24153229344647026,-0.24153229344647026,4.19084259230644,-0.027811818588948725,-1.356799067521098,2.3376177386231873,1.7709913235129093,4.327218051881603,3.549234319492302,6.248877568096301,4.364997809087187,4.223845531498123,1.4630132452453921,2.4982788582850137,-1.356799067521098,0.3905178752790599,3.5800011559510687,5.620017116883762,4.047394732622167,4.440310473953707,6.68386797355884,0.3236179021985544,-1.44676370529669,1.5138631469330164,0.6604216390863997,5.394625173466069,-0.8592884072782667,2.1119902909169124,1.5138631469330164,2.763680635456035,-0.9045433737040995
164,SAMa90d73f8d891,-1.7467364982044442,4.9720589171787495,8.335710975701586,-1.4071942167421692,5.940025339476646,5.552534944064941,6.263429967021615,3.8386346758380587,3.6715551177271673,4.445934602699805,5.282967446178914,6.077349400869882,4.807793400611591,5.244870355324135,4.5636289871869105,4.895538515960817,4.846300705915966,4.440614449563193,1.451027679453098,4.00560920254801,-0.5035845438486596,-1.4977294087307749,-0.8887693309918108,-1.984689828237201,-0.3683887765176281,7.639670102555688,-1.866497958727068,-1.4988979612294593,-1.4071942167421692,-1.4071942167421692,3.149281888545355,-1.823966381887276,-2.801194826432299,2.378557979828314,0.9907293745792337,3.425984052219867,3.1982052638382963,6.3621516546622985,4.296800861973837,3.8352543388275704,0.5360576465031567,2.179139518002907,-2.801194826432299,-0.19109062120321907,3.325470417632952,5.923515850391494,4.72581558183919,4.9606903489866365,7.139512592843995,-1.253242763174057,-2.4332111717526623,1.5975022275590733,-1.4988979612294593,6.06467787833322,-1.9503406132194732,0.5133566390704422,1.5975022275590733,2.242755594999925,-2.554581523094912
165,SAMaff272833538,0.7703702829189657,4.885582709965905,7.772546053319242,1.3322600299354668,5.45163218500744,6.29311717792562,7.142552827296257,5.75508497555859,4.6243214317142645,4.629742977219916,4.780230310979695,4.85990035233352,4.925536415039675,5.162311084071189,4.7000355949492345,4.754437474666287,4.934596502229251,4.293090059049923,2.8611969023732993,4.498345662784485,2.0050336524777,1.6715332183764864,1.4550326830388993,-0.3368695781023341,1.791401966288733,6.977746485744834,0.9398701956122587,1.6704459757314787,1.3322600299354668,1.3322600299354668,4.471467470916836,1.2362312684477577,-0.582665160000075,3.212719968592007,2.290033380362396,4.339217832471257,4.1907601126305485,7.4479620569509875,4.246388743395686,4.51483471787636,2.8482064893878927,3.1532026378744,-0.582665160000075,1.3476318290097424,3.763710471508404,4.884296979696697,4.4144179990367,4.73084027329258,6.6017415603274765,2.2197740829464725,0.010780179608173771,1.9737693188317487,1.6704459757314787,5.679616115888461,0.5388190499878664,3.185313827038923,1.9737693188317487,4.023125324242324,-1.6371487604111854
166,SAM415f36ad349e,0.011240061645605981,4.861434876122675,8.063051488331805,1.6946202443984084,6.025819731595754,6.227880003614232,5.0804604178720325,5.286134270529003,4.685791663634999,5.910336828328657,4.755680357248299,2.0266137945397964,4.932689123061048,5.289203998590719,4.507206151258223,4.91005611992116,5.19503310365334,4.247891065635022,2.609527373051797,4.0516479961921466,1.5166187532864266,2.1135691572944078,1.102178921257556,-1.0765333893270486,2.502388408003163,6.321571609550996,0.01161389497822046,1.1104915766273276,1.6946202443984084,1.6946202443984084,4.707539955014845,2.0308517633805883,-1.014521567154981,3.1421425033349153,2.2340608939942617,4.736307406929241,4.331208102631605,7.289783318997167,4.095352135623666,4.028447021035165,2.4545969849368636,3.1006186626396985,-1.014521567154981,1.06277555784033,4.1022161560359445,5.140414421857608,4.344700853888354,4.5891697226843124,7.3018110783994565,2.8149103755937546,-0.4184245683079102,1.3133250384034196,1.1104915766273276,5.934243678032578,0.3787454935907425,2.2536939876673467,1.3133250384034196,4.394989820876739,-1.4421206231403496
167,SAM7c67b05aa109,-2.8401033160333053,4.923072505532488,7.062494994568465,-2.4888763010717736,5.824033086505854,4.3989145909166885,6.634841140403725,4.193112177318923,1.8770671754744035,2.8448446131936715,5.828980312126204,6.637444426622338,4.977970602876898,5.118186880392527,4.64117974208546,4.960901530963643,4.885188156746897,4.44209881721394,0.1665671024749461,1.8550677707112075,-2.4413405902493026,-1.8800293877915935,-1.7127278443704668,-2.7173297775454768,0.612806438540462,7.5557511572747345,-3.281511405830003,-2.589747482807337,-2.4888763010717736,-2.4888763010717736,2.6225313622116535,-2.4905056198759135,-3.7428913556864365,1.5023423702800074,-0.34349133076139793,4.296052582562195,1.7444834237949345,4.7614891032732745,2.5605855471552474,3.6528576683535943,0.9900638562077737,1.7835276923758911,-3.7428913556864365,-1.5669386336250137,3.2806708865157432,5.326687916003177,4.42931092055249,4.738039062587753,7.1870879711591344,-0.5819347955992736,-3.867689860613602,0.9110729662085119,-2.589747482807337,5.380660490197792,-3.115812694332245,-0.12956099883980757,0.9110729662085119,0.9084316002955878,-1.6885006682362613
168,SAMad83c9c53537,0.2498150949876271,4.783408113902968,8.258044493741588,0.9503926175770648,5.469961742492042,6.145324813754515,4.92395695529096,5.259506824459756,4.755316992626954,4.802520324450991,5.694529925806459,5.340264677476635,4.777141876334968,4.96640876874474,4.418617739608839,4.8018240265457734,4.726416679571749,4.341364295776706,2.6397959036763434,3.9604495307824763,0.8081930557878871,1.4100377925054457,2.0590044076320217,0.1835246953995829,1.6019490024850984,7.45120139263769,0.4656563787286595,0.5735868862254324,0.9503926175770648,0.9503926175770648,4.560869422372493,0.7220377023493403,-0.6448637233120859,3.0731568495463186,2.5383193482602553,3.9081481011722436,3.392423271691186,7.315913130991485,4.393053319202106,4.50504178118921,2.592489299923379,3.6283089165746785,-0.6448637233120859,0.6996915391938809,4.725721503099387,5.310999985722622,4.4897288010860965,4.66392450588576,7.262151047273157,1.6172438558748141,-0.4761147135083972,1.6573338752590916,0.5735868862254324,5.896475222376029,0.15492549927567098,2.2500449864542706,1.6573338752590916,4.598560360193319,-1.3206536271061329
169,SAM3e8baff50d7a,-0.3625787866510706,5.105395052473797,8.338218332062697,-0.3955155038416843,5.111251290859421,4.545233838510615,7.145508150678084,5.346566274989787,1.9826739501537085,3.8793452705838134,5.323378821486316,-1.0813340817621282,5.185588773005212,5.531522675097576,4.857174268095053,4.993862041911085,5.6640466537511145,4.686071461170211,3.113763137134473,2.0784868671458976,0.20101041844826106,-0.1225403788244452,0.47682986038989034,0.15700379871929945,0.7832688219750211,6.259550420031349,-0.5745770596141256,0.08006183304083954,-0.3955155038416843,-0.3955155038416843,3.2963638693978687,-0.5234113575161015,-1.377456222944937,2.4292934621826725,2.0507673422149457,4.968689597804147,2.6400878973549915,4.920476349852475,4.280565561539822,4.253368539165989,2.1155503525939925,2.7153060516860688,-1.377456222944937,0.008561725047980851,2.9760973255508016,5.538608809657983,4.822015013267158,4.9516597051664455,6.1038954586646215,-0.21990014136746586,-2.2662707425739073,1.4573696912109024,0.08006183304083954,5.1599056327023245,-1.0323367852447416,1.2079900303036457,1.4573696912109024,4.381808125998321,1.0352762699885756
170,SAM3ee5dcd894f0,0.6240564446115249,4.80254415371716,8.312061925853051,0.6457496966460609,5.508303087381867,6.168026414613969,6.6519537551317764,5.613015904478579,4.780775810776224,4.018748775308184,4.506538264625903,5.950445137423574,4.854439442154076,5.147364560715173,4.548192447883716,4.7875179099186544,5.116241135268269,4.600019335989255,2.4767515156235245,4.098674816633073,2.479572602982591,1.0287814826788608,1.4962048377267407,-1.4584493992785441,1.9141310242620007,7.357303397878071,0.2522621826215367,2.564707728298247,0.6457496966460609,0.6457496966460609,4.251327830030889,0.5379766946998634,0.054247241459476125,2.917203626270269,2.067199763076865,4.278346161220757,4.197013316799133,7.393965248125867,4.18748740108415,4.549848117615306,1.6912668158466015,2.6130065175740578,0.054247241459476125,0.4961684119617481,3.7805530371788856,5.213653042305294,4.913904983010934,5.08010810613075,7.444794745332788,1.2226589142308508,-0.897133661989639,1.5304530253679636,2.564707728298247,5.128121332045512,0.17638980054109532,3.6017149504278105,1.5304530253679636,3.4349854591266564,-1.6219233010095486
171,SAM8a1b0e02ee42,-0.408702558767724,5.235766251648241,8.35591020807859,-0.752964098676938,5.683656250578567,4.53200982207915,7.006196579388835,5.221568734630755,1.9529223542121907,2.759071386364051,2.640929216857615,5.290419358589405,5.2188310848392305,5.7230901249278165,5.0218474561704145,5.146248962257482,5.550325663874774,4.650157954185035,2.0029434659083476,2.266677163919217,0.22270652590936363,-0.5546307054572758,0.4307885582304718,-0.0922512520923533,0.2715369200616468,5.909062122204948,-1.4442550342538856,-0.3602318798988515,-0.752964098676938,-0.752964098676938,3.638433137812825,-0.7169751074129599,-2.0053851291672813,1.8148071453152468,2.0830443599034436,5.212928693466543,2.310896412642954,6.278747676552818,4.461512528702528,4.0861494317588,1.8206713601743774,1.8554482482632366,-2.0053851291672813,0.542532255363781,2.146027892090807,5.282933552892745,4.768067053955043,5.128448660642627,4.706020482293472,-0.427929849376802,-1.9215388735019598,1.7337772206931952,-0.3602318798988515,4.276463354584138,-1.3859959037940923,0.49623065621550505,1.7337772206931952,3.458159121141771,-0.2637336980108693
172,SAMd7d57ee3a863,4.3328138921971835,5.073983644284163,10.051654680419752,3.126896395972507,6.001626689946328,6.198873455650213,6.884558407097492,4.157832117396551,4.745691400286307,4.611882587574411,4.923059768308814,1.245352127551265,5.133768561518475,5.375821629391811,4.604134484746276,5.035110663485418,5.16611076941025,4.3460928074417575,6.001648235953528,3.6363683028364586,4.9069014655299865,3.2708325898548716,4.789153790625034,4.858399082594908,3.8687372914382117,6.232261876220488,2.118753494454663,4.38577257134585,3.126896395972507,3.126896395972507,6.0857151555280575,3.2096924014860386,2.686724676398311,4.776180978551066,6.064926966474867,5.390538289392984,5.813406600764189,7.2308694806309175,7.308227282217354,5.4710970970686965,5.643825615820955,5.484907247487245,2.686724676398311,3.552322368303251,5.602029246528423,5.480813193216433,4.491282486701197,4.820473384111804,7.578418778371721,2.9682797562862073,1.9635592911014712,3.389926416232701,4.38577257134585,6.1064521980272355,2.683235428897736,4.456091514572489,3.389926416232701,7.606926196484342,2.3652799331170695
173,SAMeb29625f76a5,1.1311131693199528,4.805581650942158,9.105348927669711,0.6084095206547407,5.842477166161517,5.5171813546235065,7.018373813389523,4.705243112922316,2.9993783076972638,3.511938285415093,5.7041789226549815,7.135075021917185,4.799780184653426,5.291996863370897,4.615913009978171,4.819831018366188,4.968690248231097,4.421965796425869,2.7790147740182043,3.1589465234238427,1.8436691281607303,0.8034025277882085,1.3429491490926022,0.5818980385110887,1.9322581143808257,8.138460608090458,0.354813648221045,1.6397833852011414,0.6084095206547407,0.6084095206547407,5.00170435350385,0.7493698660371221,-0.41462673108829334,2.8460384114527617,2.751119696505802,4.373324117063966,3.691025740486536,5.917571171115846,4.93699150499322,5.00306334207916,3.313483656651838,3.4751840098791753,-0.41462673108829334,0.6962676565452339,3.6586710730745744,5.597393023844621,4.305587492821499,4.530794489065411,7.5062566719802035,1.1986307781275458,-0.7073651949897674,1.9419411679724516,1.6397833852011414,5.240538273116952,0.006613764418066548,3.241339107578407,1.9419411679724516,4.5368416992479785,-0.37993174940563845
174,SAM563d6233dfa2,-3.321435844888433,4.97312453258337,6.6300626179074555,0.07595106910546637,4.810509195145209,4.918600361550944,5.109867791953514,4.551222210446703,3.177926237287882,4.130282594141087,5.904371495383372,5.070607199346776,4.632058523381414,5.08131890455285,4.69049159232224,4.648027424760599,4.753236608818306,4.602372000154316,0.07949534016304044,2.153899210765817,-3.3931433263453896,0.6136002399585709,-0.8501456293432464,-2.780750319730522,1.508345245036657,7.326478901528635,-2.2623380124894794,-3.6771293427557192,0.07595106910546637,0.07595106910546637,3.515966336157651,0.030279065149296958,-4.205450176329438,2.5741731288204996,-0.43552975403161337,4.499840808229018,1.7278750274616765,4.8526833225742925,2.2214755162704947,3.213138077164677,0.22205922095967168,2.107477492260593,-4.205450176329438,-1.2432926798413142,3.798002378432159,5.681886430278004,4.827692318310903,4.94845988653447,7.23409750277328,0.40946453572790836,-1.544617632072459,0.8299951364630592,-3.6771293427557192,5.759251728549953,-1.9340391797703647,-0.1337069677467957,0.8299951364630592,2.3051561156795493,-2.0744038706027763
175,SAM4581bac493af,3.8896830194563927,4.953506427957655,9.02020116709527,2.8839337611975693,5.698161937718848,4.47869959118733,6.426172067663874,5.590236249497346,2.7491276760569354,4.4591105314378545,2.8897901603369096,3.330674713520747,4.963755919227232,5.414022430591974,4.672547721758248,4.859544927407767,5.35506864181447,4.526076470428808,5.246179073117622,1.7880040763822762,4.740971168421481,3.052851499656353,4.2302346709417975,3.718403988876956,3.3837742854236983,5.748134354565969,2.1960273254803644,4.671571687693209,2.8839337611975693,2.8839337611975693,5.364365799231304,2.6280310821054202,3.367165615833033,4.480697902860626,5.014350769927532,4.187425006766024,4.74217087782377,5.614007077341739,6.455506105620015,5.575875794944436,4.217680625208683,3.554606364005804,3.367165615833033,3.274710739415758,3.5321794173933703,4.966491079675533,4.711096618312832,4.906130325792322,6.891813755076687,2.179777556311154,2.335276875331245,3.8064485074471683,4.671571687693209,5.093046237140833,2.994925678452766,4.616318887408185,3.8064485074471683,5.987758157898333,3.4581749967353455
176,SAMa1871f491b02,0.6963524651936928,4.9130159835783695,8.589703621811884,-0.14258377259567387,5.565854736887689,3.740597839664025,5.766178666190254,4.3749356793253185,2.022541977825011,2.135898301677258,3.952907524390842,5.9629833101341205,4.816217364047189,4.856940865274625,4.382924208603595,4.671781979213545,4.430247713753393,4.202767186754277,3.5006370755056686,1.7280810128544777,1.2885389676038645,0.3313045517247652,1.712193921658713,1.144716152784635,1.4746881901135176,6.7388150199005965,-0.5421917467629759,0.8419539919098415,-0.14258377259567387,-0.14258377259567387,4.216719212049226,-0.31513010290985155,-0.12572543146112922,2.3418144273559895,3.0955284649314505,4.273952891168523,3.1721046640791597,3.796640244236739,5.223377149413594,5.0069849002952385,2.7706309027676355,2.6380327795771965,-0.12572543146112922,1.1303982173984974,2.3639136397255496,5.698008322942704,4.057853486439455,4.359286369476615,6.06577947788944,1.073565862447255,-0.7668340636404896,2.4907022747647525,0.8419539919098415,4.787322012923267,-0.2224434031016413,1.1596450735225412,2.4907022747647525,3.533219492131753,1.772556062651191
177,SAM30cf07d4874f,2.167446344736803,4.701110835054585,8.208062817075756,2.0308759064967394,5.727555558062454,6.560143837094406,4.986248286961386,6.234842913637589,5.608587437770017,6.313699555069014,5.004639257404974,1.272074049113254,4.746818501396024,4.831602684126909,4.284072827175551,4.558408383041442,4.472294572958053,3.953771116664265,4.062705439850527,6.776802212085947,3.5375347571872875,2.4084274796666807,3.038881957454281,1.2545091926754228,2.5361149691912455,5.964724554267008,1.6023137051827228,3.3073229440817795,2.0308759064967394,2.0308759064967394,4.81462652009255,2.0740469294493344,1.68641922840179,3.484082075015428,3.4758707147455508,4.205411598778948,5.007565138011454,9.543765033591333,5.304166620424834,5.305679093359303,2.9971433269183314,4.0624394775622505,1.68641922840179,2.4794294173154308,5.139105431462572,5.238349526544436,3.995959159962934,4.270774430041774,7.34542675839194,3.0108668796654983,1.0353706497769277,2.9418271619076015,3.3073229440817795,6.32650514841793,1.8866125361716648,3.8190489166854023,2.9418271619076015,4.671557268051132,-2.71409677223542
178,SAM31291c256373,2.0496630165032244,4.819948972374207,8.54978413275794,1.375771110694302,5.766502550189457,6.845212289964753,6.3328768950778205,6.2986936083834735,4.664113493577625,5.238122757167477,4.0682882820844855,0.9289193756351072,4.986627499443092,5.277925049008591,4.496049843741539,4.8011798963697805,5.16076057372919,4.2953103214735355,4.084938193553871,5.64913689396724,3.168387243987662,1.6334762201060549,3.0006604671330113,1.6880361539526747,1.690244210059993,6.387790255068171,1.027845169166214,2.869356063465497,1.375771110694302,1.375771110694302,4.462257168730935,1.171808918556656,1.1429748863082663,3.359542372072113,3.706522163708979,4.795336889651219,4.629422868112284,10.20684175623353,5.329730968296819,4.8629374753603685,3.813049297734983,3.8906200154540715,1.1429748863082663,1.6433773739325326,4.938805131776577,5.187076294093952,4.365379282893405,4.703996971540597,6.876989850460002,1.3357385851017103,0.06130642979283499,2.8256236237049492,2.869356063465497,5.520778305954727,1.1094531561095446,3.3812577403889663,2.8256236237049492,5.487165045276271,-1.5641987004133693
179,SAMd135d5867fe3,1.5458259971802528,5.015090146306997,8.617402833351411,2.720829125467893,5.969348459295667,6.220359612744505,4.686092205530555,4.090916923659025,4.700796114731466,5.3084303608518155,5.113393011409269,-0.5626113572262281,5.275105440441664,5.470818485214239,4.96893908338924,4.960693937688538,5.2580625218654715,4.15358910443377,3.8191350688281576,3.692828355708816,2.556151696305114,3.125471127065115,2.463443888752606,1.167469665513415,3.36372620326843,5.403986978729812,0.908233123103264,2.3149620986670545,2.720829125467893,2.720829125467893,5.333312829502017,2.9044830097224734,-0.009523972182114685,4.03591274009634,3.192253937546794,5.406396434533706,4.800845519325475,7.602522197063517,4.880457475057826,4.083934511786494,4.123915263146329,3.5949506072360324,-0.009523972182114685,1.8465443123002387,4.101427592915703,5.088167530501428,4.5945212118944365,4.893549637173043,7.380546215815795,2.960455398623342,0.8222487148944321,1.3250441927801706,2.3149620986670545,6.765052470039161,1.3574919046481368,3.7264228010836433,1.3250441927801706,6.057288729839617,0.12630671311934139
180,SAM9e11ec6bea80,3.6722678179476125,5.121606949079048,9.73088398643946,3.4128271914854014,6.203522928191843,5.529214390529406,6.854052494688393,5.059131200563886,3.8218890386709043,5.095098749409457,4.173683093329044,0.39933542443604647,5.316723463152389,5.67269772863718,4.8541716382028595,5.209113023672583,5.34752144264129,4.541855389863354,5.6421485047131315,3.1226557108845077,4.4303228346896,3.5028066588223616,3.7148976141868073,3.919576483222613,4.687053047333713,6.260996216248706,1.7047967759379066,3.663298709631436,3.4128271914854014,3.4128271914854014,6.364900463459939,3.828501891844589,2.4780830649992365,4.7099424624305,5.411835394403835,5.431448916407893,5.718511513484973,6.942905725242778,7.274544278854492,5.503144805882174,4.620636237558968,4.850661560259609,2.4780830649992365,3.723216823392817,5.490071996440126,5.661246456321667,4.520337475730966,4.83305932367637,7.579358055126498,3.138801425404322,2.147325328933512,3.168961278681669,3.663298709631436,6.159256179762194,2.6124447791677206,4.011928509135456,3.168961278681669,6.260799260208287,2.519492793828624
181,SAM065890737112,2.4410270751077836,4.983675253468375,9.801276045010738,1.23463993991556,6.110626323868478,3.9796437606772748,6.569163589008593,4.321913976414839,1.926402315272926,2.2393665138521786,4.245937754233446,4.755636450402398,4.989847552273259,5.151562030856124,4.73467327127927,4.783214392438662,4.914768841094161,4.2343802275498925,4.901294451797076,1.4970220899020714,2.953753610958834,1.6985099652592581,2.9844546091685147,2.8893683839851323,1.5495468860097326,5.673978991178294,1.16834605539153,2.6105379635079404,1.23463993991556,1.23463993991556,5.057537860651236,1.073555047405413,1.5766038700003204,2.9909388447275598,4.441876949760612,3.9116013800293272,3.923453005089373,4.02123676504515,6.486465138683053,5.310716284722825,4.157838143232677,3.09761784554158,1.5766038700003204,2.303098265352836,2.387633389135717,5.455665553464606,4.23011785376092,4.5655885718968925,5.757552624613051,2.002291198673753,0.27362072553330924,2.4627283408296603,2.6105379635079404,4.94923943214595,1.3008273410933662,2.528713331816102,2.4627283408296603,5.258547671876264,3.404272361895005
182,SAMb470eb8f04be,1.1630903417037453,4.990761859290935,8.889587080693127,1.3531121071506977,6.0279128844213625,5.631220909292671,6.7065129473914595,4.402052355693021,3.8548708350265803,4.120130019233109,4.897766565798809,6.206315101008104,5.0285388658705035,5.21948262332021,4.667771807201561,4.864462880722914,4.9480909602756915,4.293787195567002,3.445647078016653,4.19581974885124,2.501371563788144,1.6418558866955038,1.7150824374347777,0.26633396358648415,2.0175603673168223,6.951761631980379,0.809344578316967,2.0355940058914284,1.3531121071506977,1.3531121071506977,5.005876774766833,1.4262954703477815,0.2394287686159778,3.285934409529608,2.9931812331953807,4.969497015456075,4.8247597329744805,7.164833804899549,5.390444569971134,4.789905541692911,1.7833920260081084,3.1040462848529677,0.2394287686159778,1.8818937144501198,4.183231253739873,5.734203485732367,4.240655994058829,4.633410895262578,6.76777642085202,2.8241256316292005,0.3039519640062091,1.8932731803869578,2.0355940058914284,5.733480305240353,0.8688972870684254,2.7592898311202636,1.8932731803869578,3.8574719567888454,-0.750172670834587
183,SAM675a12a09c15,-0.8943209870705977,4.5821950764900325,6.8646743657945235,0.15634144048461301,5.263476528942782,6.7308140719326754,4.779042074797868,4.779873892818958,5.018519776994094,5.407888435372308,5.59880781625896,6.230881081973923,4.458060229889569,4.705210599039267,4.097087988675197,4.531113614505762,4.327637520314962,4.095670419412107,1.5981051947954283,6.39571411278284,0.2748762590866515,0.8786856909920073,-0.23491030709245342,-1.4935299968019076,0.7354723839589408,7.431205281468935,-0.7309585439338908,-0.20628837249246776,0.15634144048461301,0.15634144048461301,3.557395892598483,-0.13379107418442326,-2.342752017871702,1.9510003759785381,1.0151253318506273,3.4458510457515947,3.638369036551948,9.307608362555772,3.2433964427629105,4.1361971133938775,1.386551648605541,2.9581501339086467,-2.342752017871702,0.040366455408936464,4.500928912626196,5.212808623006188,4.0506786359691125,4.2481437614936794,7.060569160093301,1.9060976046318963,-1.3551086042230687,2.0841166175598853,-0.20628837249246776,5.253352295885447,-0.9366010742228299,1.2315630530004678,2.0841166175598853,3.074041273531899,-4.797608917987412
184,SAM1e9c4d1d39ae,1.695848235937679,5.0978463062986625,8.979864666083904,0.7873315596237689,6.02661287866642,4.548339880140757,6.68627388121276,5.549934141464319,2.8667632380585553,3.6527737515344083,4.535547671257147,4.491935907740501,5.122031606130839,5.233676622794982,4.727207049799675,4.810953289283148,5.151652348300197,4.509946977728981,4.08823922402934,1.5992306170676258,2.4774672644883067,1.1810984605158787,2.2832004192250697,1.6200813249332502,1.4436125669945918,7.302238463029741,0.3117697890219639,2.1016560810914333,0.7873315596237689,0.7873315596237689,4.322781166788008,0.6569809072597546,0.7548513249427972,2.6071206029796783,3.8391360775094987,4.617877981780521,3.8277893050588174,5.438760286084626,5.70058374753514,4.871444504327504,3.0855730076840557,3.2536756841538863,0.7548513249427972,1.6750365355692551,3.1492784303765524,5.184180803369651,4.466514750528999,4.895163525509226,5.6641165633914,1.425974059868027,-0.05994838188815164,2.3507005287723968,2.1016560810914333,5.426753856423734,0.6265337948289488,2.46628940418135,2.3507005287723968,4.416869459469354,2.489008606961714
185,SAM5a2347c0498a,-0.40444073807199143,5.142631631880628,7.592105661088726,-0.5078478070114599,5.405990460215389,4.291164991595489,6.759114380118973,5.154537253402274,2.2966617897545563,3.8280011581294997,3.991304782901821,3.583789251507652,5.107096392760077,5.707551913267179,4.962887545777595,5.077310621566818,5.622371548004974,4.63193203209659,2.3754903868292985,1.9201659087222134,0.43906529281183293,-0.03739678606601826,0.6502938232646601,-0.8676316997700134,-0.11162923745745819,6.361705461310769,-0.9496218170072029,0.29441078741248966,-0.5078478070114599,-0.5078478070114599,3.3858591278092205,-0.6596644678715947,-1.5638921579399216,1.5891457378166465,1.8318714404601952,5.036852904084467,2.4933270628060282,4.916314529451117,3.6181057628641007,4.025043402670379,1.9425191507851638,1.9612804462221223,-1.5638921579399216,-0.09084649197954633,1.9787721240293612,5.39126154612681,4.642431782064929,4.9228642414648505,5.593211903922423,0.7866391248383447,-1.9298280823153569,1.2630765357790992,0.29441078741248966,4.845736552712677,-1.0236809926790023,1.2209470929310997,1.2630765357790992,2.955864771687944,0.4553244781070851
186,SAM0571f17f4045,4.08226232754396,5.135031036288947,9.596384189369852,3.4747019271676427,5.526382963587955,4.389284350197012,7.391586114954654,5.031059432051944,2.6176086909774434,3.657711124939239,3.792021616259818,2.2111470651894254,5.0022558179196785,5.4402433949240585,4.831168151629483,4.936842698783346,5.230188997708585,4.676004703708168,5.416208898211089,1.4918397647829613,4.827030134262151,3.616643755884745,3.9933624035849635,3.81742086643769,3.948534315682078,4.591893270963239,3.102477675672755,4.243822134709478,3.4747019271676427,3.4747019271676427,6.062254954010898,3.4916629858278982,2.4869791539159047,4.7076373800148925,5.257048188888567,4.876755515169146,5.182016287192484,4.2439679746390295,6.90627472143026,5.763470341614274,5.400797550892574,3.6471955730734575,2.4869791539159047,3.945602384577376,2.925012314993604,5.59077789698161,4.727577840347702,4.916448092468143,6.6476891235227145,3.3698463550679647,3.2568424483703033,2.3184607521221037,4.243822134709478,6.815209365971503,3.177497103743838,5.05023911327278,2.3184607521221037,6.241414767470999,3.9243691334281277
187,SAM4b7ea015fd9e,-2.106876643276092,4.895311148470977,6.427673169138809,-0.9203837361016206,5.609868138871418,3.847293733452128,4.225176730017371,3.3828725404552973,1.3571267133613298,2.2391919827916595,4.626945355114119,6.864238008169209,4.531267536410186,4.747902183592881,4.5088419392058645,4.623340480710673,4.089800038393014,4.10751703832464,0.4428243999742918,0.7907026583526433,-0.5088945295398895,-0.46301045785190736,-0.5978150217378561,-2.9495758335715863,0.5810411223094617,6.774506767042204,-1.971354183229217,-0.6957461346178633,-0.9203837361016206,-0.9203837361016206,3.5459741161076828,-0.33553473977096926,-2.5472757518437423,1.1015960875113322,0.4293582981328657,4.383347739240774,2.1762213500113803,3.6068983289682683,2.6727944531552073,3.0658504531438213,0.3048282886998808,1.6321608470849442,-2.5472757518437423,-0.7007104986102013,2.899905221774771,5.572237077499001,4.084185474268711,4.408304541028504,6.449042632224615,1.3832675431032257,-3.2731218136944715,0.6680370538273159,-0.6957461346178633,4.851529484930101,-1.9256675057008823,-0.6148470564366034,0.6680370538273159,0.9478173585325935,-0.3478782583783515
188,SAM9306c5c92444,1.9880208224508618,5.062617457911435,8.96284338224463,1.146201062005111,5.345777185080231,4.173840456292608,7.137112694747896,4.949645927834374,2.6004543545284298,3.533199138687209,4.309137724689535,4.181090875800272,5.100534942388995,5.425118316593282,4.799902844046246,5.01344564891996,5.42690531009557,4.5730928374464,4.397253215582717,2.0235785600874148,2.510005926326836,1.5443958609189332,2.6519755134870686,2.371276166327698,1.978213892833517,6.282242897688757,0.6064494109332327,2.077025990991888,1.146201062005111,1.146201062005111,4.591371743385621,1.225933163068692,0.7364919061634844,2.8783524092815553,4.014095616978729,4.714278583470387,3.7622593127991752,4.717612055448775,5.704882307196987,5.320654741016937,4.030106184613248,3.060876272058463,0.7364919061634844,2.229809505992441,2.427017480048503,5.270090612315208,4.446641453007924,4.796127826377455,5.726391269973974,1.6800928503100565,0.28237376594907393,2.2568061020212133,2.077025990991888,4.8619386024610485,0.9019426413017164,2.450637724689289,2.2568061020212133,5.167974437677495,2.3736746554953023
189,SAMb15ac6e4c4ef,2.4635487278150863,4.824517990391333,9.483587576956571,1.9702083450239714,5.5584202889116,5.091774744390859,4.587213323701494,5.573876164901373,3.3750687544942335,3.5855377726004725,3.186230111082252,4.637718357891678,4.6172872295503185,5.083766087035858,4.531552838396042,4.712087084128005,4.73436394763979,4.2542036732124116,4.39992948129684,3.174224502737566,2.937386539228159,2.2673089900957097,3.218700474944491,3.109797166212106,2.516451025399387,6.00542692522237,1.5813082849539195,2.587513995107606,1.9702083450239714,1.9702083450239714,5.140426680634683,1.881108448855826,1.588500453601121,3.5814890111951003,4.355190556466264,3.527154067288602,4.428782913897253,6.059812278004023,6.342510837626381,5.5938982160562,4.46197272438199,3.58323534188966,1.588500453601121,2.6835777934133125,3.0556164434577693,5.329107621793043,4.5998729998242185,4.7871912344523775,6.419420293600325,2.7638243852033426,1.288693983450479,3.0753471037820272,2.587513995107606,4.799570269771459,1.8017487896995814,2.8560509288167153,3.0753471037820272,5.742098194658561,1.225704978559274
190,SAM28e6031ac18b,-1.9660189850814977,4.7981375171758165,7.674951202074851,-2.8284445872807993,5.870822007789063,4.432915473953586,5.61526661769148,3.532185302965954,2.529951246962817,2.84589354046514,6.316615193535154,7.047367771751695,4.623793687303399,4.850331471133727,4.241886163971172,4.805788240034433,4.429612926447683,4.171344550714579,0.3777385093024136,2.648256573333603,-0.36376301970504693,-2.329742149130955,-1.779069382547381,-3.601060870715404,0.12463151896438045,7.032132657019351,-2.8842128823727435,-0.5618582024252329,-2.8284445872807993,-2.8284445872807993,2.5060370762457396,-2.9354588596083575,-2.74157780612791,0.8253450132001836,-0.12823240356849716,3.829060542171013,2.4890646746016225,5.400068303890971,3.3231067887104344,3.139644081857452,-1.1341010586213425,1.3115995789187684,-2.74157780612791,-2.3406160650974703,3.331442559839351,5.664908608918079,4.082312773738312,4.444829249192605,6.500457786984126,-2.162894012759488,-4.749033743804062,0.18355684748415366,-0.5618582024252329,5.188929045954677,-3.4970914965563162,0.6420943735028392,0.18355684748415366,0.42242460126614567,-2.2705180640311897
191,SAMd86389d0d768,-0.853450926760135,4.7542507691953935,6.9814945650193545,-1.364526736431937,5.7723712559537335,5.0625838184177745,5.465526856957745,4.524781091171755,2.5739337214900355,3.238682840039561,4.505335934197982,6.647046360240932,4.492138510966337,4.900894121703809,4.197950301360953,4.794284826813141,4.512091952054868,4.066709948455859,0.962087359437781,4.217082994780918,-0.2877976905767069,-0.43896628527032533,-0.4589012530488263,-1.2362402238858083,-0.5329671426167959,6.941690685876108,-1.981430124759106,-0.9307680082885078,-1.364526736431937,-1.364526736431937,2.8923503437436917,-2.154798464639893,-2.274017122753192,1.3470341624017004,0.6953402682547043,2.7031414701639687,3.313967706105057,6.678748435026161,3.659194576522514,3.9821923346627335,1.2862005566426669,2.2328251103289176,-2.274017122753192,-0.32786429557744723,2.8198642961843063,5.548761633152779,3.989076001462946,4.240082289776923,6.287144014985849,1.1704605037242903,-2.4694089091434606,1.9086165514713045,-0.9307680082885078,4.4618560957908135,-1.768270726444521,1.5128012796514145,1.9086165514713045,2.5515005068173413,-3.2549956353431364
192,SAM63b2189c36d7,-1.6541471898519595,4.842880155950214,6.832620655741715,-0.870603502737185,5.265723253463799,4.741688343047763,4.962815853199027,4.832690244568015,2.9736923109181745,3.6658720597730103,5.22390173238886,5.116074432008617,4.583189364642629,4.869065231434747,4.4664826081552755,4.64882163449416,4.421132207455255,4.264697781500568,0.9029282222569335,3.4750231974461383,0.043837363555312876,0.03163333405805402,-1.7339288904031678,-3.2265322730538855,-0.5613997583723614,6.8502661760839105,-1.747470621266162,-0.12879918426879972,-0.870603502737185,-0.870603502737185,2.9882937749411105,-1.376469994666757,-1.7481261826446575,0.818648300035328,0.34898052434083876,3.8255884716866237,2.849787912435537,6.311791543160742,3.221657279808215,3.3279594896499884,-0.6482957329786054,1.5905913066394821,-1.7481261826446575,-0.8190342337982882,3.2717674917932236,5.48560107934901,4.465014427599598,4.619939281415383,6.296030438672093,1.8204861337238316,-2.927700464971838,0.5132991728152904,-0.12879918426879972,4.752986027134142,-1.4607655899788536,1.0452801551130462,0.5132991728152904,0.41909548509304023,-2.572094975189205
193,SAM18be5b395318,1.4412714872456713,5.1074589581762515,8.395218002437554,0.6591845161392034,5.465979486142338,5.104236544292259,5.971023615982569,4.560244036920627,2.580629090447208,3.1358088750229016,3.7110418866381023,3.043796630754121,5.057640567627969,5.59007500418172,4.901955478582885,5.080083020323742,5.25986908167327,4.2074868604315725,4.167887761388492,2.9409707654186303,2.2437299566902107,1.1606725671511087,2.2783209959304105,1.993013055154884,1.481174642815003,5.835943204794187,-0.19337626673021352,1.6675712800329359,0.6591845161392034,0.6591845161392034,4.424917729669552,0.7345995712772279,0.12666547246074433,2.536958859275407,3.747790465725602,5.395941127551916,3.8996076347158435,6.688796269934046,5.277229919258853,4.873099418944626,3.9670501660039803,3.3037283902299155,0.12666547246074433,1.4797693602610706,3.1002438766806484,4.831432149288363,4.222884546991495,4.741060237398569,5.982467226816446,1.5546864138775565,-0.9751236617282485,1.6453228277494023,1.6675712800329359,4.558287592700285,0.14843295643381405,1.659597111381622,1.6453228277494023,5.241952939629347,1.2269169959698618
194,SAM0d855cff64e6,0.10318243328155363,5.174036294337801,9.205934366101634,-0.3666930237345456,6.106399662060842,4.6237602904801784,6.335512183681196,4.599804964473131,2.5616030259031435,3.0024433648479274,5.61048793983765,4.8204338872916805,5.17537926225451,5.507402065512386,4.7985702883283095,5.217606747783088,5.164220911015573,4.408972773876015,2.8148178793679266,3.082997983849437,1.407434983126801,-0.011265682240480501,1.0212845249625722,0.0201883904820049,0.999437277537058,5.416069544924298,-0.660874663990555,1.1919074443111328,-0.3666930237345456,-0.3666930237345456,4.3434046033556015,-0.25740258125980453,-0.16049102288271477,2.200121465532716,2.694821774257284,5.109212635439009,3.2715251089718693,5.913001345091165,5.46189508014142,4.120628825196914,1.7891883416019976,2.7876145649568267,-0.16049102288271477,0.6848109805341241,3.22053410881656,5.394824578543384,4.480833651765509,4.841234164455209,6.227608134542938,0.34334865681158017,-2.068839875919078,2.0762365440579154,1.1919074443111328,5.543566098812462,-0.6852023305571778,0.7339793067203688,2.0762365440579154,3.1014797288307197,-0.2681801044815102
195,SAM6cbc10abddb0,3.479324752483179,4.904979676516406,8.857083192653642,2.159988050685425,5.189179576622051,4.807009498482896,5.733447401625599,3.9472788430907344,2.999306298523238,4.201161653966972,4.652244876488026,4.469477340384571,4.863851072063912,5.406539318185883,4.7534364143350825,4.915437714108895,4.937601516535049,4.004792620744089,5.0229402461292,3.1584962540222827,3.7612690629087364,2.4056879708328376,3.2590605633833065,4.4567155898798045,2.3888309579992204,5.248273703402278,1.2336615409991658,3.216140443181319,2.159988050685425,2.159988050685425,4.978081819078979,2.0796456857718253,1.9575574499633805,3.736811601629161,4.970355159920539,4.571274611607175,4.705397800433478,5.967970926922214,6.449660617098834,5.632615411901501,4.729678029188214,3.9859492652335993,1.9575574499633805,3.01799133546745,3.371099837866042,5.566131003582649,4.393150730896175,4.718040374436294,7.049343006765923,2.318180385446041,0.8804413597111479,3.4410133402139547,3.216140443181319,5.763618417587024,1.925117348939363,3.4918689117193673,3.4410133402139547,6.930973418770101,1.8644439921069171
196,SAMdee1011782cd,2.786099592194242,4.534442348468885,9.227200755610552,1.9366570720252025,5.322650596828749,6.643262785446218,4.766946978245374,6.037399084355208,4.9217000526108,4.912748108412761,4.184470733520774,1.5419283853417927,4.321297124074197,4.633103590975976,4.045252110732792,4.545242405238174,4.265097479960949,3.9838963740345728,4.501312233018975,5.38679380532755,4.01792135961531,1.9636238172086284,3.006760347811335,2.2902669153961903,2.706970412388859,6.5382339795398,2.1374376045302177,3.646381085021756,1.9366570720252025,1.9366570720252025,5.1335808563926335,1.758803799114923,1.3068264702667436,3.8815507546334103,3.9872759550521266,2.62099018835456,5.423080486471598,8.054857510735383,5.980823049974394,5.467419881612023,4.841148858565476,4.4332219042243795,1.3068264702667436,2.263962178941039,4.939209614324748,4.963282778777161,4.055532385520201,4.25901243279164,7.671240362247279,2.339430699518394,1.1850132872993215,2.2594900814626695,3.646381085021756,5.530863784267136,1.6040802483448138,4.125942001512743,2.2594900814626695,5.935676566686624,-0.8854815723085752
197,SAMe9475f77504b,2.578391513253368,4.796102677664315,8.070628654499389,1.4558461024158393,6.009828517504443,6.457150605824507,4.954587324766797,6.192817316217453,4.641251568586093,6.04953224930474,4.460856601905394,1.820251902319691,4.815528652071783,4.913716750166555,4.485964173141474,4.6378395537193775,4.421876456147262,3.8349024622111814,3.873531785116655,5.447026951538851,3.424981634521664,1.7203230911961753,2.4468028274813154,2.3856163304730535,2.069606301992885,5.3861965924059625,0.7718419232918228,2.895173901915104,1.4558461024158393,1.4558461024158393,4.937099309011581,1.61726169095453,0.885608757581616,3.4298137733576395,3.9709191337105474,4.340571703377529,5.773863182123284,9.061545016387731,5.237858490060606,4.854095460440503,3.8874590082153038,4.0539789530122965,0.885608757581616,2.325037898361008,4.45628246591155,5.4201637871575326,4.110587457204054,4.623118460575238,7.16772888055727,2.3688126537169305,0.059824638199881486,2.41476439920002,2.895173901915104,5.591692213832239,1.1221684189183674,4.0653310433048055,2.41476439920002,5.777674046842217,-1.5734951664221963
198,SAMa535fcdf18a0,1.0544159728620026,4.967290460953554,8.073128796934112,-0.6702255401602429,6.478371386372269,6.25744887772297,6.756367557363448,5.258581528753667,3.7163181611759817,4.041200753508721,6.098371202977774,5.757224823308506,5.325257057688466,5.430266706283127,4.789469350962391,4.966119307916623,5.089919379465413,4.1301923930113515,3.193020271344494,4.277498980974712,1.8188549797157232,0.26591668961691656,1.5473903720885138,1.0593128056086465,-0.040592073951019415,7.518304656142825,-0.6070346023586544,1.2709857458301923,-0.6702255401602429,-0.6702255401602429,3.9647552432849205,-1.172430417441554,-0.10167999063595816,1.909762654237363,3.03783883067225,4.984403979332194,4.220119821837892,7.286154296011159,5.007157459353759,4.970609189160951,3.475000938749943,4.014504719012546,-0.10167999063595816,0.6908198562133651,4.401768711432076,4.990255193586908,4.104559314637231,4.506487891037278,7.146987801663424,1.3167500121660756,-2.444257996490034,2.6564262017688947,1.2709857458301923,5.4797674426378675,-0.6969211707513024,2.1587859042571944,2.6564262017688947,3.9942187126373234,-1.0844787096302175
199,SAM7746b76437e6,-2.521246588259395,4.856877859957732,7.961241298681877,-2.7508643431228954,5.560817931477624,5.1652040486518525,6.143533807648943,3.83365458740746,2.4726554526674698,2.456664284093883,5.917411756590319,6.313027017554923,4.627027418072785,4.907665344542292,4.4124774524174954,4.796087689556948,4.519237135249754,4.385420086880521,0.03767082074525219,3.9369933426753967,-1.301855516496058,-2.4980716095230027,-2.074080534402039,-3.844507484631323,-0.3525295260882517,7.71603826012825,-3.037815877515519,-1.96040156179035,-2.7508643431228954,-2.7508643431228954,2.5321677021515203,-2.911191626977063,-3.641866268243168,1.1842408774607522,-0.2722243788566118,3.967942655421383,2.8753547324481223,7.328731011647221,3.533809342119639,3.2317943008205248,-0.6615668484784063,1.5840446115891573,-3.641866268243168,-1.6653597112414473,3.6830922607571863,5.784778459458153,4.310587244987246,4.482695588459187,7.0905164733348585,-1.0773706157433927,-4.001200438910259,-0.05295194787289711,-1.96040156179035,5.584720526066752,-3.4448643507733197,0.4994233181444274,-0.05295194787289711,-0.17200601759485176,-3.8993225219301446
200,SAM548551ef782c,-0.9628903431949403,5.354750791368568,7.533957134128422,-0.34839140048925776,6.175433477334711,5.261109444235238,7.504384544364516,5.5311394167172185,2.9326897182839793,3.221916524529964,5.1187577203513595,2.745637201669386,5.484844262196108,5.711214534539215,5.304608184627571,5.212946681164472,5.5781044331390035,4.681585057980646,1.8511133569702172,2.3409332301242958,0.5756203792404104,0.2069494858157205,0.23395599850880425,-1.999537081211253,1.0876312157431858,5.706074967619769,-1.6684541048735475,0.10232400954862532,-0.34839140048925776,-0.34839140048925776,4.15219255693146,-0.6114535296602504,-1.659476730072124,2.415723617392354,1.5070905543728625,5.644609325205257,2.9487421490203873,6.669717981220054,3.801085074218495,3.972822656220738,1.5950685052288076,2.0007894420722008,-1.659476730072124,-0.13863695081693184,2.5794232516436972,5.4620778468955455,4.771870240998104,5.108695176451942,6.5922582706339625,-0.039660290331239155,-1.48913721638113,1.2682900485327204,0.10232400954862532,6.149030395579226,-1.1606127743292365,0.9443417744585885,1.2682900485327204,1.831914786633029,-0.4898198731540786
201,SAM203dcf14f927,4.202964529556132,4.929776035872937,9.545307281799623,2.798566737453296,5.480912119008133,5.140419250533318,6.310056188167046,5.428912513329118,3.8479265888096448,4.380608710967323,2.748005920548705,2.4804924432844664,5.025226226389289,5.300260838729299,4.674749946791755,4.751305153919018,5.130639447112753,4.454901140875542,5.9301575612833535,3.169295220213001,4.77454223436081,3.0173088634500145,4.58792285366006,4.481477974433083,3.062585799101933,5.728719954501474,2.575247851298653,4.389281169007858,2.798566737453296,2.798566737453296,5.3454700826982195,2.6623919982680078,3.15721705892053,4.224567893643555,5.618947763687426,5.142058086618501,5.172902337309968,6.439589064072313,7.008222918487197,6.169473008413773,5.478790312005192,4.138358288563506,3.15721705892053,3.5745562410317744,3.788070775338376,5.367586237311285,4.39301458808296,4.767808843090247,6.133468807504379,2.719054881339943,2.115596896733794,3.629518206542027,4.389281169007858,5.140235104161346,2.888586030137045,4.510056816879569,3.629518206542027,6.672460501769251,2.7608623410703523
202,SAMe41b1e773582,1.4701725842624378,5.04504145912683,9.590415465398602,0.7090706935104129,5.471090093084112,5.467730894665084,7.5948697297910845,4.380489917384572,3.4878943784339262,3.9909321205604975,4.826826407736953,6.263722903130172,5.1002307259659485,5.538816615164974,4.929338367153492,5.098564722419282,5.352703737326117,4.629653561208079,3.3082607537706625,3.003633560758289,2.4193721934000614,0.8744286333378071,2.1904296297527757,1.1017485462547225,2.30679240603768,6.8290170302192195,0.5401002172767797,1.8581706422541633,0.7090706935104129,0.7090706935104129,4.7752602791596654,0.7465845815359035,-0.15092658830174996,3.360935050199582,3.4157380265157813,5.49487187695536,4.359103958420177,6.381596425518076,5.8661882819762585,5.029010530776039,3.040387524775065,3.327398341729158,-0.15092658830174996,1.888485119636383,4.148292465889496,5.2909081548642725,5.065245026326191,5.2291313447623935,6.919971760272365,1.7735030755840622,0.18305445801550627,2.0348642734588025,1.8581706422541633,5.7367078473565165,0.37348684793182507,2.639489977234613,2.0348642734588025,4.965675894129676,0.3046271930123736
203,SAM978a587b207e,2.05229159896616,4.9128512657017325,9.065380639624307,1.837985064672744,5.558180512018531,5.964360867402957,7.064886831220906,6.475595010080863,4.986802777939756,4.096154100999678,4.571886392683586,2.8232159858341848,5.062658771659704,5.354467756312198,4.705443872355582,4.892203789515392,5.38848656097353,4.382917486298451,4.162494320908884,3.2643072599419116,2.9267827727772744,2.0370538375676093,2.5989558223801823,2.2606205546623444,2.9632502269863292,5.994777160844635,0.8633228730014062,2.406389648644525,1.837985064672744,1.837985064672744,5.039801217641364,1.9966074105378953,0.8898116445078003,3.719901455365092,3.9210074952879794,4.358619638221835,4.883888763678927,6.278679098052931,5.922688820136318,5.437205874682937,4.253047195828984,3.791941104195151,0.8898116445078003,2.2758058985559364,3.5175723060277826,5.074979464279089,4.626302413001545,4.848571138507907,6.904122403309287,1.761099715580185,0.368365250333361,2.3323610502479006,2.406389648644525,5.765616933816355,1.1927420032199452,3.0503210993228103,2.3323610502479006,5.733848231205864,0.8981870609669724
204,SAM5234688806a7,-0.3141081757495082,4.73639429162301,8.158853355864325,-0.42087649910502506,5.77407808718557,5.1498672335170115,4.13523882070022,4.7110623592324075,3.0208742370933126,3.66200264524989,6.020074793020578,7.2197773961055995,4.655877004185763,4.872044310028568,4.2769251783762545,4.599553131923707,4.556703118724801,4.312068147917382,2.039423755713395,3.2155227256863683,1.1257869221544028,0.007213261456127285,0.21758318005549726,-0.757004958002141,1.2042309318833422,7.652850716472591,-0.6509937684699372,0.6828245214628338,-0.42087649910502506,-0.42087649910502506,4.11287049391775,-0.5229342942853368,-1.0269364841854884,2.304064117254356,1.9075755906047906,4.078516123985474,3.4731841275209385,5.872500038222686,4.437247194242966,4.536989230814367,2.285229866278922,2.9221160846954963,-1.0269364841854884,0.492136313022538,3.43696444891361,5.197462115092484,4.046877454466959,4.414251219477082,6.596837785946089,0.9047806399402436,-1.4502747142377759,1.6392609445353141,0.6828245214628338,5.329208573423708,-0.6489480667006374,0.8911522000286399,1.6392609445353141,2.6258205693906183,-1.1760989699729731
205,SAM2c9586161ce6,-1.1820768924600986,5.137949172634899,6.622497876447581,-1.3167645833710175,6.0038894737877895,4.459732377085155,7.028984013721459,3.9736643800516562,2.0294828179695625,2.7212279611506793,4.423789169358318,6.464234467591275,5.117669150399881,5.333420692160643,4.952427067965195,4.993914196244157,5.175332734372439,4.44445186329199,1.228017677291398,2.5937683028720224,-0.746628899827385,-0.9714002979081083,-0.9120620351962937,-1.0707617102013345,0.6723500023404636,7.202695383563572,-1.7112318722842101,-1.2059992417120249,-1.3167645833710175,-1.3167645833710175,3.367076047651642,-1.060573405712109,-2.30638908661888,1.7034576031976876,1.0368998705302463,4.749998286882095,2.4189959164265256,4.701729651040817,3.3178169297644677,4.053913746423434,1.2942450206081393,2.157795694732325,-2.30638908661888,0.12314919268254698,2.528255568198668,5.455019899728599,4.872341531691993,5.08856554753388,6.6767021769276695,0.24997747209860247,-2.6744738274366946,2.391944955978357,-1.2059992417120249,5.248948606844357,-1.9241940909763393,0.4541858269701636,2.391944955978357,2.0686228891914644,-1.3657506255806244
206,SAM76a431ba6ce1,1.3527431674970993,4.59372875760926,8.584145521871488,1.6579417133132826,5.520741321898972,6.540595790682415,5.704129977796146,5.621332765387258,4.737937179376991,4.904012737647744,5.360475377527496,4.090281178222596,4.570011879100003,4.846251194273434,4.140265987295844,4.610538613241925,4.516746934400981,4.077395756610657,3.5239170513374933,4.87636300459187,2.6055714176917744,1.8608616652755874,2.541675877304218,0.3600544300422787,2.3726815782355604,7.015419212109998,1.25719764657185,2.17621890805461,1.6579417133132826,1.6579417133132826,4.962062290219821,1.60287366887661,-0.21040487087151968,3.683190416893633,2.9060799509315376,3.5865932805129797,4.788671587436641,7.728151175681435,4.736031934487668,5.040063285410842,3.8273698047011244,4.094773463540255,-0.21040487087151968,1.427947299792542,4.815983053295434,5.438759286558268,4.241281253687006,4.397234298426894,7.662115394304396,2.3425262662053767,0.33543026556017447,1.4730504931336217,2.17621890805461,5.432609659024068,0.8406951417071892,3.5370937446174424,1.4730504931336217,5.186079226853099,-1.352445953254377
207,SAM7a9093b9c7e9,1.9145640773559613,4.450019769847612,7.996059594552527,1.2592558046231777,5.78996594175211,6.338137050792935,4.374609096824157,5.687072441867793,4.562489581593786,4.708496773570515,4.592094150433853,3.955997125434612,4.475995913719923,4.600684331006758,3.845739627156899,4.419613347503641,3.979769921843437,3.542010386236372,3.522852838852803,4.987968472966798,3.7171421476735063,1.4737087964920286,1.821768021539988,0.36401216327730995,1.8714536452400585,7.02272549692832,1.271901495100798,3.054140853820517,1.2592558046231777,1.2592558046231777,4.785364638354656,1.1205227423256354,0.4774118333088026,3.3213917366456784,3.0366963396741733,3.705308511326305,5.341003009516193,7.121281044082722,5.0555285694629735,4.971235438036141,3.224412357252296,3.9084274103028602,0.4774118333088026,1.7444666097779382,4.852418310332301,5.098282703968367,3.5708102360658187,3.8882534892524485,7.402102948203026,2.2098070625814974,-0.08590575591785436,1.899071129226715,3.054140853820517,4.9885460934624,0.8542432932902186,4.028408436098455,1.899071129226715,4.475653834685903,-1.4651156341139946
208,SAM8f2275c36e8c,-1.1822727366794448,4.9833759927880745,7.791407909399357,-0.42093139833769033,5.675375542812313,5.322803895351503,5.542377633459217,4.305413251714937,3.627630145309644,4.328012962875127,4.194155723612626,6.500440938596768,4.795209735752734,5.14588719144998,4.671188649436274,4.888503205872165,4.866946283400807,4.434676377414855,1.6946389429887367,3.7279089855954837,-0.19022841763974105,-0.16805884595336146,-0.20937047701259312,-1.5303914907409695,1.072985801376229,6.85715100211091,-1.0358069190371435,-0.8434865271764522,-0.42093139833769033,-0.42093139833769033,3.7702999648730295,-0.610223538691846,-2.4516293389819674,2.6653465397066705,1.1488483329328678,4.215534010466648,3.0360187847619637,6.777642299081694,3.9630566934356657,4.4114799877021404,1.373210653825481,2.5178950323036897,-2.4516293389819674,0.34433239682762495,3.540064736172649,5.659677352564752,4.350460248614527,4.6516981114423555,7.106331352541756,0.7490431614084395,-1.3407337197791183,1.4203299897519486,-0.8434865271764522,5.423396845972053,-1.1936024001659264,0.5934645802068358,1.4203299897519486,2.4202348921717722,-2.033270042606747
209,SAMab8052a03398,2.7299658875763346,4.5324016697134635,9.193614767373568,2.3397910724706614,5.389895836653949,6.497716372248799,5.1466743332259925,3.5441037417083203,5.997733439316342,4.625983347067578,4.075269314506743,0.7450897415257285,4.404766786666183,4.675412126247622,4.095557483761415,4.60132809494003,4.340653142847766,3.9992438925175557,4.132689814768488,4.197079826174992,3.6683294310194245,2.437429728286955,3.611129013089359,2.3021755745411663,3.2797331146866977,5.117791143098122,2.186496423855202,3.7890818127160504,2.3397910724706614,2.3397910724706614,5.378750900824395,2.3837777873936954,2.029181859550029,4.196706550597449,3.7923863334890586,3.5549369075205535,5.479282230573465,7.1510741127751585,5.731482880044162,4.487155089916682,3.992525491661001,4.145858996965348,2.029181859550029,2.0989245746881133,4.754637615660927,5.208201717515424,4.320102755722238,4.457580071469365,8.4006179611343,2.346260057298702,1.0085627132827033,2.778009922283849,3.7890818127160504,5.832336054637078,1.9588678584030554,4.819997331685331,2.778009922283849,6.10371204048707,-0.06439001140650369
210,SAMd3bd67996035,3.075477637827701,4.8331325877667295,8.572938158974145,2.521504601825533,5.789876533469408,5.533957909348759,5.698226403056724,5.183370256181334,3.5361055499253,4.275333304565532,4.3925684175472846,4.187677332212886,4.881082487396946,4.940167330775457,4.459851670838651,4.572933526623522,4.59271439219945,4.077665188152017,4.487311622878332,3.2795274772400504,3.925865597497694,2.800426674553079,3.4439585120273892,2.815706695821701,3.2206770370980635,6.033601849416688,2.1759108308747273,3.443047356915741,2.521504601825533,2.521504601825533,5.387223732244194,2.6707826124445093,1.9558169816425999,3.9100868505538564,4.508727766784337,4.332621523028226,4.885011030480397,6.159838368586281,5.8448890652888705,5.730518354628275,5.117035262573208,4.163640874986646,1.9558169816425999,3.0506529537089166,3.7676337289377173,5.109532735159395,3.8932233232318327,4.306639765266244,6.582739888923197,2.9837927318052446,1.61133926820297,2.3413778351900523,3.443047356915741,6.294455977479059,2.28337309232818,4.174878142583158,2.3413778351900523,5.701900313182926,1.2077841456382816
211,SAMfddc359e862b,2.1881720121635935,4.8949662736477215,8.104822760687656,1.2905758403286949,5.2479182083474045,5.348313172415977,5.75770911527078,5.1934067533765615,4.535260755075198,4.7347419192691165,4.353363702082736,3.903538353375422,4.7095220727314135,5.086542171166558,4.5956432175148185,4.685093702514103,4.796393417991879,4.2888958147461365,3.7185028898527994,3.861681215719581,3.0643207373656214,1.5507385012079964,2.5509240037133045,1.7480451666107708,2.214846432257747,6.195059467372815,1.0363915303479032,2.8607408136814905,1.2905758403286949,1.2905758403286949,4.44358227308663,1.3112044625432397,1.34892063391363,2.9596084460577745,3.6638737687731786,4.167652521040142,4.44554733282097,6.735183693365403,5.12886737497451,5.0828536256525325,3.5248752027410326,3.4720952780628673,1.34892063391363,1.8955926601069693,4.401246398246372,5.0717426466907,4.214335749339169,4.478985051425993,6.808639799424206,2.115328838794176,0.19969160326536142,1.7949410467254339,2.8607408136814905,5.004563728906164,1.1514600366387122,3.7142882327879723,1.7949410467254339,5.119395883187264,-0.14317832586678136
212,SAM753d4bb52dbe,1.420285807080713,4.86763429219008,7.961857754886829,1.0687132898380327,5.353838345299148,6.247336582898339,7.326610819534633,5.263608648068642,4.691783948905583,4.312373763051476,5.107593393420542,5.215755733910509,4.869087880238455,5.122942035760503,4.614929434466997,4.798585432517322,4.898339249079842,4.234655210542175,3.2569967249782716,5.168498718277077,2.7398397104223284,1.1735867506239652,1.6921915581178981,0.43603767981483815,1.7965537694473699,6.294834631690282,1.2593537394965981,2.3801725759062435,1.0687132898380327,1.0687132898380327,4.438954017404812,1.1120720795680115,0.5456844470062561,3.1571563427017337,3.0696776251773286,4.331276600475558,4.543111416006551,8.492527387473245,4.856276129856066,4.883678803534302,2.7047654890972246,3.3020871468202255,0.5456844470062561,1.9934375718810067,4.221368416642218,5.714661380367776,4.085166792993306,4.427805662014189,6.787837924239774,2.1334480026481257,0.1915419433407116,2.3864533464077664,2.3801725759062435,5.380844406358884,0.8216898094761761,3.237505867344952,2.3864533464077664,4.372298145031817,-1.9115019932988058
213,SAMd3601288319e,3.6941487422010426,4.959221711502947,9.174670980039467,2.429484396056997,5.984373777070107,5.379203521109845,6.149172876616824,5.657896247444375,3.2064280702866865,4.193157503991417,4.902173178667288,0.9668765139484886,5.102204724606719,5.2926600985418535,4.5881948684904525,4.833450985073047,5.143043376858878,4.274123799846908,5.549585489135027,2.7219656144966686,4.1182120010206935,2.773806349144002,3.8916995530039693,4.205106155661068,2.5122938891075672,6.953444815134488,2.1067478285117676,3.688101673313724,2.429484396056997,2.429484396056997,5.551946362384142,2.4712137988050302,2.050310130254151,3.834267369373684,5.288127275954502,5.45120518476799,4.857472269823029,5.481229760350637,6.37855744775304,5.973143139372299,5.873799367033302,4.434050634434476,2.050310130254151,3.01251471420938,3.0808072587567517,5.573158722323557,4.461318021225595,4.872215541833124,6.276848224092828,2.8595917126067945,1.290310206962194,3.1302671915628184,3.688101673313724,5.452537868461615,2.168068085601975,4.12297355780256,3.1302671915628184,6.8955936098466095,2.8276198746383585
214,SAM59f392864f5d,3.152274165799516,4.854968446428603,8.682740570900888,1.8996524019700958,5.783757456156389,6.548411938499425,5.926309863892993,6.7391733060222725,4.528295074407896,6.040321784205543,4.324663040561832,2.421993983394885,4.978385690413319,5.108450035723435,4.5382193848129555,4.6763050330690366,4.825471329263396,4.182325540048538,4.9058435989834805,5.69891356502361,3.9182468958170853,2.029274308961563,3.0318404559918943,3.0259668153777555,2.2434543034813177,6.312959929113304,1.6690660828930628,3.349725933531276,1.8996524019700958,1.8996524019700958,5.103140985065535,2.0907176194778074,1.662741529787322,3.3830744528029797,4.610971401344961,4.706399680459699,5.6251446487085985,9.377744434204876,5.947447669760071,5.62845308421967,4.559034956476734,4.1131285903828205,1.662741529787322,2.7614511632782635,3.7981854320391246,5.564454341925826,4.08453217404694,4.4818126637821365,7.121315091412856,2.802112542418064,0.7888318752808167,3.4073974577988335,3.349725933531276,5.877355558044379,1.7125063095002155,4.169392320583377,3.4073974577988335,6.070082387164011,-0.7930699660401297
215,SAM26104d5adc89,-0.7897087511909058,4.641173648433061,7.209009391166767,0.3511860658675307,5.762518403112159,6.780863258927844,5.796099702608238,5.399912875007136,5.044530347906874,5.092558439124725,5.753813624418316,5.611983114863726,4.83484241711316,4.752296712956476,4.2598325877438095,4.659648135147644,4.39410070197572,3.9933682370888866,1.2455365131289122,5.30433371592693,0.5043842840758681,0.6182356391526113,0.019272303946802915,-1.6476889405832635,1.979832506549288,7.691872689245183,-0.8213790698552783,-0.030435549232467718,0.3511860658675307,0.3511860658675307,4.189795843269741,0.42757132181715035,-2.230406496628177,3.00061770610503,1.0696900454611546,3.691943528790249,4.111786676586497,8.674131187314876,3.5072753422725294,4.440656769305367,1.9534190324305667,3.508812364499329,-2.230406496628177,0.5202516515811206,5.135927381613045,5.167311803907842,4.066387733447203,4.370857191336896,7.82409001957728,1.8162831024761035,-0.7787663707097873,1.704671639571756,-0.030435549232467718,5.6824851839723864,-0.7402461736261046,1.7582666658738229,1.704671639571756,3.014288012008024,-4.058797202798018
216,SAMba1a34b5a060,1.865673657895739,4.914726913018648,8.657711779490528,2.0145234303106228,5.493857579154774,6.007743686454816,5.330184162508362,5.28614787256483,4.86137367354017,4.91653271296818,5.341833814812881,5.02151481505587,4.9235208261478345,5.22648097841231,4.661181114056333,4.765789523683588,5.1792037203181245,4.50735256051042,3.8320939520074147,3.9960372474799413,2.9604751238909373,2.2761169744950625,2.984084642906028,1.4080171948690043,2.8805550903317596,6.284782444716529,1.4769043750946687,2.7473633224794796,2.0145234303106228,2.0145234303106228,5.088003551856422,1.955456657523646,0.9563277162085043,3.7773310380857716,3.68594078178064,4.460918493867462,4.20925832168444,7.803138925002673,5.2785709370810805,5.036249706105794,3.3409311254533027,3.76988456345253,0.9563277162085043,2.16223547681108,4.768191739323537,5.41467547914235,4.456416941851846,4.727238602621391,6.941553604395257,2.4583484779780136,1.3254983291974818,2.197658326027543,2.7473633224794796,6.2646622966255805,1.5746208504380381,2.9973618952765757,2.197658326027543,5.38979116140082,-0.16394329547252662
217,SAM18a4dabbc557,2.803867965745466,5.08327234342454,8.9674122175827,1.839463653327418,5.515565187938774,5.069100055794107,6.722605214702211,5.550640631632499,1.7577424099409489,2.790210290488551,4.112866970890307,2.857307368792263,5.1646936931467025,5.515554245183168,4.888556879333825,5.031065162827046,5.327725548123349,4.472258416323083,4.918804260355175,2.198935564569831,3.445307315343438,2.1305699958592275,3.3707026969635296,3.2166695772628824,3.7662081660423308,7.0321110143725045,0.8584659018881711,3.1358108369283157,1.839463653327418,1.839463653327418,5.029359830943527,1.854135742024499,1.7605107110782108,4.311993077401178,4.450246473425679,4.487217796732527,3.8898957111733057,6.446204777149712,6.085023352035291,5.881353004900593,5.4007771240324765,4.327043937236858,1.7605107110782108,2.4166940970181345,3.897659196346371,4.096624910896068,4.687184600095894,5.008763369071268,7.441475752803664,1.1718052363705687,0.49917895956760194,3.5289924514187825,3.1358108369283157,6.09340627022773,1.5144528034001148,3.265123458169071,3.5289924514187825,5.7034602327558135,2.7198686957853444
218,SAMfb7aec7cb0e2,3.641530453462823,5.084000753313666,9.770822053657126,2.780788610758185,6.070853025470437,5.427649250536942,5.656058265225046,5.675017073788641,3.7978574454383214,4.713911117670775,4.324402706295322,3.8124422725318348,5.186219508924522,5.469277388233864,4.754522238367974,4.913164474966869,5.318634408192298,4.450375048917942,5.404989322528621,3.5643181843228637,4.292643777610418,3.1420557515796945,4.88198480467743,4.041841116497584,3.3496825055747017,6.737162201684529,2.190294780131732,4.028492231688644,2.780788610758185,2.780788610758185,5.5718215097994594,2.708521419308632,2.5098512890987106,4.343072762228628,5.450200329779224,4.920934826200794,5.3209951481251805,7.304191961974452,6.709563666908667,5.809919877260409,4.77511264095133,4.372558542457433,2.5098512890987106,2.7999356420239963,4.689283595123224,5.65016502218774,4.5881909608371005,5.018577562736374,6.6044401540020745,2.9620308408343745,1.6863552213990178,2.7382432024415984,4.028492231688644,5.4532670638115714,2.4012155082768833,4.030107303318925,2.7382432024415984,7.1031427928236,1.8406711382057575
219,SAMfed609955db9,-0.6040564720966297,4.782517277193537,7.63114423882719,0.24065056065653426,5.7724693538345395,6.1778074890312915,6.075280774784822,4.98738320787937,4.33064637385057,5.2151444730911285,5.293326616911546,5.210938465308925,4.898155942165737,5.077781359235845,4.473980694906229,4.759509128883679,4.693862103109215,4.062983626785328,1.9422742370699777,4.906023657915087,0.7161733837570228,0.8708771283908086,0.26139954482434247,-1.5176260322829283,1.1636566085394506,7.585518819567121,-0.7404731963981386,0.41017283994602344,0.24065056065653426,0.24065056065653426,4.148335065892933,0.3138645343246738,-1.209154158429834,2.0616525277594215,1.3335661102225724,4.330362773896029,3.71815545330649,7.988651512713812,3.959675603199618,4.211331270621273,1.533135581819266,2.8736511165355854,-1.209154158429834,0.2072202945877221,4.085364520340462,5.418445320396238,4.258884559519187,4.570521705351284,7.134445452986962,1.7053866818547092,-1.797878120215825,1.2042423349448619,0.41017283994602344,5.37449544514259,-0.6818718095554809,1.813721715106302,1.2042423349448619,2.830827804980317,-2.9637494208451094
220,SAMb8070b7937e7,-0.44789931359217394,4.727543744152891,7.670517070765217,0.36598081016912787,5.759123412389621,4.965360744177576,3.8667134773613347,4.713769090087298,3.553516094958882,3.5773744927263196,4.35389954424906,6.230223821595819,4.378919264645292,4.946784205222248,4.308247389433212,4.802403268937275,4.522145677998441,4.174057527985922,1.8842178610293514,3.2521230358585,0.6227330826464952,0.8789083936127836,-0.06461262598429614,-1.214857328985657,1.1669033070262085,6.501886094707523,-0.42385490372148016,0.32329173663818184,0.36598081016912787,0.36598081016912787,4.316543364424364,0.4893967779182029,-1.7128830822878747,2.1485062161947908,1.270893144307547,3.618294032868142,3.9130286657063365,6.221815935397004,3.6805227524919175,4.1684215530456195,1.4862386071516838,1.925131429154118,-1.7128830822878747,0.23443498209595334,2.7647007300327275,4.883878194035758,4.058064592104617,4.209240899672173,7.00802381179157,2.5669767639614913,-1.495963761472261,1.2903258149952652,0.32329173663818184,4.293451760657479,-0.6513508622376303,1.9810081316424044,1.2903258149952652,3.2085257701198446,-1.3679051748291484
221,SAMf2aae1443f67,0.364336075793982,4.865596274409144,7.987266242702188,0.059299750057838115,5.656026428780664,4.926796751246618,5.961146366883183,3.9806369968266004,2.588245972523386,3.0259397893159172,5.954432941798526,7.016676652773231,4.750899088169535,5.0735905813269,4.496000221999972,4.733447666106842,4.7523680134652855,4.566096945799039,2.6830832146079944,2.3052737034356605,0.813869531566634,0.2976334194653115,1.0212217395854895,0.5578376852737628,2.047168537733713,7.8438118737295595,-0.3543576738819008,0.48367367222421703,0.059299750057838115,0.059299750057838115,3.9896568346047374,0.21723274917629648,-1.131954089857197,2.6021281480671776,2.392647086503267,4.448875848335226,3.102725996669737,5.426458477200256,4.433398152248666,4.924678269743342,2.919932247635454,3.1337716897755428,-1.131954089857197,0.9204848268071955,3.4700216983806698,5.42802131584211,4.735797575165001,4.907798737710321,7.342985590417285,1.3500599828122264,-0.8786786925070228,1.8218497914450076,0.48367367222421703,5.16567795555581,-0.5377216316110288,1.3440914219103297,1.8218497914450076,4.0175903576470695,0.37780951117233386
222,SAM2bba8cb35e48,0.7102467674753017,4.6811204598099225,7.543439848386686,0.7390078210043605,5.932590197644211,6.704485291525028,4.942122117348951,5.946703966361182,5.224843634359549,5.795155698390182,5.799427367092338,4.3035016144911795,4.7890773940500315,4.7563406889363335,4.126004732473274,4.631531405860697,4.352827147788502,3.9534867978109736,2.270275385849138,4.934999356338402,2.3985012923879676,1.2813753327719666,0.7106948556676967,-0.8175327715200411,0.9914011490911315,6.517461504905083,0.03272989025039284,1.5524638673983222,0.7390078210043605,0.7390078210043605,4.22986050276417,0.5262686925299545,-1.0647858130736971,2.7137959499836883,2.152244710601805,3.99246316077853,5.218256133719526,8.378653343928988,4.316787688254122,4.517107756364847,2.5876448950618443,3.62715606098499,-1.0647858130736971,1.0394577355316375,4.791448468985724,5.165486251848838,3.952540632538582,4.305573062243356,7.520348828787373,2.346179572790811,-0.7910399396514448,1.908720557380885,1.5524638673983222,5.584357329106522,-0.03800703763777041,3.1934649545661897,1.908720557380885,3.879529702635661,-2.664723970489264
223,SAMcee0fa8c05b4,1.716269920024764,4.91408639995537,7.873326012140747,1.0104346823129358,5.726323127357913,4.88153191031693,6.2591601331776445,5.540626529317297,3.3916237721851203,4.031238570724377,3.0829269461715403,3.4057090241426256,4.9690133361635445,5.245645424649206,4.579375551776697,4.820684415214513,5.112962023621304,4.437032589705265,3.392505445676293,2.861532974893793,2.261145516936088,1.348809052587666,1.895187469943462,1.5849313912453145,1.4487675487233027,5.6667471150982776,1.0821913898963802,1.770336988883738,1.0104346823129358,1.0104346823129358,4.337063557089412,0.9687174597651957,-0.08744830480731973,2.778133125179996,3.26342064069955,5.074437977718349,4.044387115600493,6.501088288669966,4.832918602391819,4.856017345984054,3.0959913774515173,2.7422541283068416,-0.08744830480731973,1.7458009622594246,2.9386395341505627,5.40402080621146,4.348289616722628,4.7313449222944675,6.07533774655409,1.7347536178795242,0.10119187257089295,2.3714952085422762,1.770336988883738,4.826760882396196,0.5048822984803657,3.1695221035916066,2.3714952085422762,4.786662914380521,0.5309724707824999
224,SAM5c139c5c1c4f,1.163822049973177,4.842677991992354,8.31861939576676,0.7933807610561824,5.648003223047043,5.279672181676158,5.817831246533212,4.985924387645915,3.8615327863299713,4.8049824172373095,4.303892376206781,5.8032074473499895,4.821323343384052,4.978767990487432,4.309675559588757,4.718493952909744,4.639581187317803,4.239800085623999,3.2929700751091655,3.8455953017548907,2.720293693688434,1.433485532470962,1.5368809494923665,0.3356382571358945,1.6532298256380649,6.390218388655807,0.23764935098536966,2.124921812528216,0.7933807610561824,0.7933807610561824,4.474042517499481,0.652667491770353,0.25335186448981295,2.799357457055433,2.961557188867656,4.284095111948893,4.6776374407513766,6.3932276385077955,5.059958375474442,4.659123972997074,2.307266052589911,2.7658947308705515,0.25335186448981295,1.7008585008733497,3.671782412357281,5.469076532255178,4.234331229211578,4.616608834519126,6.3794352353089065,2.2682153610139246,-0.10711508100751795,1.8319539148266744,2.124921812528216,5.531554172132636,0.6564216083806123,2.5493560596240896,1.8319539148266744,4.279803085247932,-0.5526252266457252
225,SAMc1251c7bfee2,2.005727445553279,5.254893818098317,7.991573589099372,1.5559968213069162,6.228672975853195,5.313259727235189,6.814783041076416,5.227493198311702,2.61866657261157,2.550385572598534,4.193429705433479,1.7896304728848342,5.370830165111976,5.64462545465217,4.9194677156021145,5.2203386939667435,5.432001705055561,4.535622470707074,4.20395582711089,1.8329661646942392,2.0970230726567416,1.871919987608742,2.961980326340639,2.8765221300893287,2.1264906841525533,5.904072324402713,0.35522836655145484,1.8829870071541412,1.5559968213069162,1.5559968213069162,4.780775032423244,1.5690928175364771,0.9676145763088956,3.4824094649714574,3.7821809027153033,4.694841412581361,3.6435112248088313,5.963813131506467,5.109218542003736,4.945981670745302,4.482396549259806,3.394342217811935,0.9676145763088956,2.0747329636232372,2.634686853971196,5.518228849487579,4.913652213198778,5.270806667960469,6.413797326615264,1.9343418976444573,0.37825826292136083,3.3532051517844157,1.8829870071541412,6.3095648531040025,1.125906672497749,2.5570848691336203,3.3532051517844157,5.388681072582635,2.37098966241665
226,SAM6780ed436b55,2.7383605185172866,5.115287255003802,9.51784592348984,2.016503682536786,6.01081487307788,6.344165815423843,8.122486636429764,4.8628148846685,4.785934490691142,4.967344142482535,5.499359527134606,4.274398326480292,5.440980686482839,5.541972522251558,4.740386699360459,5.05608409141563,5.5503866585945545,4.624263374021783,4.1413555257207815,4.355320619847503,3.4802393318017595,2.3981532460722517,3.6624971343800055,2.99216041992285,2.40221649034022,6.353156889398604,1.2791135955056185,3.075938437245941,2.016503682536786,2.016503682536786,5.208285079841951,1.812946969448766,1.5073385765649068,3.8444714372047146,4.703821601964287,5.159655525893333,4.598741089876944,9.438902592956545,6.343693712231728,5.468271332811079,4.08209554119326,4.114479709978948,1.5073385765649068,2.6943270934819563,3.894700509349738,5.953461799648321,4.606484090057918,4.957517220751409,6.5618991794062715,2.4179868976766206,1.3441125013127282,3.7967157031824073,3.075938437245941,6.679576691155891,1.8254335877725758,3.1631100325953234,3.7967157031824073,6.135217248548687,-0.2139650941267215
227,SAM85f0a3ac1c45,-2.116873866951526,4.932905758023501,6.982472352361429,-0.5741387602174578,6.052889132210259,5.4836208806392355,4.172344278319551,4.3314521086238935,2.6974116255486567,3.323684068078195,6.121585174471033,5.935331896467585,4.998817254980152,5.125787050441802,4.6758724428049705,4.940225207500532,4.8625757738384525,4.301913772273326,0.5545675969579786,3.07192922830207,-0.5547631448028606,-0.2816167543660518,-2.2895695833900604,-3.8375216466483018,1.7084883848807786,7.2538864824468945,-1.3581168176843825,-0.9448129493618119,-0.5741387602174578,-0.5741387602174578,3.8530114003360825,-0.15383321781307074,-2.7754306481383697,1.929789122047025,-0.07800892068091679,4.0398971858949695,2.555690540132584,6.675684966889226,3.037900981612022,3.648161308352835,0.17625065862817943,2.1227375909840447,-2.7754306481383697,-0.175885695138619,3.502648996920803,5.08342550345998,4.3072147537273295,4.578442479886451,6.799148939719099,1.083678161284127,-2.0322202322828438,1.4476567673095582,-0.9448129493618119,5.332659129118096,-1.6737159431072404,0.7554008226293445,1.4476567673095582,0.5476813011990659,-2.5173616313440914
228,SAM9d2494119c05,-0.3357427890659085,5.022129284085514,7.340080991672502,-1.441463962605951,5.23744847886668,5.304138016237034,7.410957696039631,4.512097894549775,3.243672586459424,2.7919277360229757,5.126527264055223,5.4313991145929075,4.955282946330788,5.361523001855523,4.72487628422383,5.0108376555163145,5.304508252170068,4.475239599974855,1.934770925344123,2.5384604044773473,0.6786366043766295,-0.9478003166974055,0.043598956541600765,-1.2840034472208237,-0.3675045014796738,7.10987146998568,-1.4983309671109488,0.31177914723392874,-1.441463962605951,-1.441463962605951,2.880070764258848,-2.194703317371106,-1.7644937495980315,1.7734486516738592,1.4563231535107388,4.67307905891901,3.0852262790608234,5.119273480930297,3.521423474535239,3.946393307551025,2.549776425466309,2.787572434138503,-1.7644937495980315,-1.3898009928549797,3.65766306158827,4.8552523249232316,4.588091726556864,4.948987562449442,6.600234087710035,-1.0978873738366208,-3.3498422427925747,1.5002103439300114,0.31177914723392874,5.854313299308208,-2.0227787439732254,2.0803590609700198,1.5002103439300114,3.322822607091277,-0.6036894791332243
229,SAM9410b866974a,1.6994558831142899,4.7859810950871955,8.528157473514787,1.5459075910786084,5.735098545459648,6.061902385662751,5.111408205920792,6.518953295292123,5.2998795832182575,4.966972590442508,5.689783707175392,2.150442641079272,4.735940438835239,4.888262325943047,4.310671282268652,4.6437614951435,4.593543644121567,4.176890645542464,3.931557466209243,3.385062311148012,2.337541787564319,1.7539840455240294,2.2403937355485826,1.845438722167522,2.71123421893679,7.962744953544063,0.1704821151930596,1.7611504658282378,1.5459075910786084,1.5459075910786084,4.805211804717874,1.1734476189384075,0.09714315163607908,4.012587536368583,3.396568247241977,3.984801021097544,4.78095555768287,6.887495108883158,5.378645182208822,5.367430132845818,3.695763079747566,4.079993227815686,0.09714315163607908,1.785478244056454,4.585421654568981,5.275588302831298,4.614789762995169,4.779521503672843,7.9280945985211915,1.837282503536799,0.4155741661848873,1.9335892458255302,1.7611504658282378,6.635660217268329,0.8840980721988336,3.4421411407487703,1.9335892458255302,5.825679997097029,0.5464951550612311
230,SAM5d989c86255e,0.4283286397499294,4.878940755108142,8.002705408666069,0.5539713375866208,5.413559559301156,6.495780069743667,6.356618906205347,5.155627945557397,4.467382143386054,4.823496842992765,3.995402980242326,5.8958962900435905,4.91128317580202,5.239432026432334,4.652399356887522,4.757024632732602,4.896829694911541,4.149189871389448,2.528823599163985,5.538991388881312,1.3968220004173584,0.766072025972146,0.9009091076528475,-0.028377141157754988,1.6060093621073666,6.837812393694388,0.1437793418805134,0.9305429759797761,0.5539713375866208,0.5539713375866208,4.066264165926775,0.5002035417527061,-0.9209866412461031,2.822069481792059,2.35187677453147,3.9274651562446197,3.76207976985925,8.570322867886503,4.481263948928844,4.2501798164692355,2.566137512437757,3.043905279031411,-0.9209866412461031,0.994959072950015,4.135783057016513,4.898551824511947,4.3749384693297495,4.614188597409456,6.954399474810082,1.208173718339962,-0.9177427952401785,1.760481147404363,0.9305429759797761,5.72834259640989,-0.24289612944847083,2.516214748695886,1.760481147404363,4.076704167834774,-3.010167789717327
231,SAM27299aed7681,0.13135817045233544,4.999254348872494,7.514665469027592,0.4110710594282055,6.349673352378543,4.818203437696109,7.297968899617238,4.31863280177197,2.3221780631291447,1.8055766142895633,5.168012247295001,6.202692758006838,5.02883324817965,5.293281659964483,4.782400340724073,4.9168958242310605,5.202968108807628,4.419889502429317,2.4982115733802237,2.728566016862316,0.9970115211166882,0.8850246413789261,0.7859453882129005,0.6034494564454028,1.2556015501114308,7.0362336806434165,-0.596140764465457,0.4658357923694723,0.4110710594282055,0.4110710594282055,4.527976776488696,0.11301790772367588,-1.0909134371859028,2.3756404859489995,2.415602518041845,4.352666152791637,3.3834220136877615,5.868805381620644,4.353103529502112,4.579697722301159,2.649178861455507,2.9277647509367717,-1.0909134371859028,1.0599377898270144,2.9543554286199107,5.613751144996334,4.668553387648708,4.7908404234349105,6.63614165347904,2.4407280644107607,-0.12312796121191871,1.8669772930497572,0.4658357923694723,5.218238497282705,-0.209967491483703,0.5160368176613733,1.8669772930497572,3.747094449011875,-0.2303544434820921
232,SAM49d48750e294,-0.22544280312776305,4.590899208348376,7.273212510296639,0.8951907280679899,5.44678039733975,6.980158554374168,4.197906700860503,5.0035729934798345,5.694738071030099,5.9394992397946105,5.354116939985543,4.3410473821021585,4.485132849653876,4.534638513852582,4.135000364426313,4.470115120272682,4.176081993343438,4.055751980194281,1.5323853920592665,6.350987762957847,1.1660658934707535,1.1966254363931248,-0.16469058595107006,-1.3765799542644153,1.8355680159603878,6.730089713878446,-0.041297618518599595,0.8977292566877892,0.8951907280679899,0.8951907280679899,4.221784324535233,0.9223245911938271,-0.9993247114965711,2.8755326335014777,1.3223217058760075,3.5593702517779287,4.414167761423988,9.066419512997525,3.7900293716137012,4.236752921296292,1.437273693001788,3.2434222471958924,-0.9993247114965711,1.03898883963504,4.743609753776561,5.315172359897955,4.012775630228735,4.237048498446227,7.70847911402574,2.5641894662004066,-0.3172007207636396,2.206996795928331,0.8977292566877892,5.289928111042769,0.10136276507885117,2.5931462750725114,2.206996795928331,3.153368771223574,-4.818602370898581
233,SAMd43f8933066b,3.676994951178772,4.741455858230786,9.220725274264264,2.3961246845565682,5.774929676858948,6.426474933352191,5.929537793217624,6.304021028304725,4.687685672794633,5.471103518574956,4.821674679759742,1.9673278722478382,4.686238542484035,4.841615980933471,4.3542084470343365,4.506041362218486,4.494518245279759,4.108343427812662,5.4611416464374045,5.063870910314295,4.445946266361892,2.7205835084191303,3.575353266372978,3.6183211089420024,2.783149242251877,6.324199753197834,2.229558253766236,3.7407438660598253,2.3961246845565682,2.3961246845565682,5.8376188104588405,2.4021973644788144,2.4622171645523103,3.7765347496209003,5.040951227681542,4.09623093789864,5.9048203165299835,8.691753822102852,6.7226029707111765,6.021580143936237,5.226945180079114,4.703098786939988,2.4622171645523103,3.5558068225077144,4.11199541439744,5.076010439299636,3.896989890601762,4.1917812812860795,7.112264683708903,3.2839462089092595,1.6078062255039238,4.021355772852164,3.7407438660598253,5.708339375265442,2.4678913925561856,4.557140603035214,4.021355772852164,6.150093444391139,0.3972707361231098
234,SAM7aa01fc49a80,2.3044661767987447,4.514166947719451,8.237624015312287,2.388425703456985,6.307104443032445,6.4596778297900865,4.5964333226802125,6.529900575289023,5.0750633370307545,6.634471499421859,5.8417512181679685,4.181534450419501,4.683336044838908,4.709279646044743,3.9596552228081885,4.416220310473943,4.189144166125502,3.798151468938992,3.85676885354532,5.115287416324837,3.726978971688567,2.7000399148373075,2.2045973504605927,1.0514005370726238,2.9566244163445607,7.43966720294618,1.9441181460753545,3.2781244695784246,2.388425703456985,2.388425703456985,5.321012303061428,2.672100705496348,1.730172406320183,3.601955031104628,3.365578970108349,3.6994968019789143,5.655095723647696,8.0635704885618,5.459746542241054,5.49952790246663,3.3571580751178374,4.1277043113616925,1.730172406320183,2.852367932112445,4.583934171692709,5.080211519004422,3.73796993908897,4.13882157915657,8.135620105560578,3.9035871347425384,1.149123591132075,2.9500026766351026,3.2781244695784246,6.327807931977246,2.090669224352388,4.353890650514296,2.9500026766351026,4.848135467141702,-1.2585185627795172
235,SAM0257bbbbd388,0.8924313225336207,4.994909637316624,7.953274300668478,0.37340936178585155,5.5358978067861475,4.8241130930311416,6.053739752407359,5.171217977431118,3.056314053848717,3.838366295712062,3.3980289501150516,2.9097724018196707,5.032516405630209,5.4693475227334805,4.688315947803313,4.79079471272892,5.349156642942812,4.5189383703589625,3.078181703669121,3.1108305159806995,2.3147967002006196,0.6625572074905703,1.3279710150741322,-0.24796841234052666,1.152723487415952,6.066758257060367,-0.05852088084411143,1.887702465618494,0.37340936178585155,0.37340936178585155,4.1131359103051555,0.39032696382878573,-0.24649278712570144,2.325964448365955,2.614807364514882,4.8252985025877795,3.8035966847570606,6.163891072212491,4.569482113130045,4.541222855675579,2.3617277356611015,2.4295851034712985,-0.24649278712570144,1.1116564221278349,3.0268680074942207,5.589553600392216,4.271085327994286,4.658359809393051,6.088873118550864,0.9538834438072367,-0.6862149617112641,1.7773313311040626,1.887702465618494,5.0342214020028475,-0.02792989330198445,2.612387391507203,1.7773313311040626,3.480612481741808,-0.03264881231157846
236,SAMc919aebc7fdd,3.1716353746605175,4.709698244223351,9.309377873737079,2.427347429995675,5.7347312518839635,5.888018204820191,5.307564577862646,5.043607568187216,4.226477482278315,5.016663722143196,4.473650478140238,4.439049749602561,4.681727538219031,4.956133728346384,4.314901502921966,4.576251300216247,4.616073249011936,4.1305381134205135,4.826420106927993,4.564076481560268,3.862742061532587,2.698326150841932,3.185479087434773,3.315077420147708,2.697617854787319,6.695251143114027,2.184969968317908,3.402815597126287,2.427347429995675,2.427347429995675,5.779536747498415,2.5725891614616367,1.8828170687247603,3.653470962840718,4.70462014646086,4.141400734495167,5.555862446970419,7.36029723693423,6.324058112761703,6.082816247211398,5.360992285378763,4.512871964458829,1.8828170687247603,2.9385972487360275,3.6112833094009615,5.513511611906244,4.2037096134454295,4.523454086262702,7.168911580945242,3.507703300707083,1.4453237093446785,3.695613598570264,3.402815597126287,5.381504246150183,2.1396791526798427,4.079835218859659,3.695613598570264,6.3977664489212005,0.26234362536772515
237,SAMa321770ac31c,1.6456135684189181,5.193155145920781,8.640417955747832,0.8869804205498503,5.934234036409689,5.367702072420696,7.155792891016512,4.491640243371156,3.5553017166992595,4.50036766816814,4.81072957309593,4.559495736187535,5.39203950482743,5.653533761445469,5.208250985768915,5.029810975226145,5.470700498021621,4.628203411332727,3.9797110226715486,3.6201032983985804,2.4724249684980393,1.1841493712487106,1.739039617121812,1.6458934888216623,2.1680300423877115,6.810065142867937,0.5800975884280605,1.869057095537225,0.8869804205498503,0.8869804205498503,4.365593365057406,0.6098343851396034,0.4737682471001137,3.1594693318933613,3.6344431931600782,4.914387477042057,4.128973751250396,5.4655952147551785,5.62815454638689,5.115050498450207,2.932550004895338,3.4901749256305266,0.4737682471001137,1.8806953651532694,4.229872355978967,5.230880876903722,4.669963001606947,4.84101391671096,6.654413067315493,1.3212738283738623,-0.1262447153369912,3.639807341663939,1.869057095537225,5.886694654285508,0.5732326795140986,2.520067834416747,3.639807341663939,4.488906840853354,0.3596077242729683
238,SAM3894ac3956a5,1.035863298419826,4.733472624355091,7.838277036340121,0.8344843813785323,5.5918602185476,6.135570186938015,5.319570878660653,5.220480372508442,4.671930648573095,4.893200865794309,4.643918214793516,5.543311347847227,4.601311925093897,4.910039792677563,4.323411874782361,4.6608032406529505,4.564513975237479,4.205169218668796,2.6628420372093835,5.109380312312332,2.067796371789609,1.1553147749822257,1.5260177737833123,0.387605625433566,1.7996192787562404,6.689818609153939,0.4448535941250044,1.6251823993090344,0.8344843813785323,0.8344843813785323,4.373941484675949,0.6340304816716666,-0.19363352075712426,2.8934195314360913,2.5157625352492716,3.8336046808006934,4.4114843316460455,8.443002405193257,4.640087445552003,4.652771750247066,2.7260350680632945,3.2540731914152095,-0.19363352075712426,1.2951072807168753,4.441836550803761,5.462401532810501,4.274517836492183,4.556934823856717,7.331896224676747,1.7922443914380686,-0.16533722156161992,1.6104872479738346,1.6251823993090344,5.298941379719848,0.30893673417867407,3.0334689197603466,1.6104872479738346,4.240977517209825,-2.4465382751029487
239,SAM3779e979db6b,0.7469642212183567,4.6068023262991336,7.927869072605731,1.0552937277345118,5.800222554076733,6.298972669110663,5.628543944957492,5.049525159132732,4.593934477764971,4.880769584178775,5.1068116214133115,5.592579884486727,4.5274165641921265,4.622484412160146,3.9857823982553104,4.552885288500701,4.188462114061196,4.050904788584139,2.3360804031102704,5.446824235892459,2.650725520990849,1.1444747685627454,0.9227170286719656,-1.4384472240974342,2.39722010008288,7.002318479483072,0.36888046460013635,2.462528777041395,1.0552937277345118,1.0552937277345118,4.685550383785814,1.5039608592811722,0.02895081950198186,2.9915366266239003,1.8181795652639576,3.5220392861812835,4.73504861818944,8.479682770150072,4.365819066720919,4.390235122366325,1.2567840253683271,2.8968867086435472,0.02895081950198186,1.2562475593908873,4.2477913143665855,5.548833344394289,3.8850661096953925,4.18870639469992,7.3725564755538535,1.9857186768331025,-0.5263819890559115,2.064768172590448,2.462528777041395,5.607510066876647,0.415096472681483,3.768107380118362,2.064768172590448,3.0824195062782436,-3.1107438327821884
240,SAM1c0ecfb3eb63,2.8266409628402114,4.866534292463252,9.53768792147009,2.6393292771115435,5.335017633292308,7.061898127620306,6.999804337041324,4.674456512794496,5.56497558937219,5.704845629441355,5.210049061891676,5.239712198606302,5.0238645193851585,5.163844479781088,4.603510563515379,4.836981335321053,4.979452235164117,4.322559069929479,5.045557334115195,6.600449052127679,3.267056744656303,2.955742678290327,4.031228819305226,3.3448242787341713,3.1935620397760798,6.565206793741183,2.043136830084002,3.001227518987617,2.6393292771115435,2.6393292771115435,5.687854323710413,2.76286779167795,1.4601129881712795,4.055977579911779,4.733155759054341,4.8649535708184475,5.148873587213289,9.253151067718024,6.050626220437695,5.77672884246387,5.1575102680157485,4.777092233928538,1.4601129881712795,2.592714433611359,4.809568051241263,5.391561271317796,4.626341988164684,5.003259713372751,7.488677522517481,3.3309541411270245,1.458674097717605,3.0709371840356083,3.001227518987617,6.052556483656826,2.010523693936846,3.726402548670738,3.0709371840356083,7.2021402070684575,-1.5548917180124846
241,SAMbf91f27e7f9b,2.7017114491230227,4.812392816939503,9.239793646690567,1.9202997932949137,5.672256158270932,6.451848299261746,5.779187081359567,4.986398549558651,4.857258733960346,4.816396725185017,4.839503055149789,5.295486093818792,4.735238309807126,5.028025139108251,4.393135030191241,4.664404825083618,4.691978250761434,3.9908487205518504,4.445886842671918,6.206228351834992,3.3965187795876512,2.1702934640005784,2.559304205875926,2.7179591703044257,2.2258826835442105,7.0816577255221835,2.1007842829624166,2.8635223971142154,1.9202997932949137,1.9202997932949137,5.206921731463579,2.015529735518747,1.388759126275202,3.475978073892339,4.3094010981593955,3.8356364710330872,5.471589498730088,8.572338565710423,6.178946191705127,5.511846763025521,4.778123918021926,4.599982887753853,1.388759126275202,2.589932833674624,4.407945595640591,5.3667252389159925,3.9435898219998506,4.299632728586198,7.1024266545085055,3.178508247645963,0.6473738014334871,2.469217081773676,2.8635223971142154,5.655539535002929,1.5914484668703697,4.146943329635691,2.469217081773676,5.954793367355727,-1.7603415091630739
242,SAMbcb07ba81cee,2.3303869176507734,4.954931358032528,8.922171891194983,1.4788405311289667,5.550317024339757,5.119470410002627,5.674237264501519,5.368696193878847,3.642431343648392,4.455909784353408,3.7166463650313477,4.659198796550718,4.81328716075989,5.351398683710033,4.5214162880278215,4.6671237065296935,4.95087392775665,4.280795011268224,4.557779087218897,3.551078596414264,2.9393377886586816,1.8857191137515188,3.683340963479905,2.270613245307767,1.9829224462976776,4.9317384386782885,0.9197844453746816,2.453064518717653,1.4788405311289667,1.4788405311289667,5.390100662945944,1.2718096521934004,0.35180426932528563,3.6050908426319834,4.1909356001413585,4.460273530743274,5.334551486770896,6.7522262992752955,5.2568762824656,4.988321805415894,4.657237024233897,3.4926000269416275,0.35180426932528563,1.9020512190410286,3.506372622430861,5.807492115009088,4.566356415171307,4.899673251576349,6.0905520339004795,3.2502443669933636,1.0455134277938274,1.3939554641117484,2.453064518717653,4.967069582282213,1.1829430342717169,3.704443969640558,1.3939554641117484,6.173210077150709,1.0067004908046329
243,SAM9aa6a095a9d6,1.0808694418894254,4.6284164662372005,8.327944333077022,1.3748556077358383,5.311796471290046,5.889264448761909,4.408318121446251,4.869714696880843,4.201105888157516,4.17964330880941,4.847576238077288,5.869962716172082,4.568843790923606,4.847721913163474,4.187379944464702,4.550253417386735,4.379826277204589,3.9345809245852847,3.2169001000194726,4.431553867624292,2.40799112601551,1.6010847598508409,1.2512206077030388,0.09492857856657129,2.4516288639519876,7.371434159248557,0.9302727490739711,1.934696765435864,1.3748556077358383,1.3748556077358383,4.759420693199557,1.4776691979146834,0.04013128066702546,3.2505116564976775,2.712872753306162,4.0416311909341385,4.481985766893271,6.576042697621549,5.0011719204197895,4.705223892726291,2.2268446879595825,3.359071184274088,0.04013128066702546,1.7920462884409882,4.441753334903885,5.058584561496497,4.267538713184187,4.463490433538356,6.847659665233716,2.452477832919874,0.2038641805597806,2.3852951970934355,1.934696765435864,5.17673877255254,0.8069957803684514,3.0756717148597565,2.3852951970934355,3.798074884962613,-1.214653767604819
244,SAM957378bd907f,3.4602237545901544,4.818020410572262,9.16177282422725,3.014762542337896,5.6828644839378875,4.83513543752453,5.996882163348838,5.186102353366841,2.7275037578887447,4.483914437952705,4.187765762716468,3.627686293355776,4.6879345644626556,5.107244972029208,4.385480315559266,4.771894925034135,4.74721975600466,4.190707595175031,4.649358349635198,2.0526111608320248,4.701206075992177,3.2110400143477333,2.801823164200385,2.3578688727746346,3.8372031931406476,5.3350970636591555,2.4771312093008255,4.359829495802674,3.014762542337896,3.014762542337896,5.9686824946619135,3.250010056398696,2.313799857695905,4.220563229766638,4.354688902563716,4.076569275397235,5.294908795392342,4.618750106819298,6.29868829804397,5.458881977806917,4.634493444667158,3.772764570861059,2.313799857695905,3.234374639532086,4.075779278929562,5.3995747529717395,4.260671630934018,4.483983682473496,7.7450669802270555,3.3976556917308116,1.9542949872868007,2.72395961536509,4.359829495802674,6.57657614011221,2.6351333042921574,5.056265896617678,2.72395961536509,5.2406975351308995,2.596747188803173
245,SAMf82bbdc267c8,-1.531291494490469,4.785636852120041,6.359648745717254,-1.9352979388312563,5.276364220563435,5.287135591182018,6.074456648987928,3.8009733049555483,2.2007312761110196,3.068014177474435,6.183783633181824,6.982066225752944,4.81590535981338,4.925438879180729,4.25376222322822,4.699708031539231,4.656805856438289,4.4044688597975545,0.30865891708734045,3.5054368936457245,0.098472164020841,-2.1666595955070553,-2.3154153041987264,-3.291720938178232,1.2271788874591893,7.995406552109228,-2.3711220989921316,-0.24302362185706872,-1.9352979388312563,-1.9352979388312563,2.1621657820403977,-1.5174249645019016,-2.2929393283586292,1.8814281376014166,-0.08213696337717202,4.238580731777785,3.3605269196396566,6.3634153753861495,2.746481648638564,3.464422303963552,0.37377022473284355,2.342999336284904,-2.2929393283586292,-0.7122518316568928,3.838384882589917,5.659173258440076,4.066213061818858,4.424693125068952,7.131732063660334,-0.7895401109008869,-3.126401773290762,1.0706699592346183,-0.24302362185706872,5.393080360767562,-2.4183539373161773,1.5355400078844037,1.0706699592346183,0.43346224536716454,-3.196777976558384
246,SAM2624229effe8,1.3163097349678936,4.548046725225799,7.662242828039158,1.1745399295918812,5.259929920646888,7.386988229090351,4.772333498688404,5.302130329741912,5.738832098246372,6.053295646395083,5.454908901199569,4.856660291798863,4.401209084708626,4.663077753960456,4.1130220053501825,4.563848908668879,4.242578050106292,3.991908480637474,3.268450119815242,7.163231150345481,2.4327255290790557,1.3124150154569876,1.2418258566957523,0.8591477929483844,2.2919471689427087,6.42713428919674,0.4640593490588876,1.6945986597974088,1.1745399295918812,1.1745399295918812,4.593478945710862,1.4799683765841603,0.0643416830489949,3.0803373846180255,2.8220554328217347,3.2046028834129663,5.24966724839326,10.308498481537915,4.7480979576406614,4.805953504069789,3.072160850774034,4.048458855652362,0.0643416830489949,2.0504065613952647,5.4068106708833525,5.299965574122732,4.085388599102311,4.372115691708499,7.5878605908875825,2.5021251986796806,0.14247896096346216,2.8383022674634373,1.6945986597974088,5.899631184620246,0.652540422859873,3.249681814037153,2.8383022674634373,4.891495959389368,-3.894781030530239
247,SAMd2492b2a31bb,1.9918063387078282,4.777940577802613,8.806136213887578,1.7566602701793417,6.038620721774288,7.053118384119575,6.217956866291437,4.996308013929853,6.415342629286614,5.29207123312845,5.36903098962541,3.4538386916900117,4.917725060532567,5.141239008814341,4.494799544424503,4.825481350767946,4.783484058358032,4.063633426313547,3.991375752924,4.4009996259251976,2.7850099022184986,1.948297837356637,2.316582543050732,2.5422525537781633,2.854019866551065,7.294704736181699,0.46704735204709,2.519742801119744,1.7566602701793417,1.7566602701793417,5.10153237827491,2.1498981382672766,1.192458583356497,3.253251497991292,3.841562029369497,4.36784973727881,5.10427530241703,8.30442780405467,5.58076777615957,5.390423530340742,4.37144325344543,5.052107622588833,1.192458583356497,1.7299884745502332,5.934312895351993,5.362126983960206,4.3169579945939835,4.618420069549597,8.234275268364124,2.2180883871532875,-0.6329880665530553,2.637595343022087,2.519742801119744,5.612052356654425,0.9689261443103403,3.1882842184127838,2.637595343022087,6.596725574167313,-0.4096238730011974
248,SAM670649e105b5,2.0243872922475106,4.765475267736658,8.001431531865434,1.6453108427133718,5.542464765912429,6.865717012174236,7.083096698326755,5.433520817875024,5.312549783736125,5.191509166601693,5.126673519330835,6.411773958891524,4.9568200975061085,5.082352608773973,4.404926974924683,4.672342089482298,4.920568468349814,4.347770045365895,4.117770384009381,5.12670691196431,2.4177354706281515,1.9285860213722497,2.5702403171125563,2.454486684936956,2.2605647116700274,7.389241022975306,1.411376186997227,2.119237361099657,1.6453108427133718,1.6453108427133718,4.618675012139233,1.5702794861246518,0.7718735832699796,3.5471408273702076,3.658021358673454,4.095163092293843,4.264191479915602,8.547730285903464,5.010744593387726,5.529370474359369,5.079992333791957,4.387019007098924,0.7718735832699796,1.8913939362637708,4.235033836101696,5.094541979961122,4.463842461688245,4.936673599279353,7.3627577419056776,2.040786005281552,0.38286503774821873,3.5491684102027103,2.119237361099657,5.287522946421506,1.1486454731015754,3.1834609458458965,3.5491684102027103,6.044331148408883,-1.008936527954929
249,SAM91c47b054ffb,2.8236438043674337,5.3067733826800385,8.574119526978949,1.9844663917647443,5.631746725814156,5.380048801123372,8.134928802384524,4.665348201007455,3.3030263728744806,3.297578299509105,4.313874725186485,5.026061193137237,5.331406952545109,5.537083684898809,5.0195704637281935,5.0967080842573065,5.581585737141116,4.703214092746991,5.121750345724594,3.0413948319092396,3.3291249105636194,2.24580719655292,3.2099455528260816,3.2869100070243484,2.3766371510772286,5.811987879716042,1.8042850719693035,2.850245198559469,1.9844663917647443,1.9844663917647443,5.159649418899012,2.0736961163554493,1.7681195112660741,3.630533340500326,4.809837187027268,4.863716393689854,4.426844958492934,7.039899698797075,5.936372645815066,5.374053565959446,4.792196913254421,3.7848542789397124,1.7681195112660741,3.1185244023803076,2.8636877300663346,5.417590900833031,4.46490297597315,4.84619500669178,5.762582914556462,2.3803266708880373,1.3277797476328874,2.717637488201117,2.850245198559469,4.714386903311157,1.8995227116530642,3.1177540414576153,2.717637488201117,5.534249078140822,2.0803555138153547
250,SAM491e341d5a82,0.5241672067213216,5.184555909469056,8.433100264655922,-0.08837112909234983,5.922849176152019,5.604652304866593,8.183485000773203,4.362474242982129,3.512978225290618,4.2431991243096014,4.894877982767615,5.208982473703004,5.326513539647823,5.683249318831319,4.939659923020066,5.001283954371216,5.676064919369797,4.518722794531601,2.6962330705946798,4.582821591015433,1.1406643222829282,0.20416669262402568,0.586410797205546,0.6526567887464579,1.5707697411368324,6.549839060155553,-0.49213526217522213,0.9120473182177301,-0.08837112909234983,-0.08837112909234983,4.117934001569672,0.09796662518399823,-0.525148065337571,2.4257357278907388,2.7786997623526264,5.337730226183682,3.118083153272596,7.519089032448806,4.739798090658971,4.273650550996837,2.7573829871739335,3.1273006546060933,-0.525148065337571,0.9231859103247022,3.6208409052324613,5.325815079328698,4.722581668098684,5.022875775332434,6.554900022699599,0.6343972697328341,-1.635331712608804,1.4575523628319076,0.9120473182177301,5.216989217802129,-0.5183284988934613,1.9177426941079323,1.4575523628319076,4.233185910906088,-1.8865885204207533
251,SAM5fe7a81a39dd,2.8651807830776295,4.86763760427213,8.22736258251968,1.8545111964334746,5.882224216649138,5.519628595016091,5.8067079616414725,5.122379178280662,3.741542503620423,4.333647177156632,4.899862843233192,5.400430259577313,4.967163869440772,5.041304897606954,4.437559608539311,4.505559400308272,4.64782332108222,4.162457215509763,4.576975985758766,4.236845620169993,3.5459280779917695,2.122526119636732,2.8381679449628052,2.8129826255682144,2.4468634289051745,6.915484106118993,1.756719288215135,3.04211946245545,1.8545111964334746,1.8545111964334746,5.101989840616178,2.071099183320838,1.7175922452236279,3.3730459669583395,4.334549880680294,4.445605273493543,5.3028740285860145,7.322271804258603,5.709896112529445,5.525513393629851,4.055915383333151,4.090215077165339,1.7175922452236279,2.780495368360946,3.8950097293020085,5.473850904393405,4.035895069570329,4.54975044173975,6.3347117822205545,2.923410747629261,0.7400160071267389,3.140719848395548,3.04211946245545,5.276530101213781,1.6532092608907984,3.8920795268615342,3.140719848395548,5.460045835405425,0.34013036558877285
252,SAM29da928587ad,0.45674592880472,4.689567423013922,7.855458410656259,1.2109895838295572,5.495959442240585,5.808751427215633,6.519621311286258,4.661219456440206,4.111773169967953,4.896990554583647,6.180086942505639,5.799374321681056,4.6885557678782614,4.9208247483543595,4.406551111917517,4.555440005951436,4.669754798466168,4.378380582205686,2.642801049163383,3.2508936532057837,1.7501895741259457,1.4820236287276207,1.6627888300905287,-0.25716938812183665,2.6536736664342833,7.536729392107972,0.8903315603799132,1.3382156562071816,1.2109895838295572,1.2109895838295572,4.650711933404863,1.316836591599037,-0.22239235711740002,3.3168489674509956,2.30647238005227,3.6538200073802836,4.09785357271153,6.548833745875359,4.4784482714858695,4.827187951731021,2.7827658580919774,3.71744309759125,-0.22239235711740002,1.6613112143141202,4.322386413567473,5.397764552700948,4.4079361525978245,4.648603852653006,7.134734777844771,2.131922783183487,0.35424644402716043,2.0580270119460713,1.3382156562071816,5.65653935497505,0.5648058910380209,2.30578302149318,2.0580270119460713,3.6646847356226018,-0.6080926040424006
253,SAM0a0f2bac4b20,1.7062821088412812,4.89441379893034,8.449565961530803,0.9432862675430654,5.485196920402606,6.359844129059689,4.498437161558002,5.21618475559727,4.496875825651896,4.760357394766547,5.231662861872447,3.679048188827412,5.061364100900925,5.349032439951091,4.540852467904342,4.872857182985751,4.994563528429127,4.079257503330389,3.971387680192362,3.5569663966356133,2.288185075936635,1.2240397547714181,2.506671921684033,2.122073977890778,2.141510390704503,7.248474660426907,0.6624277795522806,1.7436896945176912,0.9432862675430654,0.9432862675430654,4.805841997826006,1.0367714054073487,-0.03137804778904988,3.1707011456689593,3.5488459589584926,4.794766112379289,4.32058991178482,7.214464452476437,5.200622872321395,5.346634971569423,4.422545799738233,4.351836462979651,-0.03137804778904988,1.4146456831698404,4.44059334421867,5.706377529416239,4.272488840064358,4.972705777037282,6.7443427195012795,1.2412078551646035,-0.7780528931512354,2.3822997023222574,1.7436896945176912,5.157361655220466,0.20578655762878675,2.6407231487931155,2.3822997023222574,6.405499192745705,0.4144212835567487
254,SAM8e469834acc1,0.7301304445284037,4.632866374590215,7.727861624670049,0.9100500422657835,5.800467544756495,6.891418773802904,4.224708983928559,5.183250194798591,5.373777392151311,5.237902894913333,4.759468946462898,5.094299784681046,4.452913436633695,4.701645186423802,4.129480018506761,4.5589276449258325,4.320638089087475,4.106667576118904,2.612594662108621,6.23479436150946,2.0709959551462793,1.2716433787696908,1.536053664733531,-0.32656907923199147,1.779119990001888,7.315016715985138,0.05919254341097074,1.6536692446869916,0.9100500422657835,0.9100500422657835,4.388498713365182,0.8539524063549939,-0.8132905674070697,2.939358324968425,2.207078545899778,3.053718658523359,5.032954665887431,9.647335148995793,4.0576880863417815,4.714147354633359,2.8602085321721558,3.435851745381631,-0.8132905674070697,0.8535834288297961,4.854853565911331,5.49289240332093,3.947729145331157,4.333466120487498,7.423060896249633,2.636056172308846,-0.15516583663223435,1.8460590280086489,1.6536692446869916,4.849476526857229,0.1569225223631019,2.9902703482654336,1.8460590280086489,4.607720829295901,-3.6221996994008387
255,SAM8e43e9caf307,-0.27303055358146777,4.998634396378184,8.44993483361056,-0.5660164390212036,6.062709908545708,5.070664145392169,6.788945706915634,5.188286439702903,2.5251660523008588,3.8495240114734166,4.221924945007607,4.953032795656605,5.0991860385698,5.22728475320484,4.798456732439088,4.785659099635549,4.941117428710085,4.18581205821546,2.2141483198713763,3.7335128750793944,1.040326494153009,0.04134829822511099,0.2971912312051999,-1.4925196472474536,0.3869866293118907,6.263592122059163,-0.9470785955290806,0.28599706943092734,-0.5660164390212036,-0.5660164390212036,3.8291511970157632,-0.5423412415621708,-2.1006267094952022,1.3986975164219628,1.8616228810568611,4.6964307857016525,3.572408206156953,6.319034111854776,4.38542936210039,3.9714281393784323,2.2208772538164916,2.3143313938321857,-2.1006267094952022,0.1591661325282189,2.6846391577189497,5.313606230170813,4.027157370952621,4.48119418627494,5.560588158814007,1.1930968024454474,-2.027809089267555,0.5664397316191788,0.28599706943092734,4.833799227972125,-1.4130740003736253,1.73346772725811,0.5664397316191788,2.8042984503631594,-1.5193645552080182
256,SAM99b1f6a9534e,-0.12577613640414964,4.882777764457557,8.465907580324288,-0.21115885634569773,6.217064382145476,5.913403676226095,6.889640703115607,5.258642901013347,3.4902150021526914,4.1952592661197,5.164675563306653,5.137334045318447,5.081857694455442,5.077634408221559,4.7224954514245585,4.658373031856818,4.8164608012859,4.106580339718267,2.3667755489988807,4.675224827240884,1.2633130131578527,0.052983078542055265,0.629260709556633,-1.1394101232892118,0.9734761435070286,6.9353579939480205,-0.3060145372138309,0.7425014663125792,-0.21115885634569773,-0.21115885634569773,4.0533172794537835,-0.041968986570997235,-1.6019728675332374,2.119197959610109,2.0308363613744658,4.404693613103694,3.676177044650666,7.26169694937406,4.376359980505694,4.30775103734507,2.6347537225766113,3.1735825746007507,-1.6019728675332374,0.39899586403128096,3.688951927062584,5.098266421564559,3.963025969294631,4.4045862359707275,6.259899644005391,0.951211610595756,-1.6799900243570083,1.3901380170751958,0.7425014663125792,4.889724286802832,-0.969131710875553,1.6046312656750403,1.3901380170751958,3.3869106408820144,-2.308449278242003
257,SAM12502d970c10,0.13772224790533105,4.755788952833334,7.875038267690112,0.4979192768128304,5.726385490914639,6.227760244930315,6.57330455535419,5.48096092278371,3.6611802889976905,4.589146191008708,5.669953160752097,5.950495183437458,4.834379991559026,4.92178708581666,4.485554469333612,4.632277432661508,4.616574993392183,4.140268025334033,1.9525080481560484,4.927153116298292,1.4950340347786062,0.8892862016921177,0.7483326488566355,-0.8582468999811766,1.7306200367590048,7.627560429378694,-0.010779684785469068,1.1241659356242506,0.4979192768128304,0.4979192768128304,4.387393306523238,0.5235118760345957,-1.1492270518474788,2.6209725379786497,1.8421819179986965,3.943786946224951,4.19718156193224,7.80442876057246,4.0939408121492935,4.61206998131204,2.5046825129244588,3.371920621931208,-1.1492270518474788,0.7250713911456197,4.19897595003042,5.444807676460419,4.272731051746265,4.526103610228207,7.403887158962143,2.2254426221060966,-0.7546547983537081,1.761640100728198,1.1241659356242506,5.319645948793218,-0.260380529780687,2.33155117380894,1.761640100728198,3.772189451488709,-2.974645068142243
258,SAM9681450bbc90,4.508690057980369,4.740151599491358,9.62042738633833,2.690595593657075,5.45518112640151,6.525464930209816,4.618492903969915,4.984886517754569,5.26383745960856,4.701297702995368,4.916985206358891,4.536162671065763,4.7030442175874025,4.870942247458212,4.410567762863512,4.609430219272528,4.4451122618306895,3.91956265924262,6.170106287690528,4.549851676922282,5.301742456261012,2.828844442056935,4.746201821952258,5.100651511136159,3.1842820550177913,6.441986831408379,2.338040925186482,5.033197024973772,2.690595593657075,2.690595593657075,5.785916938918998,2.888742584162226,3.5284595403145054,4.31234404540843,6.0059975277714885,4.1062684375329574,6.388119900664637,7.518585318292445,7.174388733916461,6.174746892964707,6.214240080824946,5.515562342553573,3.5284595403145054,3.447015031003734,5.313573440925426,5.463607324998665,4.192072654809315,4.455755267009256,7.480549089468415,3.1800389155240008,1.2173326768840722,3.4700846000586854,5.033197024973772,5.76503002176709,2.7358550716299237,4.4727437333116296,3.4700846000586854,7.455747904599659,1.6202546107682458
259,SAM7d7c54623618,0.2853975383916598,5.378344537320011,7.292577295664416,0.0493208510474415,5.941554270928632,5.3240343776167665,8.2307530054278,5.189173969415206,2.4704370615357463,4.357324411452012,5.244084445712508,1.5806480778659815,5.546555498629598,5.9246721329457,5.156846948275191,5.2006626045456,5.7554909081532,4.679954184274938,2.7791163298510497,2.184501730004792,1.1087554683464742,0.4615996954234989,1.6778678945194612,0.07654586028347173,0.26703330229076555,5.7771867992150705,-0.49031613896486037,0.6207682367006847,0.0493208510474415,0.0493208510474415,3.6858120399397944,-0.22544541684958735,-1.2169216240457719,2.34089219425762,2.459938406405512,6.0533997194934965,3.7985231744011,6.133175629066302,3.9132939125289754,4.110111562113389,2.0036657647916916,2.6998695657835703,-1.2169216240457719,0.5856164116091563,3.423702729715032,5.634322275715095,4.8569970233177076,5.396367745893588,5.804280514932235,0.6684863598797991,-0.8924150163687717,0.9479956037460223,0.6207682367006847,5.3205554732474,-0.5781002203479588,2.0532758397011754,0.9479956037460223,3.9087749826097546,0.5946145998462575
260,SAM181b638b8248,2.5577947114510646,4.478060097168057,8.755600267345075,2.7595493071157704,5.52881613237537,6.298604874676269,4.26113796457865,5.442252289480888,5.075174800773171,5.476944104856275,5.499428673183397,2.60477987513868,4.574226329559188,4.721456567066225,3.857972110182495,4.5105280626855935,4.248243400413767,3.7322207059525394,4.337876057633769,3.5533655295344,4.072041078514605,2.911995986748341,3.1977496335304605,1.4832454174708871,3.8327935120876244,6.467386643116566,2.3277160613868775,3.51196605682458,2.7595493071157704,2.7595493071157704,5.795913086537091,3.2257867776487545,0.7847772541986772,4.128736543747012,3.886847272500666,3.5373925173803324,5.584840701831653,7.1026652623813336,5.499119311462752,5.3081244590424035,4.107384876921347,4.5893046238340744,0.7847772541986772,2.430869157710242,5.767832929526183,5.263858559645223,4.025521508644359,4.2332854201643855,8.07783535662272,3.133648452952947,1.0439671102271102,1.8746222109599249,3.51196605682458,5.533476915072098,1.649537715837563,4.118463171332187,1.8746222109599249,6.105059854484064,0.7845105280993692
261,SAMbfdffb97c446,2.6433359502348672,4.918438028645985,8.536260643593204,1.8886160824245184,6.027523342647122,5.999310826211359,5.979234627929497,5.376447880555066,4.508983645146287,5.014002119640629,4.639108658430491,3.908969252318854,5.0474210375042965,5.172322280500323,4.690383450787393,4.731969460151038,4.8249810948682486,4.192687073050903,4.556445291001475,4.149909165998845,3.501931823966303,2.1023449340715605,3.300732428456501,2.71351642835468,3.1465451673299007,6.413951650397929,1.5348131415658415,3.1265579814535003,1.8886160824245184,1.8886160824245184,5.068708081294148,2.1121408210727033,1.8258275617626012,3.6736671071328764,4.333633117440545,4.52724179911843,4.850523436940899,7.6082595112834,5.78407459317612,5.43049506841955,4.278974387325687,4.118058107806236,1.8258275617626012,2.458229165502801,4.1701887974079135,4.963133289281726,4.275960806523153,4.69145438134549,6.70693777622465,1.8459820898297314,0.6784860042126923,2.6288794292217488,3.1265579814535003,5.790008911760076,1.5279838630313884,3.5091893538276415,2.6288794292217488,5.777654131431187,0.4065361250026305
262,SAM3b15b4c6311d,3.8829794931059514,5.064463426748321,10.057447074794062,2.974254850750931,6.0166601834576925,6.1160226986874235,6.660802590522123,4.844541772912844,4.508099333407352,4.148060029977709,5.264687852899181,4.849671822217769,5.333268012317208,5.4839614912394925,4.692207456861461,5.109679459214612,5.4378596673746555,4.585824534085487,5.51697468220798,3.297184216720466,4.299814870655254,3.10461504244621,4.92987052380404,4.684043311645273,3.74413286254742,6.0495160746854575,1.7789178833265493,4.0813266241033945,2.974254850750931,2.974254850750931,6.05923124590608,3.159490956606593,2.7980455749547484,4.422729240343285,5.770776726313447,5.264427587168626,4.615563555047227,6.964718427962154,7.062286877921133,5.986184003895134,5.960175096116578,4.901062523202045,2.7980455749547484,3.1472465671243124,4.6384964545977185,5.617663612020151,4.669152676992119,4.956712113437813,7.984520093684632,2.377315185125719,1.7458323684000587,3.4471655646955135,4.0813266241033945,6.2581514542017835,2.495343714580719,3.6895940316664046,3.4471655646955135,8.052911545850208,2.219790465487514
263,SAM00b9e5c52da9,1.0529131239931735,4.700889211779014,8.179260940875603,1.5140247707251409,5.554429854952216,5.62841882810293,4.389005888230752,4.844005928738171,4.874161394119599,4.264675327760345,5.22067638883278,6.092598878772367,4.673842531407161,4.889305450345456,4.167349976799082,4.571609681311862,4.36154988705028,4.033926874239161,2.9738548536594056,3.739990395851241,2.394339264895719,1.833728486065795,1.3901730886417107,0.38993741191709025,2.0277134591638046,6.855710356590275,1.1279199754505622,1.9193017623292594,1.5140247707251409,1.5140247707251409,4.751582483834214,1.5353423558523718,-0.03454159174028811,3.137933648391478,2.632969300846274,4.838891757916226,4.758715298912255,5.682801866927093,4.918559540089434,4.640939520772309,2.6422022678931327,3.5384784379136867,-0.03454159174028811,1.5557716101896526,4.174359499743251,5.54494533724675,3.9926996574073077,4.3390000347209945,7.281935670482746,2.509956763485151,-0.1852854590634239,2.37804501277185,1.9193017623292594,5.277291693711413,0.7084281612860843,3.0001270926918777,2.37804501277185,4.258937408120428,-0.7661355421918352
264,SAM59b825252c0d,2.4571327260087648,5.065472998932193,8.45255508114249,1.9169293777158247,5.017039732237928,5.578315186979214,6.253797017134508,4.835258842319318,4.422945694655501,4.585799831677883,5.357694044368005,5.294821962409975,5.262561955347344,5.498869604671322,4.828886372265799,4.978444584232065,5.271706358711335,4.350111549266566,4.652257051007288,2.3286965110400195,3.0296040893917473,2.098777174287367,2.998477418267333,2.7966382196277504,2.84750987003669,6.111991621746999,1.4783700153227766,2.729201361285098,1.9169293777158247,1.9169293777158247,4.811042031431387,1.9466800418024754,1.0876359990124074,4.075515852602794,4.200407019806128,5.401488972818171,4.141597060723668,5.71583533934182,5.468289865190722,5.209555305790024,4.612359645884292,4.166595984531181,1.0876359990124074,2.3795969176467646,4.459500907370995,5.671411782305631,4.628682846025208,4.987900398361305,7.1986585824980525,1.9672075235297344,0.9497092639805977,3.0600070104416655,2.729201361285098,6.244322472441096,1.5103244715587705,3.1863099154101633,3.0600070104416655,6.090822602233406,2.3235605399672683
265,SAM1c8b086175ca,0.9466466539785349,4.588156452057118,7.947122316348994,0.9260067678664212,5.830417623403842,7.555839468380832,5.610252650194801,6.238697760572409,6.013774199814202,6.104488561535445,5.384424693826086,4.395754293889504,4.6314458166654795,4.790365355355629,4.2090835451312225,4.609403156902372,4.484214493476485,4.060138814150497,2.6994139590519843,6.369648594638044,2.6052394852633127,1.3446664059374682,1.460562154884964,-0.3097817852294182,1.6884788197559863,7.205014117333518,0.5688776686748033,2.163671701424103,0.9260067678664212,0.9260067678664212,4.7057897138895735,0.7058811829426586,0.1804933904184324,3.1905709516300944,2.30773862708369,3.6232521812497733,5.059612818274845,9.78179744702357,4.894871761807495,4.691073725300979,2.4523271238007642,3.9783492400580065,0.1804933904184324,1.4118784511714892,5.2683320846681,4.995479187189129,4.191753650215337,4.522436747070511,7.921001334299054,2.054101129253372,-0.4071336349046448,2.842467033722098,2.163671701424103,5.497636265234588,0.4394842456387946,2.998177282286521,2.842467033722098,3.8955047126316082,-3.67023463558606
266,SAMeaa477a5384b,3.4778304670577844,5.090620897009796,9.756105387639868,2.565294079085163,5.654540291442321,4.397574294659684,6.858438198446615,4.044048175343031,3.4979783195291994,3.5566265018508276,3.647000682869317,6.03132124442373,4.988027274728214,5.247031894989161,4.735283789567953,4.758174736226739,5.158072003128864,4.692152335487495,5.582062418265245,2.5277732356573543,4.097359026244856,2.766576897570203,3.65668602167896,3.6486427440106297,3.03008496565573,5.886679135316611,2.4237323775800865,3.5696354282350655,2.565294079085163,2.565294079085163,5.889789097040995,2.4904047053498757,2.6116597425595756,4.016820499220249,5.195367386496459,4.869998677315817,4.857172336536496,5.3003964924952305,7.0872250765289575,5.750656640435409,4.442853729913281,3.3128126879592363,2.6116597425595756,3.602263263941423,2.7088799781500135,5.414460583238907,4.7582787721683575,5.034795388369087,6.129773749976951,2.6561497568696715,2.1204232357972828,3.968655427691459,3.5696354282350655,5.918484684228781,2.5373071138094376,3.945490986218973,3.968655427691459,5.6183343583007614,3.054289182607891
267,SAM1dda30f1c5be,1.4402021484413576,4.7093291856717565,8.56405176168685,1.3605702720674973,5.5029946556761375,7.002312265701284,5.665993971877869,6.040925188500525,6.016088886956021,5.352801771687069,4.857572405077,4.8707826393390095,4.724272139641977,4.890202340321911,4.304293548246352,4.653091092873052,4.4874756674540395,3.9768077743124195,3.5649947694419835,5.057046932832082,1.7826837830177344,1.6363926586340376,1.6927520607157283,2.0812594082771576,1.9908465615671507,7.098760757930234,0.8638707410160463,1.468300251477615,1.3605702720674973,1.3605702720674973,4.774808497058393,1.4940175978856427,0.09268149162747281,3.1050958328689764,3.3577416283644275,4.05750011027513,4.716309972598278,8.621123917396728,5.158915067889972,5.417196130918128,4.170188255175458,4.603798379755107,0.09268149162747281,1.5656868018364425,5.484219629897932,5.270935207014126,4.012246082080717,4.345574658317458,7.753157027296983,2.5025049234823498,-0.5746552998192848,2.8295386532596294,1.468300251477615,5.243421914237875,0.6270702316985012,3.0720813766340815,2.8295386532596294,5.709690284202421,-1.492052163390099
268,SAM9eebdef2858a,0.8383853342952036,4.927247168751806,7.473273279746323,0.3587542277998918,5.833743082140894,5.839745262552907,4.543250187235429,5.134139562048559,3.3249185610050316,3.9620666059383303,5.315159596405727,2.8400464322950314,5.063435078963516,5.449783444352553,4.648309942636472,5.038215807875757,5.164786469533957,4.148123214004034,2.6022983368095947,2.751350817111945,1.9662461494744146,0.8781766042451846,1.498873307473355,0.7125490810341177,2.2570572248228697,6.084653749159307,-0.4715480260736489,1.6516616177876695,0.3587542277998918,0.3587542277998918,4.354090107162573,0.7298399222337362,-0.04132216267727107,2.657628793162523,2.7371056501040383,4.448202580509423,3.5874077894658383,7.070656050382463,4.406854083427047,4.647045492446787,3.24237037868615,3.59498769514575,-0.04132216267727107,0.8195536823547617,4.624382624560353,4.356270520505855,4.412785855985573,4.953743453039794,7.371697974403479,0.7270409858442237,-1.7553536964877583,2.1992271218065635,1.6516616177876695,6.125878251610508,-0.29603217668510184,1.8421544627918116,2.1992271218065635,3.8056752247789434,-0.14905248030235052
269,SAM9daccafc18db,0.7512332706403319,4.825077077983615,7.494164307808457,0.7254266018176917,5.975156237563964,6.309404842926071,5.367943958622767,5.088655804114186,5.320872813220952,5.272430347070302,4.9963864796199395,5.371208858128764,4.794173103353196,4.864231505989697,4.431860044236409,4.409413780324167,4.433661016556645,4.006259065594978,3.1348429001708653,4.3008102799080605,1.6788510457852852,1.2085615058946089,1.401277430145256,0.2608223062921988,1.3490474593544743,7.30060093537291,0.22514434466415428,1.0072484273790483,0.7254266018176917,0.7254266018176917,3.976178129895492,0.593381660111016,-1.0940118220133195,2.8627748202946135,2.614162176120469,4.052062411503294,4.5817933007617935,7.286279211137068,4.120136809256789,4.452122341780621,3.7591075011225983,3.939801332022066,-1.0940118220133195,0.7248661603634091,4.606790780416491,5.027819380338538,4.219910356848967,4.566300263439604,7.295382885813798,1.8535634711176996,-1.159146023609537,1.170546214059735,1.0072484273790483,5.455812799730017,-0.2106855208070597,3.00397529202262,1.170546214059735,4.830696423840291,-1.1659673797371952
270,SAM2eb07dedf07f,4.143495794024165,4.731324684493106,9.575245686370655,3.092182407596514,6.171856438867222,6.079755095232858,5.345288009453492,5.187016404579892,4.977694756029207,5.071379526225683,3.733977344916255,2.7003783169298057,4.678427045599806,4.776448774082233,4.187978481591406,4.570093651354804,4.330441713533343,3.8706020463536515,5.396164166888425,4.237589245806375,4.782008316864081,3.245926310468023,4.158459931176148,4.173862236320124,3.449316212070125,5.543852484203247,3.0120297581042506,4.328610233968323,3.092182407596514,3.092182407596514,6.00251848829714,3.2729733840667534,2.8328549583569824,4.503470137925982,5.2519113682697744,4.057487198541258,5.92906226131092,7.800146386951507,6.930015793288109,5.826746741664659,5.269583128562353,4.648469203843816,2.8328549583569824,3.722935115615196,4.528241533258652,5.366634847002403,3.8394118453744635,4.172955266473631,7.470433736135594,3.313737338091755,2.0294201953978113,2.9995673583015883,4.328610233968323,5.688138753920638,2.8982086491262877,5.050141854747286,2.9995673583015883,6.698951937825895,1.1585749210820495
271,SAM25510f300d79,-1.3793959982104478,5.0504806007964405,7.796231592650158,-1.372619052546318,5.457470387537695,5.752135003315211,6.906210197445332,4.74950092714128,5.008740483756008,2.6571322040591205,4.039650981057791,5.022035652943294,5.081387498700067,5.613549927287001,4.762275357744132,5.227800700734102,5.689299761963285,4.574446454805935,1.1044660780686584,2.3479565738663206,-0.11150710747011888,-1.4895730495373618,0.036521032832442644,-1.7124120937137242,0.6939261411071925,6.170378892202694,-2.5880312307314814,-0.362880918000944,-1.372619052546318,-1.372619052546318,3.137129574500439,-0.9268639819759774,-2.1934986167775024,2.055642538332773,1.0806079099704216,4.864098592977123,2.779893073900765,6.125977904998215,3.398888665337948,3.8488166293033594,1.7898557188848245,2.2936059894450205,-2.1934986167775024,-1.2694153792100706,3.1246809119899943,4.805896039225992,4.886026938497568,5.1661041829235925,6.9849502569298965,-2.4028349663478568,-4.093624863687737,1.2089306398215205,-0.362880918000944,5.382343548199716,-2.4194290620228296,1.0555481970428815,1.2089306398215205,3.495043392709034,-1.2434904957976622
272,SAMbda79f955628,5.168711300432783,4.805053062245216,9.633156763174716,3.370757760973599,5.914439323055303,6.197761887053193,6.879063102103174,5.378905300044577,4.4068813789603345,4.925909165811652,4.148758062719165,5.259429497495959,4.887387669646464,4.996739036249827,4.6705498334512106,4.6868978574587015,4.842748210635647,4.1844101614205655,5.992670453480902,4.13489083171587,6.430914051450689,3.7692043996049707,5.3017870615121865,4.688262969896824,3.2989029729346964,6.650628085507457,3.0683008291342824,5.812488633500599,3.370757760973599,3.370757760973599,6.062460882326954,3.104935067423059,4.052691639891137,4.708214819688616,6.12144029280866,4.492567282307256,6.439232945894017,7.863523926329303,7.502683150514872,6.455474600460619,6.062830298124047,5.052490254744377,4.052691639891137,4.496124381396856,4.33848260980933,4.985103200291911,4.40838559711707,4.970331710669281,6.679734628931111,3.6074615094111544,2.9896402777131867,3.879291566041788,5.812488633500599,5.803688173683325,3.799056546790575,5.320771230464881,3.879291566041788,6.785226504443976,1.8577796217650322
273,SAM9b9d48b0b02c,1.1626436226348573,5.210722425758101,8.638245404114494,0.6876366836884936,5.862073416650951,4.5202575125354825,6.604331985201842,5.205205765311236,2.7632271574759466,4.082534813987529,5.269442267828138,4.635215296295551,5.243425614519741,5.624008216466611,5.069267528991436,5.036377632111598,5.519356119216436,4.649544019769715,3.6642794240508367,1.797179181065635,1.8387058827898293,0.9701272377196852,1.4076058795990913,1.120306210057037,1.6237743321858904,6.43500026453755,0.618507575202064,1.3342345912835427,0.6876366836884936,0.6876366836884936,4.554483719048065,0.7902041728088782,0.4480280771347211,2.823739247368313,3.3897968752155294,5.315953735197793,3.8783224683114046,4.833614798472683,5.497938542003178,4.816883115848003,2.99243664574276,2.8552427400108704,0.4480280771347211,1.9507915850200885,2.5352850812828636,5.186285820309801,4.717493545082546,4.996404300881335,5.8648643925558686,1.5663537943739598,-0.3097042832204414,2.057821655760369,1.3342345912835427,5.234147721123406,0.5213592097560277,2.297219875129027,2.057821655760369,3.674876401409621,1.8671002429852017
274,SAMff41c4e8c08f,0.6187834899233965,4.614695783164548,7.958218811328095,0.9699162404997453,5.278654279797712,5.904661434345069,4.974955703391562,4.365404265961157,4.351397423999406,4.564199585261249,4.268046841361617,5.881298323308389,4.314738291399326,4.690967641537976,4.061061664310039,4.5545517525999335,4.158203810939642,4.030598079814289,2.4720788590897484,4.822198336613923,2.486731082176934,1.3610971868702468,1.149466707464866,-1.3563134317226637,1.300569862519853,6.202920562591881,0.7446705168028317,2.153689153347166,0.9699162404997453,0.9699162404997453,4.197148517577508,0.7155072862612302,-0.29193699210394525,2.783630876206085,1.8974454793809856,3.378616602290084,4.43534157324316,8.161625020518056,4.35019462970484,4.162822033950568,1.3597041752656054,2.373845185575068,-0.29193699210394525,0.9153710932350153,4.3313562661749705,5.1732816943878825,3.769070705697206,4.141138035913988,6.8290457676356375,2.355305352759356,0.020098316967584056,1.5243788457174707,2.153689153347166,5.105725318773635,0.4409470643085064,3.059320139938673,1.5243788457174707,3.2295411127785916,-2.3501194775241743
275,SAMc97f35a29d16,-1.2661479289891455,4.742332522078777,8.131001851859237,-2.6047952020838148,5.683154884000342,5.650730332880131,6.534284690399014,4.689098623732731,3.5824166924913787,3.800490366960394,6.011769964464317,7.2199722464943745,4.840394513712717,5.022683469531531,4.35332567723789,4.720887115084704,4.751537169449859,4.417320809335258,1.0060904571763811,3.590967932116254,-0.37410835288920885,-2.358645529537349,-1.9085159259316937,-2.1911815614500103,0.3286007381606118,8.081149333385621,-1.8201686122793308,-0.8690510256642835,-2.6047952020838148,-2.6047952020838148,2.4260014122073956,-3.008170156811241,-2.0221948985433826,1.5782642858309566,0.676624304400769,4.012750583365703,2.9103371406650957,5.980751975219811,4.224518358024012,3.9944931955667915,-0.11490866461805023,2.3341310966991355,-2.0221948985433826,-1.0519257697746653,4.022970713652075,5.077791433495067,4.414404054860392,4.636852682946049,7.186929442536912,-2.0151227365734843,-3.8528125973199407,2.2602092787053207,-0.8690510256642835,5.529541866823742,-2.6287171680949006,1.901497348210884,2.2602092787053207,1.0576565455961442,-2.584877474939873
276,SAM187e056d6a2a,-0.7967460025205437,4.774824327430697,8.543698423668241,0.02953781881977819,5.152411685812661,6.325612187384116,6.2013520539164535,5.2881561496757605,4.499731495768862,4.919082388096866,6.2731495833514135,4.609308845666576,4.645145654294639,5.066057879923116,4.45842015888689,4.845581662833115,4.920659754483865,4.386030857175666,1.7309744702701866,3.928460072990205,1.130679212746591,0.24970870005309526,0.20996396942687814,-2.4005361497638726,1.6477338605530487,8.531337620409841,-0.3828953943273448,0.948744803411166,0.02953781881977819,0.02953781881977819,4.086150094944283,-0.1084904574945301,-1.073284926741425,2.6969088725519614,1.4066571571563895,3.6942639127761074,3.3028968138064343,6.853485783098392,4.258114639002227,4.439522177842236,1.496857042340307,3.3245823012084212,-1.073284926741425,0.2688616065869257,4.843356404831077,5.177204919276653,4.753244136180734,4.791686717011068,6.893040256750936,1.0423658293678697,-1.109633263079971,1.7337031491129153,0.948744803411166,5.447978350514245,-0.48072254973436745,1.3654955750421214,1.7337031491129153,2.3429791451092563,-2.1974856027200182
277,SAMbc8dc3a7b54e,-1.7983088622371421,5.091272357959759,8.019962384215757,-1.746486825408711,5.231560433112849,4.225668530998496,7.826858071595941,5.02567326112735,1.8791936608340127,3.8132849489736333,4.970570888439125,4.150087553306785,5.243744418282585,5.55587093625343,4.857798666064511,4.892664943891884,5.67439812178938,4.934133957318202,1.3203400263147742,1.4469030364490207,-0.8794838617389291,-1.3701886152907283,-1.0371240199842144,-2.3216077988665673,-0.4892413769013559,6.822029922567137,-2.1146521660157336,-1.5038212727295985,-1.746486825408711,-1.746486825408711,2.62199306429452,-1.772547243988491,-3.0517733359878396,1.195002979865301,0.838180467377212,5.200915425550656,1.8037942670754794,4.9496737954734185,3.7655550749302535,3.4659084559629676,0.7522545748883678,1.2862027303647825,-3.0517733359878396,-0.5140542729348738,1.618963373630067,5.347343123282308,4.631807086249638,4.9649978157322465,4.747223203915765,-1.388739360876148,-3.01403646583851,0.844558069361557,-1.5038212727295985,5.344337494274219,-2.4332118378818075,0.0956441254917193,0.844558069361557,1.2512364931565065,-0.12656301013424653
278,SAM7b40007f4aa4,-1.4734572355863147,5.229227503910459,8.438060949198686,-1.4577059873435771,5.588963384649597,4.540019997051545,7.76754094826961,5.102303288536582,2.6575450977128563,4.445213245284983,6.310709320155848,3.6553151643555544,5.39055854542045,5.625077271112587,4.941093185942213,4.988609829638215,5.689550764288417,4.654866789946016,1.640253464085974,2.3535577714535805,-0.48915395183829435,-0.8923724518706658,0.7624882647500707,-1.974935862455262,-0.5113256220403302,6.657271575896076,-2.3116163609109894,-1.5087049161160067,-1.4577059873435771,-1.4577059873435771,2.8684754813291704,-2.141806941516392,-2.8110017813188466,1.5638699475060291,1.4847268937120606,5.185098571637225,2.63147844480119,5.554295433902166,4.331103840746396,3.5974854867994206,0.49202394963879953,1.9808583462537588,-2.8110017813188466,-0.5385997876395763,2.8726376834687852,5.316272758382672,4.6416502635542045,5.014804804492968,5.836947570011406,-0.9583989731318353,-2.1185107975984736,0.828588527236278,-1.5087049161160067,6.324673056808559,-2.15508030501895,0.22777953909364315,0.828588527236278,1.775755485143466,-0.7133043073676064
279,SAM568ce160abd9,0.1932803861602671,4.373162011151627,8.602795490495488,1.0463145449012736,4.651008821069706,7.08795924394492,4.030351208918837,4.615320231409457,4.790865305706577,5.495502485060655,5.322731384891628,5.193767172437291,4.001274874275308,4.414976575479803,3.675200000363592,4.474889367973168,3.861252642437703,3.630746674542567,1.9174798748218649,6.930650542942493,1.9226477791644232,1.2769278518331098,-0.6642893999132958,-1.7335870171270737,2.1121596835089056,6.1451571589870015,0.28406836265892377,1.161998290121261,1.0463145449012736,1.0463145449012736,4.553120369200293,1.3135809998749068,-0.9856495418283151,2.700749835481875,1.2402568600262616,2.316848573249392,4.960673035985888,9.931229957987314,5.073791204728989,3.995086520559226,0.2738689205490781,3.271830730359081,-0.9856495418283151,1.2697295412025509,5.219241137162712,5.086585234115013,3.761447997554218,4.240223671236203,7.521023670392137,2.0073327809756103,-0.4788249504051674,2.457285010874195,1.161998290121261,6.088809886748841,-0.03409363555756112,3.6785693776915687,2.457285010874195,2.6290663188739347,-5.013170668120628
280,SAM14938611a2d3,1.7887334055752278,4.8632940420627015,10.170433748211238,1.1829479587940441,5.660738475241629,5.260301381943093,6.2244187401953015,5.502956097691236,3.122931166068662,4.3214501227560485,3.861317840698255,4.486970676314567,4.876432263065018,5.1007259201727235,4.508479090845685,4.728020270458179,5.037261138442851,4.335864001387761,4.573274496290477,3.573738191914792,2.046070889733053,1.5662274814519326,2.660344619740115,2.455926583022382,2.0143567618841236,6.406638538566921,1.283604951250213,1.6216081650335539,1.1829479587940441,1.1829479587940441,4.990856463644294,1.1711499088415123,0.6288762884730035,2.8819674299066285,4.129790792401382,4.2862125933831345,3.826714287570038,6.08568946575089,6.38940364319604,5.184351509516296,4.196552276714727,3.714476514558203,0.6288762884730035,1.8202163718521667,3.2577907860624102,5.192050342965296,4.307509859228843,4.6764491035031295,6.16668620355401,1.6700538020925213,0.22484936812359455,3.2781056764511995,1.6216081650335539,5.231863432623075,0.8191606762408112,2.5578083008649135,3.2781056764511995,5.1364431313595205,0.9995363043756846
281,SAM1a87df750b9d,2.4282132705590485,5.005719121739758,10.648431274638401,1.6916553152067222,4.903771952670546,5.417021757379771,6.895877797518333,3.9547504834686547,4.235293988572838,5.065799255209686,4.308232432800255,5.390477478138888,5.222505170684787,5.408802923594052,4.784581803311818,4.880116510816091,5.300311101386908,4.304639343974084,5.139878916125271,2.956842092617009,3.065808225909626,2.000947077741896,3.5278136887008773,2.696845491075146,2.714740331026522,6.684540314241587,1.6042883419309568,2.668679820277253,1.6916553152067222,1.6916553152067222,4.952215125736549,1.5862571098909062,1.3293725176114985,3.8103754960080733,4.668401707587591,5.350633488529927,4.191329037236633,6.028749202157381,6.9265756050485745,5.1472980283103835,4.043224955710799,4.209222417423951,1.3293725176114985,2.440499851637922,4.887795117883548,5.391314169947529,4.736850402867634,5.054949166203523,6.904528897954379,1.9349007908616258,0.8484369817472676,3.0140817074590696,2.668679820277253,6.144417432886989,1.4771066782114972,3.0358864042483087,3.0140817074590696,6.517958973935857,2.183036823508262
282,SAMae02629a97f7,-1.2148800673951938,4.852026712469265,8.668431123965181,-1.0688497578168665,6.224823189867981,5.35843795808891,6.972377026545374,4.425813043367981,3.1954742312418327,3.9657602968557684,5.645787031147232,7.352756059335161,5.045320933970893,4.958040314689702,4.423636639516048,4.8443294073463745,4.785165873774753,4.315019064922138,1.1944215024844484,2.903334860945366,0.3905349749156538,-0.8342900231200341,-0.6448083089932094,-2.9581101932720366,0.8050128042530736,7.9264693385936695,-1.5496643651108724,0.3068755790364241,-1.0688497578168665,-1.0688497578168665,3.412131646656139,-1.411079363117602,-1.478975089169604,1.8432414908144625,0.7038282732899633,4.015618629831565,3.049296208623101,6.057442242306524,4.156105011360706,3.7811484710496868,-0.20722171578862034,1.9171195685025455,-1.478975089169604,-0.6111900771208894,3.499062484704364,5.351944106951278,4.270754616639164,4.6256373525853265,6.930398788485014,0.2671963091354497,-1.886544183423221,1.3054941487095337,0.3068755790364241,5.4889157192254885,-1.4116091946726317,1.8270603710112614,1.3054941487095337,1.1105893447265625,-1.7089133584609177
283,SAM47fc46c3d6be,3.4386134100587933,4.931635912929061,10.523068339782542,3.147899245948531,6.285940753506475,5.724313596599619,6.216749010927989,5.829329503126015,4.3295878348367784,5.85026692841447,4.929018222091653,2.03957322267784,5.064727632824274,5.366232667072222,4.615162843760609,4.869284158289595,5.273828097688342,4.28425544204025,5.718169206842377,3.8147401799254266,4.077175052787075,3.291209383383689,4.065980748831315,3.751636329044979,3.394939452806915,6.6334766753525924,2.3570509633409977,3.5649391915749145,3.147899245948531,3.147899245948531,6.761451725437421,3.210926746470734,2.000544557528817,4.25521424812041,5.492746962055953,4.754172785984436,4.744112397821732,7.456803636703158,7.153860928930693,5.7719380888788185,5.104182537667627,4.717858189553299,2.000544557528817,3.1878822794999744,4.205141561561283,5.903766376424148,4.5453716372158794,4.7246048673380034,7.0033307738078605,2.6011957477210137,1.8925372761763235,2.6308059256297964,3.5649391915749145,6.322085538019387,2.5193735891850566,4.187860253570231,2.6308059256297964,6.8150901608849255,1.90342902691695
284,SAM7829a341b9f3,1.4396559100600674,5.0417179558569964,9.950025095829126,1.966593567553996,5.73465241820495,5.271701137150669,6.75341497635233,5.119870186936116,2.9836785460356627,4.223668177508479,4.443766087909599,5.822650646177693,5.134586191716771,5.41506039216392,4.815042765246994,4.884384465098129,5.56909502323185,4.504378458281397,4.121369324428192,3.581097280042787,2.3340542572670118,2.4008900998127043,2.2374456633956927,1.0204244388138124,3.176590363520519,6.343656250165772,1.1451773093476347,1.8251427043293722,1.966593567553996,1.966593567553996,5.322021871628754,2.072826084349968,-0.08416411385836087,3.47707895059591,3.6595656662468277,4.560012312540097,4.403124212358539,6.307029893214005,5.892277465774528,4.827610094365809,3.388769595713242,3.2257749294983165,-0.08416411385836087,2.021684648711821,3.3884351402342614,4.922391867500935,4.597990673160052,4.978005787627237,7.030277249299267,2.756965361476084,0.8161619771595676,2.5603722534574955,1.8251427043293722,6.550800605738743,0.9924430126173533,2.7284440992932453,2.5603722534574955,4.73082907384257,0.5402720443854054
285,SAM0f956e757453,0.7986398664590229,4.532587217942958,8.376317704354879,1.0396860490023405,5.227611608887644,6.384680516217494,5.450336931861629,6.691930535006891,4.839732165455105,5.003883710864944,4.849926059976601,3.5794289058662803,4.532043923918335,4.534377949277518,4.064656044303627,4.461440676830799,4.359605556305852,3.9134937418711706,3.1354171581617973,4.735473785762201,1.7865226104680088,1.2368222012070054,0.856645320493015,0.23182228118763484,1.9987042306373732,7.204115316060135,0.5137288095291658,1.3182242019533554,1.0396860490023405,1.0396860490023405,4.44527802261498,1.0127268084011063,-0.5194656587931016,3.019507181160814,2.564325214463124,2.935750015515458,4.011089102565726,7.696709192070365,4.812115534651249,4.8032934728884165,2.947839888175904,3.6271594393725004,-0.5194656587931016,1.4732494308335178,4.0719915390761665,4.431645059602379,3.9711952999422184,4.055754492840987,6.945717677200091,1.8130692527028895,-0.04155640661721932,2.9269780289213307,1.3182242019533554,5.646575137211737,0.4416819402254668,2.7824009175893063,2.9269780289213307,3.9907242878184452,-1.6000566276004036
286,SAMaf42c1541269,4.384082323527835,4.868326441335043,9.791932109767098,3.0154631433800816,5.304933768331843,5.941550239987511,7.238480383903148,6.674544927517041,4.283011288585393,5.025895227586118,3.6668931570352337,2.829296485634174,5.082554025609228,5.198389260937139,4.699934704717248,4.824030874198772,5.2833154651201655,4.334269053812682,5.981145836855575,4.212407847355497,5.112048977608625,3.2362639421837707,4.479801580189003,4.387052310948058,3.2419821355480707,6.588278942088164,2.630536879609089,4.641103070107535,3.0154631433800816,3.0154631433800816,5.583374611015227,3.0506302447991005,2.9068360175445345,4.12218717420709,5.679101110101895,4.326038945573107,5.216074575366802,7.482438452188639,7.090194415190365,6.2121502246594655,5.751941419561284,4.61164020654864,2.9068360175445345,3.6991838762636307,3.243085825848406,4.793229861189979,4.418012343790521,4.712764039121685,6.585382679994541,2.6631584835239086,2.0592137978431833,3.5867783325855718,4.641103070107535,5.251551097691229,2.8502513612880676,4.862326000411178,3.5867783325855718,7.03675653828757,1.768737989500078
287,SAM09c84ec0cf34,-4.067091209000269,4.6671306464378,8.813187023550205,-2.069361198779796,5.132707974178702,6.438209377659265,5.935913088925714,5.732124546137872,4.973085212785068,3.5170291629278503,4.64659832257817,5.205148098783319,4.580703327104741,5.008208489258677,4.298879432591216,4.86170667121675,4.618713788760018,4.1865325473545525,-0.12789830120949558,4.133525622758211,-4.053212294951677,-2.0109337702114565,-2.7277351186644783,-3.5619018988408726,0.5816972687309324,7.132064248559371,-2.9693114679764503,-4.581533128525395,-2.069361198779796,-2.069361198779796,2.974620702644378,-2.43248230206176,-4.581533128525395,1.861317775069746,-0.7923062138553484,3.3109056308862357,1.6050666126042066,6.302689747719088,3.6666272961494526,3.374353493735474,-0.24238432703053547,2.848686138090315,-4.581533128525395,-2.3999590961438555,5.427320179963062,5.263857765956484,4.258953459544942,4.574282505815683,7.93331025016542,-2.287771815367911,-4.27568718192272,2.1903650896513533,-4.581533128525395,5.017604327791118,-3.7220685200166734,-0.33924754337515256,2.1903650896513533,1.8319255321840762,-4.2614239239677065
288,SAM7538ad9ff524,1.4566138086356986,4.7316364023330175,10.059428086257109,0.8173193995224397,5.075649039577987,5.017634942749956,6.676112225721358,3.7296809436602234,3.45481663144077,2.77099027287356,4.7001922806257195,6.8906406560321365,4.758377057410214,4.980396753157779,4.496663968099262,4.6593737807570506,4.873183629754318,4.454395821502241,3.9305625626263296,2.168533232708878,2.107153191635785,1.0827993061874466,2.3414772334385954,1.9089838329930184,2.5402022187427353,7.535209772304399,0.6494184364407284,1.62492645721109,0.8173193995224397,0.8173193995224397,4.7352319132268175,0.6161351430484636,0.6209355766557313,3.360830364670889,3.7370359625794016,4.162966098419243,4.012361708351028,4.81018318327306,6.39328589028216,5.369886556947714,3.728065186126196,3.74490023924591,0.6209355766557313,1.6341755982432358,3.9195163338344785,5.223634081175663,4.569710756396457,4.894660202005796,7.014365407832739,1.5541772304394232,-0.10397617981439533,3.3885861426117505,1.62492645721109,5.3700687633597255,0.595644679728274,1.9483900389899969,3.3885861426117505,4.987548883908942,1.7620293299174516
289,SAM95c70496ffb5,2.644519670334473,4.543270319951867,9.6612100426502,2.4889911173418815,5.025905777123392,6.098612856633582,5.5341097271742585,5.6338790762340665,4.901950609919193,5.526472446414952,4.594638583051379,5.161700156426336,4.519481588351505,4.589695331100309,4.021159793769741,4.4542962654626255,4.399283809883914,4.115048752517517,4.206810192575894,4.6597856761835725,3.7375221164348904,2.622569005832958,2.9505570853080694,1.793646979986889,3.4517607381329554,6.5810293137088545,2.3860723960781343,3.223735734123075,2.4889911173418815,2.4889911173418815,5.200666225478621,2.4542733102350014,1.1033802378583017,4.142663178797085,3.9129593893276926,3.18316239705949,5.259680474819865,7.143201819283895,6.213943488059845,5.481009756823132,3.8069855396028487,4.229421413191355,1.1033802378583017,2.7616081171141564,4.977472934939379,5.192514033610762,4.146081356318631,4.330175845134824,7.497282196683986,3.175017251481846,1.8986047591046933,3.013805857961586,3.223735734123075,6.0721867568643075,1.957945662218224,4.32616725353542,3.013805857961586,5.661615137568927,-0.4529754836076787
290,SAM7edacb3deb65,-0.35715955983718606,4.997115013148992,7.613801220116273,-0.10482903154413524,5.799970691744425,4.732699551721947,5.795954969571809,5.626276469978572,3.513449131346069,4.4713548871299365,4.468515188365878,3.4540754276215417,4.9437264502640055,5.115766340803794,4.707472331623921,4.809144597124943,4.8070919554523,3.9069671505177688,1.8329680721502781,3.5799921320206884,0.5542977320422848,0.47396590929313953,-1.4765045965363999,-1.1537408831121791,1.0464142130740521,6.779953435479796,-0.6679969861321228,-0.38075232276834536,-0.10482903154413524,-0.10482903154413524,3.6915167331459307,-0.3071460639681901,-2.753732680342848,2.1955760615186097,1.4793919208781037,4.061431966966136,4.140019287841356,5.488214413667396,4.136143240736877,4.228205801608544,1.9037349531029817,2.8316095174034883,-2.753732680342848,0.42488926085786166,3.656806762260061,5.0942396482431205,3.9366313781430264,4.33495499020373,6.325790435788353,1.5192579970235427,-1.42509762363811,0.45628989640052325,-0.38075232276834536,4.774803836014614,-1.2213142624610576,2.4836777943321198,0.45628989640052325,2.7545724897086075,-1.7470240598704103
291,SAMb2e4a082541a,3.059279061630213,4.633241521763411,10.015305135985608,3.1777684225197325,5.016974485032595,5.753507722021555,5.381598551779292,3.138539346739251,3.2654040315504465,4.9382883279953775,4.73527255385817,1.028607451618514,4.31285100746335,4.709599593904974,4.0003339081556915,4.612169773000578,4.412365777148742,4.083539735495971,5.167828550964277,3.2888910526401367,3.9489647136538606,3.488646862557009,3.2996902128658134,2.8665247691347173,4.0902464140875745,4.636746685256458,2.408646064277208,3.595828602078914,3.1777684225197325,3.1777684225197325,5.924722681515771,3.3786687844430667,2.953828795893506,4.184873090637677,4.666823078823378,3.299448647906001,4.926209889239402,6.418437851830124,7.0449436525646405,4.844768625186968,4.4437529539682075,4.2325875603636085,2.953828795893506,3.5179788844611495,4.113020639150304,5.186871076535253,4.20691059148108,4.382833634718398,7.520681194553521,3.551788496078743,2.0779049829889935,3.2116695420837225,3.595828602078914,7.252907333933793,3.0056066967138064,4.387045849527499,3.2116695420837225,5.169253016237278,1.8789374983241403
292,SAM771445e92421,2.8225670048975435,4.519626173975623,9.959691323555901,2.4576458763797064,5.22077705648949,6.6075540485303215,4.068252536891837,5.0824301436531405,5.144444376079547,5.8371353671903,4.642227803425361,4.473507830243751,4.378394638068421,4.532229725964902,4.004604105961767,4.476372667447092,4.042371453928928,3.7652999427481637,4.764981895969187,5.81738255621795,2.9290064361167407,2.8168900915291664,2.8720900228320083,3.8027430849537396,2.8015097310340003,6.527737013202753,1.4851755331841798,2.2350519509790527,2.4576458763797064,2.4576458763797064,5.700743856820775,2.680438827265536,1.1741545184736564,3.506660538447292,4.6474289906230135,3.901982145362802,5.5143996956582235,8.920781084843917,6.847038717932186,5.600407916173683,4.892420800438819,4.853910989038316,1.1741545184736564,2.9758477056767454,5.243315919313981,5.187082703543087,3.8336818529299475,4.13561618297522,6.842871915385897,3.8828933209880474,1.0657413821995148,3.547556891541948,2.2350519509790527,5.4839955011198045,1.8274438548430907,3.735541265250937,3.547556891541948,6.565590795840095,-1.0524006602487628
293,SAM59fda9035d1d,-0.21476099873500054,4.54856979057835,9.218051686456866,0.492957276803991,5.554609438203048,8.223279941389768,5.09935676777615,5.5098109705906015,6.984685755368143,6.015602820764175,5.564920680761347,2.646483360136021,4.5031640955087235,4.608047294417737,3.9536442931511386,4.6026048281806995,4.30354940675564,3.9518100446660984,2.5198860550754056,6.044787988839041,0.6727945520146892,0.680087570500072,0.5771886004505072,-0.6521168145659685,1.935607098803245,7.774612355086975,-0.5017975197762555,0.7596745141285736,0.492957276803991,0.492957276803991,4.349601975012732,0.5493746427310217,-0.9500864915197483,2.7763123190010894,1.8579993765272473,3.352216612566556,3.632670820306479,9.939119978307536,4.561207809749035,4.219019173882086,2.765832347096499,4.119942829142456,-0.9500864915197483,-0.3775863708965361,5.489539290085414,4.790876023546064,4.161169412596877,4.469521618838853,8.491399514592919,0.19977589833832043,-2.0239094054483453,2.0998252023962602,0.7596745141285736,5.713614446484344,-0.7222185571959613,3.1009634198291978,2.0998252023962602,4.869876415076295,-3.5249019337636356
294,SAM727c0e92a2a7,4.361537573231931,4.89453521233472,10.912858989299965,3.3758514692044677,5.498978239882679,5.307484282719886,6.926762985181092,5.7606642675552875,3.2906351110638554,3.9234313642655123,3.898075162841115,3.0353505159948337,5.011700746485839,5.251362942258361,4.617997648731516,4.7918602465590725,5.136689652864986,4.44446581967303,6.2248379041420305,1.8829009037866697,4.755546880828469,3.6223409168122274,5.323785478828083,4.885637337080813,3.6168244300734247,6.05335891188323,3.296510709798607,4.418074075782229,3.3758514692044677,3.3758514692044677,6.233548184540324,3.35580973074719,2.908443917230828,4.382043329895027,5.979110837017333,4.637742084592638,4.993239395744216,5.280572915966887,7.564624211002304,6.009899950681064,6.788726393053628,4.599479970497902,2.908443917230828,3.453242017488577,3.5921990269217,5.322703804318855,4.4311022753588345,4.757386660610432,6.61386289123821,2.992531717247791,2.3879954861574837,3.299728931159345,4.418074075782229,6.188120339719925,3.0208075183945575,4.760433220766609,3.299728931159345,7.549618645330221,4.341937000355361
295,SAM6f2a102a99df,3.874111929456517,4.862626230987093,10.584728344950738,2.5428646428775603,5.395831916553218,5.822693773578725,6.945195095364449,5.849230935295272,4.283981345939742,3.9900857797236093,4.242196282234193,2.685473859315931,4.907374151010831,5.0110927049514284,4.59000887476563,4.745773263589336,4.874158632535828,4.310863344824778,5.905195541270077,2.4111129577415866,4.00815185248721,2.7383662464005845,4.447600320967142,4.6831839154492085,3.5239477799958725,6.420840304566113,2.5794678249952554,3.6638313986536137,2.5428646428775603,2.5428646428775603,5.7942268014844815,2.644290246929491,2.4165909444281746,3.9805683126705125,5.665682888934275,4.589539294237306,4.503807755488031,6.677020229940027,7.322755204068779,6.06497147902301,6.17499309825473,4.899273597707488,2.4165909444281746,2.799479265641209,4.273744356173343,5.162016290787945,4.175180051467605,4.68136273906876,6.840390178356974,1.730664454709542,1.1688190762248682,4.00197331312178,3.6638313986536137,5.840757774593877,2.091730873789924,4.179217914851548,4.00197331312178,7.25516045640762,3.49408258352849
296,SAMe56c96c51190,3.122275723545852,4.56465693668667,9.88651914681005,2.8438540591407246,5.243269612637034,6.358325920815152,5.770353003344403,5.218913735875828,4.761565695379825,5.437376956876922,5.267582869465676,3.4837004000144334,4.636529291557183,4.621603432591228,4.0727676184105075,4.5976061968828175,4.334234247530322,3.8978725115830035,4.905636193497955,3.1693245705437656,3.8917440855550662,3.19589087292946,3.9358610560764142,3.099859357334752,3.5404240966707596,7.221492122489692,2.2536608959115147,3.335518092323344,2.8438540591407246,2.8438540591407246,5.828293120487124,2.920451496487667,1.9481355420398128,4.181789050687982,4.743338172590525,3.8162425967457465,5.249359452750012,6.7361447297106425,6.827216014140975,5.575386977999354,4.805167568698067,4.862529934296504,1.9481355420398128,3.043855881064867,4.661809644103459,4.888690970515581,4.249698891009363,4.461815821036251,7.72773815427131,2.9189896553255927,1.3323442708822644,3.5106328790102554,3.335518092323344,6.036673874558026,2.2501038749660456,4.261652622255517,3.5106328790102554,6.383523806533069,1.7363116229541893
297,SAM2b672f4336c7,0.53582348864158,4.695944160662824,8.270607578231441,0.7825528297559672,5.514891635274296,5.981835835566321,6.348260541458403,4.439287858619301,3.2428714670857843,3.134581224985125,4.784327022000466,6.515224673138615,4.716115684788032,4.7878535932708255,4.331196393233247,4.563704202973333,4.4047794735251875,4.053682176482253,2.516047991535465,4.478368412755267,1.869881029280888,0.9923134324999816,0.9794940691099275,-0.5111915505441594,2.309510128514697,7.476632785141277,0.22674644190104337,1.3347057058177636,0.7825528297559672,0.7825528297559672,4.357476225526466,0.8093988029807182,-0.7285691471422421,2.9633636211405765,2.28964636316795,3.345856104174704,4.093927434895805,7.012045795911473,4.544195516479526,4.853904056912194,2.7342757598952705,3.458794946382463,-0.7285691471422421,0.9309707187646094,4.159128051656926,4.7935576963647355,4.360627593522874,4.660108293199224,7.412126971455777,1.894346208361978,-0.5169056264932727,1.978139241263553,1.3347057058177636,5.682449099906089,0.03869271460633056,2.7130391925164417,1.978139241263553,3.561965471920626,-1.9623204212198018
298,SAM1ab1b28d9f2b,-0.023271834051481033,4.997781901592689,8.995600040252105,-0.02936906502017489,5.585618867884619,5.829090144994811,6.48678200246716,4.612223297163366,3.66335339814263,4.402203209331779,4.281206734956296,5.221607882081507,5.146220297232928,5.294357837104167,4.8032430498374294,4.894541889833493,5.142103120524733,4.073094330692881,2.657397665106481,4.564168383609981,1.2405549360204053,0.22130000413676024,0.5378192743206922,-0.42362697688553125,0.7753676255407133,5.836932638804306,-0.16108593262273324,0.7024277056249283,-0.02936906502017489,-0.02936906502017489,4.273660851885527,0.2014552222736912,-0.26008071795560084,1.826254978156498,2.487292075107194,4.9156881885584545,4.07226682227673,7.627026994970421,5.340237771258495,3.9047275085227273,1.8730264230006826,2.7187901093731535,-0.26008071795560084,1.2076792975515205,3.553397346887035,4.915227527047682,4.364325174793162,4.867750255849328,5.138378456154919,1.322978986766614,-1.3567660110965194,1.9392809927952401,0.7024277056249283,5.144955179654853,-0.3683450784486772,1.7369719438307616,1.9392809927952401,3.1786636217671425,-1.9067707185034997
299,SAM1bcc62d8290c,0.031229548633888604,5.427282879975584,8.564639943459271,0.35032447462936467,5.828341075864603,4.14832588730217,8.254913601755376,4.324458308749477,2.43051329270065,2.719947610753193,5.004715330183877,0.38612672650885477,5.502616015077388,5.888294623325363,5.056902622934112,5.192782480538048,5.9298459856773365,4.863601348210697,3.0108425201885973,1.596252305535582,0.8646317659736265,0.8993551511038467,1.4796118511095697,0.014648731473282753,0.7583331943101285,5.5046405855717415,-0.4373719319172921,0.19494273341437343,0.35032447462936467,0.35032447462936467,4.021710377343377,-0.08595260505808171,-1.390019767306783,2.6759150663337,2.6664910068826475,5.417993037895785,3.8308262868024645,5.880923145617018,4.818517880689901,3.794468799757774,1.6862988452952734,1.8602628872399747,-1.390019767306783,0.6994677793658927,1.8316066683311114,6.00093800368419,4.941736120145467,5.220346812362953,5.413024386501299,0.7489374990559533,-0.38003438658822564,0.23823442347064402,0.19494273341437343,5.836027083672601,-0.5082001211474844,0.9067999542608995,0.23823442347064402,3.5335905117898982,1.4145902146530154
300,SAM6662f5181f87,2.2096965002633073,4.648675949489247,9.507174431180573,1.5853257758050336,5.596987618097836,6.455075074313405,5.20298087938791,5.311702901430572,4.736912569645845,4.430942262038459,5.207680364673674,5.8969510007983486,4.8009116371226535,4.9315320483978,4.2781373297995415,4.5747912903845105,4.734091330225909,4.193303894788035,4.542130467877829,5.084707172934564,2.4786386189441836,1.9376205789225716,2.9226238413382117,2.7907683641618566,2.3913505890057096,7.139981418557149,1.604390423897362,2.1714271345414957,1.5853257758050336,1.5853257758050336,5.090183313894818,1.5423953640525312,1.010027293279416,3.2215419761912414,4.154028334279358,3.666893901592614,4.197798493223411,8.07256486590706,6.030047474127848,5.581943287357078,4.410095362537715,4.132673325890502,1.010027293279416,1.941380923128762,3.903261065788989,4.810815098268348,4.258357929858451,4.478687943467733,7.210403943907333,2.273439374795633,0.36927714701798536,3.912230687811592,2.1714271345414957,5.443886196941739,1.1376652736579578,3.1308329773799493,3.912230687811592,6.1939775059872035,-0.5425767050567352
301,SAMe0c49ea0df5d,1.0995920232953549,4.677405055222347,9.242238698741867,1.2993437113818433,5.209041187950547,6.64919649842779,6.3359027847643965,4.825214228541262,5.228443329115064,4.810018977847803,5.318652295695338,5.845891125199713,4.660822414470493,4.888925556069102,4.26519223848548,4.669677239904959,4.664323505567638,4.309877810057064,3.9140767000992875,5.103633647329171,1.8818245483937928,1.5618622969599507,2.346743433031458,1.1700923297168897,2.5224362775385085,7.770220124611694,0.7259531960352995,1.650171310808913,1.2993437113818433,1.2993437113818433,4.854370075517917,1.3385599167785394,-0.30524489289481105,3.2758444303676817,3.2126664187570495,3.6197869349981895,3.8005969500985444,8.126705362850425,5.1481466532247335,5.099185880327459,3.512113095245622,4.206599205354273,-0.30524489289481105,1.3548083145205878,5.343935847841197,5.598992088903103,4.39693441208151,4.587627160655961,7.500272584112882,1.9383362723582067,-0.029544585341221456,2.149612908896023,1.650171310808913,5.847084997360015,0.5407895383909529,2.2680402691080914,2.149612908896023,5.214151790022071,-1.1895569472298835
302,SAM59289ca42c99,2.6377228351460404,4.525092679715009,9.968510713833348,2.237302166682445,5.643654391470723,6.802392164046634,6.33140382712928,5.263094872149473,5.307834530800436,4.86912968629363,5.673542584702732,4.815965240004035,4.6938653191595225,4.66422456796636,4.094353049302971,4.541868172110268,4.518132447148457,4.1818857454745615,4.5253748652468575,4.984745878766616,3.3985755456325255,2.4707403078898764,3.040023116982463,2.4827581399177308,3.6695728264074474,7.553189970438797,2.4058711490787306,3.0626811382006984,2.237302166682445,2.237302166682445,5.801968571228928,2.2227664296666116,1.3943475778479097,4.001243881837205,4.164140107511705,3.8968236545684407,4.799397444675568,7.157799017914606,6.466293724825289,5.82515367082531,4.506380250157612,4.921640966290201,1.3943475778479097,2.4802641456840857,5.227531870465029,4.916148572924412,4.480722137579066,4.606586789779192,8.008713127667331,2.6969649741195787,1.1866291051865445,3.4437183548618404,3.0626811382006984,5.998080839592698,1.757001142643449,3.8504999380792153,3.4437183548618404,6.466290272115228,-0.4593710135197586
303,SAM18b9351e265a,3.3488939487057388,4.9341488197790415,10.746105727718588,2.730241109806258,5.214203084991097,6.137607075048786,8.002697185633034,5.70387889130346,4.195637502872387,5.7627186236586825,4.864149510922422,1.790257946312419,5.033821814169921,5.324801119535612,4.680978523582432,4.852588291851901,5.355800191189121,4.502022416614483,5.6757961429141055,5.010421473640233,3.97126576062052,3.0653861960926347,4.315999053985565,3.5799073291750094,2.979346203444153,5.520525416955653,2.567939903467154,3.7564868771039563,2.730241109806258,2.730241109806258,5.871406250099254,2.560851047866368,2.340511039289428,4.146323624538087,5.159260802726258,4.49379833627497,4.859048955985909,8.191100250587047,7.199964410281014,5.501559790424982,4.677501245584291,4.624485973147912,2.340511039289428,3.1127329042412057,4.544679203806294,5.033704425941487,4.634584111723677,4.949984196251949,6.906968996638615,2.944848913105279,1.7300028680952195,3.3249886641588913,3.7564868771039563,6.322158190125432,2.5254125937958585,4.059028785392002,3.3249886641588913,6.559543146271513,0.6653746692738727
304,SAM7fb7a13c096b,0.8317928310816476,4.653580275350377,9.084558020966034,1.3629337845276763,5.198827234931514,5.825724113428717,5.872136336928467,5.095363242876781,4.041283876825959,4.768084180758038,4.978777901986948,4.930338279007063,4.669644558029286,4.891460083929926,4.285485604853806,4.553158940660706,4.809507219474569,4.414565538122533,3.0362690758101945,3.867235290236841,1.4980968722717893,1.635434492224571,0.9173398268597898,0.39833052781677125,2.4789237083664717,7.597665472309281,0.9489137873544957,1.0953193260920193,1.3629337845276763,1.3629337845276763,4.509940745387986,1.4099016816474688,-0.30347974484248175,2.8329380017450796,2.672420192612324,4.011698524515383,4.0117158732154135,6.627060272076996,5.251428429676521,4.722986973262624,2.901808701840571,3.577594513640321,-0.30347974484248175,1.6439108112951115,4.064052725137409,5.089980454976729,4.449603446276417,4.60672358380423,6.764132498445389,2.449117640841823,0.37718089774842495,2.12477918908491,1.0953193260920193,5.836823209897348,0.6074895292651916,3.240626420923626,2.12477918908491,3.922353385702504,-0.8309662144266468
305,SAM87a8e18eb45b,-0.9135031036419929,5.0195017944407185,8.651957554727472,-0.3979679902361263,5.771127826813521,4.974568782565336,7.229403015908735,4.034363757753441,2.1296183330231715,2.0841075165817635,4.794001878908203,6.992429802878768,5.026493698907204,5.2581962319064255,4.789607443507315,4.955579778489343,5.076899423082593,4.493792598970835,1.8001830465880946,2.456191024794159,0.1649597408673248,-0.10823174159080931,-0.31762681323969194,-1.5183054845997246,1.402415466010195,7.548971337512682,-1.53971113563,0.011550391129532322,-0.3979679902361263,-0.3979679902361263,4.139942646282335,-0.1857455425155546,-2.113462752652776,1.989966443707259,1.3772732895983848,4.021910794106363,2.369531343910488,5.348990270817218,4.072151638679888,4.060013022151356,2.1471856783113514,2.265118562314747,-2.113462752652776,0.050471774164451325,2.718902142235855,5.0212331820309615,4.647698731353095,4.973365540534574,6.671696372408751,1.3411942259556977,-1.5184145875091513,1.4661244905558837,0.011550391129532322,5.603642878509472,-1.1779300930927055,0.714500262629772,1.4661244905558837,2.5879695888668417,-0.6560079782060646
306,SAM1f3c93814cb9,1.4649464754571764,4.7397096534427225,9.314974065076179,1.4658433450866502,5.254093174858817,6.0274226003669815,6.140284334190744,6.1971474187048115,4.500256730512157,5.001310757329524,4.039834144641537,3.175725359548716,4.7759669105849545,5.18726496805231,4.519754554006634,4.710499583665879,5.2231048610014,4.552829555594493,3.5908264944527932,4.66892301178918,2.6051636852702593,1.7681878316422388,2.2165010147043045,0.5220761365416223,2.491730932348803,6.034586065330507,1.3419375287039332,2.309840255517624,1.4658433450866502,1.4658433450866502,4.561777014733797,1.2776484096935157,0.7248777547964673,3.2770007280982156,3.1451984225765948,4.183218355033473,4.065304885599138,7.617846608068405,5.696849329687228,4.769795563646838,2.863393577123105,3.1476730858828494,0.7248777547964673,1.7237692816877357,4.1284730818652156,5.095053376978811,4.580706972509902,4.766185846703458,6.886995843143239,1.6738503826839537,0.6084384596324476,2.370853620381124,2.309840255517624,5.329072464990785,1.0408734113506601,3.503536205247805,2.370853620381124,4.09938449590832,-1.0780965173363866
307,SAM5fc9ae0aed1f,3.417800987128433,4.88107709909287,10.257820170223974,2.8822759881139612,6.186245572135151,6.1213746844386865,7.140307588485708,4.817116401429489,4.802871658079676,4.907595299668622,4.998494241803646,4.712506236650174,5.242282953902644,5.166196324602438,4.6026335459112095,4.805064857103838,5.013347992659905,4.280850495382595,5.600343429299977,2.330087879364065,4.133992945845473,3.248731437384341,4.6300432167547285,3.61857656960351,3.4776391570546585,6.477824883166735,2.277907908070001,3.8687591723565604,2.8822759881139612,2.8822759881139612,5.687141409109644,2.772365313857767,2.367283242656461,4.234987588797992,5.177886815899768,4.760021638063995,4.95538845388931,6.311662723670563,6.92643322214397,5.643151862028641,5.18145030371268,4.552751149921777,2.367283242656461,3.100851413158338,4.678766903023393,5.060341221425058,4.885424067251951,4.909053339095852,7.108858898832757,2.7771500679685928,1.9209973716386328,3.292975649989911,3.8687591723565604,6.275284261423106,2.476482898931864,3.911285205620279,3.292975649989911,7.7501534460807,3.2702555499359125
308,SAM9725303dce0c,0.21959852952559566,4.89035469048867,9.037229013865934,1.2159604941929703,5.992241023515897,4.283972852043505,6.804216221034832,5.2370398614545595,2.648619493395066,3.495389025489189,4.253899076755413,4.732049026266359,4.919346454807104,4.903341189961764,4.410756051801839,4.5930735952531,4.857961025442134,4.319793814363643,2.771040844004048,1.795762922938289,1.026063402652571,1.7780374335139366,1.5546832911045596,-0.45897728103608565,1.3749194645751377,6.472350131468729,-0.14675493747853438,0.7451532767038875,1.2159604941929703,1.2159604941929703,4.824054810168092,0.9947295298288412,-1.4024945552456884,2.6453084812642578,2.3282578213317286,4.325174206940407,3.254460248800905,4.387280824540223,4.467504389765533,4.3987654708810044,2.839800186933895,2.3553044035472976,-1.4024945552456884,0.8234335286533486,2.640312039977376,5.31108601249481,4.082853580504598,4.38919621772466,5.76757513140497,2.1877742260325683,-0.16375626498114385,0.36596984297423774,0.7451532767038875,5.004304074807117,0.16240259205357735,2.175795153273168,0.36596984297423774,3.734677764289691,0.9752779210657592
309,SAM6ff654a20f98,0.8456117892842959,4.6155746727509674,8.588788646200195,1.209842511520348,5.187996683585444,6.82867111992496,6.211029689672747,4.976543919799418,4.403095344280947,4.727465915552865,4.7878034345517335,5.140261759955766,4.635668329540383,4.836620454941561,4.274389583509494,4.639262055583245,4.578198129471464,4.051822003054186,3.0984001688177507,5.575286792149215,2.0543868817408093,1.4418308620663094,0.8786510245724765,-0.15363615517838655,2.138993368143353,7.058971459756241,0.8351812509290294,1.6194237559030864,1.209842511520348,1.209842511520348,4.487449858458335,1.285269199753393,-0.9261177842781296,2.8675994528966733,2.4220234434114185,3.2690956746369206,4.160690566549469,8.44245980369457,4.675801989707477,4.621522745038433,2.9933202340252367,3.7283137305444876,-0.9261177842781296,1.3306109248541707,4.773587551230258,4.852045884032202,4.3909245949530336,4.614338220260879,7.069878552848351,2.2099134956143534,-0.15005736026579944,2.0876784756537594,1.6194237559030864,5.396540237969169,0.31456635394038035,3.2114891144575193,2.0876784756537594,4.384792105943344,-2.476886623331464
310,SAM65afda25b920,2.819561460326913,4.45665796973178,10.137795263166481,2.3002499943000645,5.161062655887443,7.152663866405241,4.468000241718884,5.871509107123092,5.769034370517329,6.1539869478038325,5.007762913864261,2.244675793640497,4.55184247962087,4.501049788192298,3.81906505848158,4.5191500324173655,4.2800990858302175,3.690849004025106,4.500374330473888,6.170193420252547,4.4890856499124325,2.8014417499448556,3.239459489979012,1.74891451813968,2.6234889572225932,5.890188056001512,1.9529059599499299,3.8831722039307444,2.3002499943000645,2.3002499943000645,5.521561312582262,2.225179403200327,1.8068993070987844,3.615636732543797,4.466308296864436,4.012945480613259,5.731428204890847,9.15321455837483,6.750337842203221,5.169508642322461,4.093388851985497,4.291459847921828,1.8068993070987844,2.748254503174334,4.451013022423944,4.811196778400582,3.839613506251227,4.227062265178169,7.720516796819183,2.7661661765511005,0.5812627626332033,3.1508139762377034,3.8831722039307444,6.223970883445176,1.9604681969312778,4.310830220539298,3.1508139762377034,5.73738904007639,-1.6698190897786587
311,SAMef0e3d2415fd,4.693819052806355,4.459146791802484,10.812109696483027,3.930743716530977,5.211428951981687,5.829369614879266,5.940255277296042,4.732504028277292,4.5645275172810695,5.175533624121794,5.005761251502205,1.2540395934603563,4.341412819808306,4.485362885242479,3.8296258063261974,4.448713215311729,4.223560947904153,3.99640123437695,6.075345820683161,4.162526880696878,5.546730772129912,3.9533786204117214,4.3481760076261855,4.3246810497018044,4.594555207124448,5.118745055993913,3.909794138916221,4.960442132197227,3.930743716530977,3.930743716530977,6.5320762529760446,4.0625859906046085,3.3434481807112726,5.009237361934714,5.500485552682655,3.3421069032903015,6.168621995339182,6.508396203805332,8.056984376172425,5.884990240495872,5.352344171258815,4.917525543029773,3.3434481807112726,4.373998715789,4.5855940511405615,5.196185964209787,3.99749252159684,4.098876869890497,7.566201780397552,3.664305071649973,3.2612653401679874,3.6819237362103774,4.960442132197227,6.616083971667439,3.5939054338063325,5.791808345500658,3.6819237362103774,6.6974185599806715,1.9128189399862832
312,SAM07a93a28f801,-0.015811156203380805,4.922733196441486,8.154093724083355,0.31568411089955134,5.235639160049328,5.5351072433354584,6.7621314522057165,5.393529287755609,3.8432218973139394,4.404171100609358,5.126258430172912,3.1029864452444182,4.804075247271815,5.215500179234118,4.896272393672421,4.771082229897472,5.072016156861365,4.4115484795994755,2.7957445700166286,2.876514357497338,0.876947610800343,0.9190239757655141,1.1648600590501295,-0.6248053904645844,1.5269773545101077,7.834341190266489,-0.5329417349280591,0.1933587991439983,0.31568411089955134,0.31568411089955134,3.72918927887627,0.18034092762787457,-1.6372588996325599,2.496079829770423,2.1248143626645644,4.167058707650934,3.5652523140579193,6.986117684545602,4.385938395688736,4.369802621490087,2.490699187257294,3.0637319066214843,-1.6372588996325599,0.5578596326130942,3.2364053232439893,5.1664183600255855,4.428588982166507,4.674124223895735,6.100746055160464,0.8841970843911394,-1.3314129530298844,1.3872849474926048,0.1933587991439983,5.41930127370561,-0.7067450176055485,1.899496482965396,1.3872849474926048,3.6622882107316514,-0.08076978748070962
313,SAM94859b440b1d,-0.718465293584674,4.779933230652827,8.037926479087877,0.010848307517297215,5.141407588481897,5.235684757444623,5.999305903175523,4.717809903495406,3.034422037313789,3.6136866427949528,5.718682500212425,6.267357667456508,4.646760403690617,4.9891589583029825,4.473365769201606,4.714027172149367,4.858866154776288,4.48953599398656,1.366067818659243,2.938264694346077,0.6770695112029721,0.31636554395577005,-0.8123647181215343,-2.3603167813797756,1.815285073619956,7.93244088004834,-0.9047745453637658,0.058812499517774786,0.010848307517297215,0.010848307517297215,3.952058554612012,-0.0380064609078747,-1.3036751142323382,2.4697429316829345,0.9929628472202333,3.848167607757645,3.4033525913202554,5.376202603621448,4.589728367856976,4.127465178217231,0.0650580203783034,2.5222458519724054,-1.3036751142323382,0.8720563274018325,3.8413967480359665,5.512608221639161,4.586702109668989,4.69770787173121,6.860283204075087,1.3838147974436523,-0.8491099055242421,2.1157343772276995,0.058812499517774786,5.6978378482286125,-0.6023228079571363,2.097440886760916,2.1157343772276995,1.1364106664019444,-1.5721968756868339
314,SAM58e7832f4e7d,-3.166569134556483,4.559819848481574,7.863003024972266,-2.4713310598978033,5.38880394578983,4.782765278266506,5.0119759384010845,3.5874382170305905,2.245990936616209,2.2532612896676945,5.923491323589571,7.766784178164006,4.15611898819293,4.461217001155529,3.9882370244415246,4.392967765656845,4.151401291738563,4.180118562166051,-0.3996407210266836,3.7930716213096254,-1.9449267337165215,-2.413442972943109,-2.989412464461943,-4.388211535396445,0.6547908571778226,7.5780397571501075,-2.942318279609328,-2.43279533169272,-2.4713310598978033,-2.4713310598978033,2.532937409931888,-2.2041267132672595,-3.4894369988401572,1.3741584744049016,-1.0005244410341816,2.3016235362246293,2.2305281015471374,6.171580066553255,3.4269028198022546,3.056480283175903,-2.098089962201976,0.7357839001967519,-3.4894369988401572,-1.3472392943932079,2.853028759520862,5.575086441216983,4.214878330169211,4.429307131223688,6.575082189829673,-1.594871514071319,-4.04605413160938,1.3746978824424605,-2.43279533169272,5.306738847596121,-3.2210233272532864,0.10723720491510964,1.3746978824424605,-1.1705965443957846,-4.192712342336309
315,SAMc57eadb2d82b,-3.283272622084033,5.0351566821599585,8.74549380772211,-2.084860091562154,5.264681945549686,4.965591277075645,7.302629331201781,4.514292217666121,1.6929233174791156,2.5779863310342255,4.984238886719087,6.7590322620251415,4.919957107989643,5.341581707133937,4.808472666266854,5.02842962934639,5.237714407527679,4.699377910903954,-0.03330402901287699,3.2850752341267855,-2.3379923190563994,-1.4219936573428282,-1.955975517495938,-3.7094847009036775,-0.02735557525366339,7.880627123825097,-2.6718967428124882,-2.4910340913661595,-2.084860091562154,-2.084860091562154,2.23533726483392,-3.065287920835526,-3.4268190653853607,1.4035182133496185,-0.34700598085029377,4.383783474665028,1.4148965532233007,5.611617514478991,3.714371364660714,3.2276049249629057,-0.37194318794865744,1.8663333485430655,-3.4268190653853607,-1.8936716180846154,3.439902158466966,5.6866085254925025,4.676262782509407,4.881580268248715,7.138380807813632,-0.5428428369737525,-2.7700496270309625,1.2583493565018855,-2.4910340913661595,5.41252005897307,-2.8249848560623967,-0.5343633013400112,1.2583493565018855,0.16376912019579729,-3.3183792631396622
316,SAMd5ab7fbfab4e,3.5571550780777614,4.865228473241929,10.833926295901227,3.2631926525075294,5.65296370491392,5.547755087748925,5.8887118379560555,5.290155725720085,3.4781541077130216,4.327411001416022,4.449433403098093,0.9067895239516854,4.979200758585973,5.022519857847138,4.5805670225094,4.651493464028377,4.994035059908897,4.306901296459062,6.175752268057594,2.881723251183115,3.993645980765556,3.709975784781777,4.687009899144624,4.062531379543524,3.5481946319764037,6.602919354348846,2.3844352159996425,3.61719518688429,3.2631926525075294,3.2631926525075294,6.233034177610832,3.327539291294937,2.1297685265688475,4.115026701324962,5.621952993463505,4.359360919547116,4.82517693002402,5.817808490906507,7.200091654650123,5.926988134411941,6.2196975498687594,4.3567526176449896,2.1297685265688475,3.059147724558964,2.9660279517407986,4.774033758192804,4.340937469703559,4.670259613046461,6.266234330060715,3.324447287338762,2.048068077697643,3.5116308067831667,3.61719518688429,5.775271620664851,2.648177301543089,3.98529566121989,3.5116308067831667,6.889944048694509,3.2940290168744792
317,SAM5767dd75d142,2.159510368430442,4.91244951688488,9.44988945641506,1.40082032844553,5.48594583071271,5.305344776858225,6.466030716348982,5.8632829144943965,3.580188093804117,4.262697260746271,4.780369497295407,2.9511346781959245,5.037739297133644,5.29096449366856,4.647093820116644,4.884501997139229,5.34719263761207,4.523563483796767,4.325431642878101,2.93467452157494,2.501732231485965,1.673274782909175,2.8489040979184588,2.5361544349489407,1.8024291321231172,5.825826871020506,1.6064561675048805,2.3383768958764164,1.40082032844553,1.40082032844553,4.539548713425767,1.4432207566326143,0.842621620265075,2.8855669128907726,4.204369906523241,4.927415205083086,3.5632259105422692,6.215787803852558,5.650984678918523,4.834943608680527,4.204963191335419,3.403194309841749,0.842621620265075,1.7933383776924274,2.9250848576354653,4.914299149659741,4.719477076769164,4.916867662893209,5.879793896735986,1.6513256675573604,0.34289049187494,2.866812010200713,2.3383768958764164,5.181308193317843,1.0338318725740794,3.15445560871786,2.866812010200713,5.587639930292127,1.390757121303161
318,SAMaabf4afe4213,1.1367539591070897,5.109203617279866,7.78489889717432,0.2317200244995957,5.323087782855664,5.558403883559855,7.531343777624869,5.169112075547293,2.887838021559653,3.764049103098279,4.518401347314226,5.288984776434625,5.011415377852723,5.3478161192267955,4.81612138048507,5.039900316260733,5.2068541439218095,4.551700583271623,3.3603533694256758,2.3967975440209393,2.0524513407529175,0.43413027562159084,1.2383543384438833,0.8230636237066419,1.1544837816627938,6.555176326418226,0.540103226341092,1.5976036904161635,0.2317200244995957,0.2317200244995957,3.7734473944175755,0.11590130524804271,-0.5500441415334124,2.4791541410657856,2.9358205437126954,4.269289185206592,3.594533737400599,5.180791099037188,4.449625393335081,4.402481080754782,3.840586307308026,3.5125170624606104,-0.5500441415334124,0.8925289060188423,3.964296596286672,4.815906092566353,4.665323028529208,4.9603765126772625,5.611901391367631,0.7703693001598251,-0.9870000934945402,1.0538020559587256,1.5976036904161635,5.120068430909631,-0.21456503047414155,2.5691978697748694,1.0538020559587256,4.4592778924852965,0.9635558254047365
319,SAMcc7a42d87e9c,2.0086449805236977,4.9212700819025335,10.092919781015965,1.561316199085716,5.2402815322485505,6.019840120415847,7.48474184160958,5.075019050238274,4.0347164916832,3.8403933460896895,5.8985710430168465,5.465844581336346,4.844016505138559,5.025604507840765,4.546624793154412,4.839435878760338,5.002831773147608,4.66074862461502,4.464310755790265,4.399933078728146,2.866100019323885,1.7973886820087213,3.099755373223229,1.7736320452137437,2.306927432692816,7.233322406106531,1.2326964728534902,2.5013585302786923,1.561316199085716,1.561316199085716,5.055158637649155,1.339058673338333,0.7955393364292999,3.5409342535690924,4.014115675892872,4.808178227665302,4.271642814185326,7.680653313996239,6.240203873174562,5.477526282720409,3.763872781039662,3.8349110071030847,0.7955393364292999,2.039649945744003,3.6178477382885923,5.761003399892677,4.416575307128418,4.683653682639066,6.0223216998762155,2.1358346275409503,1.1956999361637781,2.673002398738815,2.5013585302786923,5.607839080550898,1.2820804584440446,2.954704463732215,2.673002398738815,5.126746865488552,0.06437767706211961
320,SAMce39dd79b441,1.1619532095437592,5.082603173241863,10.033079147836022,1.510172280434205,6.121831907245253,5.0940047220138895,7.015980897724168,4.343649830638498,3.070614980224019,4.455479187814245,5.0297485335042165,4.219321638870781,5.371025611946144,5.443573041401252,4.863952135541502,5.026681282892495,5.278873942663148,4.515656493534526,3.9513618752180717,2.3814563144162375,2.1310786335215175,1.9297678227793003,3.4895183067251847,2.1630137195993075,2.477517852270168,5.691851838414141,0.17963644407132037,1.791588603636777,1.510172280434205,1.510172280434205,4.860666696136208,1.4163588783286047,0.45228130097102265,3.387282652056853,3.978117940944678,4.7896423545174995,3.8859871595923656,6.121025707424277,5.97059684900745,4.68839021513258,3.850272452128204,3.923285797571708,0.45228130097102265,1.7379460421340174,4.777629817897256,5.280381634673206,4.9185003451707,5.217909757768901,6.63484549053067,2.1268746942559367,0.5431083748772216,2.4472322796559296,1.791588603636777,6.8746432944489735,0.9170233757345931,1.2237118549507269,2.4472322796559296,5.78415103924652,1.5699055608018342
321,SAM75f12d1a55fc,2.880448308477413,4.591585264851513,10.135659122556318,2.4443931605394575,5.35280606643946,5.788174340153437,5.563281332550563,5.092815580578604,4.247597506608677,5.3247822240827665,4.452002645538647,3.288165002493843,4.585196978503451,4.744141591794846,4.152814538402887,4.495899116195319,4.460037407996064,4.059043811322174,4.410239763862899,4.218954454275537,3.6914653005593108,2.7775659544330225,3.3386108706908235,2.3594557242350507,3.0244048322283112,5.631045114280084,2.6018330783011185,3.2750443757214516,2.4443931605394575,2.4443931605394575,5.398765659887656,2.438226601191074,1.5177485715921961,3.7215126830339487,4.405181748785462,3.653184617334655,5.04723421652745,6.439359728170572,6.577510816306509,5.03912548011892,4.232806779298223,4.2441684147591285,1.5177485715921961,2.3968623558133673,5.050383263859611,5.103752247854899,4.239240328690876,4.369568120531599,6.953697644675373,2.788114997582584,1.2018349663195946,2.268426930947514,3.2750443757214516,5.936231101845276,1.8706355970538744,4.696732416633585,2.268426930947514,5.678181766034456,0.19128530958736167
322,SAM6964a6d7b967,-1.2329600234375806,5.11334416988828,7.966195208828747,-1.601093710356927,6.123927814085252,4.75823277057763,6.449542423712721,4.420149027197178,1.93368512817635,3.0314108622868936,4.236902497269885,3.8744858924929617,5.274847529032419,5.524103440426176,4.8446495056871814,5.088811870219133,5.645320895792057,4.704718299203851,1.5433374364116443,1.8337558737995996,-0.3139037684795485,-1.282283072663298,-0.7383223076494905,-1.898902901103619,1.4864327720219617,6.7033333702952325,-1.871314882139328,-0.7503830864183726,-1.601093710356927,-1.601093710356927,3.8879456807635453,-1.2319478812930265,-2.2144888940112923,1.4805589762246367,1.2033943480984095,4.577367439754466,2.470595597195369,4.595333005331245,3.7625676800218515,3.6254083644345507,1.7913610353707348,2.1810538008298193,-2.2144888940112923,-0.44446580836939853,2.564459545048757,5.160499435488671,4.890869159416177,5.085382126648593,6.423788150733409,-0.9492024662713677,-2.7916738934555743,1.3303133885980605,-0.7503830864183726,4.989015861558057,-2.214946467317782,1.0786389299419727,1.3303133885980605,2.1408522266216434,-0.29041843738795525
323,SAM3b1066e5801b,2.3273322222495825,4.687566783005321,9.441061371500107,2.7555610265303656,5.397090418597023,5.760963882487357,5.703864935049472,5.5175474450169375,3.4100800518489494,4.830706719554541,4.328126295717966,0.7933540126352036,4.579875978773291,4.778411104161241,4.223999549800685,4.551091409474458,4.47366451478896,4.018265940802099,4.075979039007294,4.16839110513954,3.246242834690983,2.9181307092111366,1.6628530382458055,1.2823902831283605,3.476382709054239,5.214749332977715,2.3574814759618374,2.574092079524234,2.7555610265303656,2.7555610265303656,5.497886835117733,2.8771315370722155,0.47283183013186614,3.9475884175043845,3.4652921208876832,3.6890861496627667,5.0846387404348246,6.615061532902476,6.037834596096685,4.935274434710845,3.7118841537264338,3.4577717995938335,0.47283183013186614,2.867369417486887,3.592427383555107,4.77802702315326,4.082196852993662,4.354764917979321,7.007670684399689,3.5703780657143276,2.2499169415278373,2.447516405594276,2.574092079524234,7.095600584454961,1.9382660186582878,4.550168309553475,2.447516405594276,4.683778131696386,-0.09241206613224673
324,SAMf20b827dca51,3.5369650302618596,4.653046188940878,9.773707827553034,2.912232031143806,5.480628665729299,6.402377171891328,6.212564590950777,5.838442491074268,4.503792670500205,5.456001034358885,4.519795573534806,1.9804411923843694,4.698264369180879,4.890310011577888,4.309300481876343,4.632276913527206,4.683345424644322,4.069016082947805,4.90726402162065,4.876289866234316,4.752789791151489,3.1974474898981375,3.8183461611116463,2.7096694300324295,3.579495265183455,6.404595220230122,2.7192499344248113,4.257708981159414,2.912232031143806,2.912232031143806,5.7959227159713524,3.055782197447566,2.0048669547504754,4.110606065400393,4.654111592802994,4.060037427730364,5.69455790547277,8.259971083006,6.5988462039601625,5.600189928998825,4.901458544679087,4.446424171055471,2.0048669547504754,3.111604599311579,4.685874441206085,5.020429528231109,4.095613698592489,4.363208323844019,7.144735896433963,3.249882020993875,1.8674066021155646,2.958346832198407,4.257708981159414,5.896732876754909,2.454040732129652,4.99543794981755,2.958346832198407,6.183531670086644,0.030974155386333635
325,SAM6792d6e98068,-2.106056557986894,4.729729155533835,8.163152258276389,-1.104711183463039,5.575379993365918,4.517346160296545,5.68825415113906,4.182170830365291,1.887663352210127,3.039428181777095,5.658959603505956,6.424644407434475,4.515544067362038,4.777544315367407,4.3361352486221,4.676542274734083,4.357123828873118,4.271319728888808,0.7056682283238915,2.4737220566010723,-1.3918558580249445,-0.420857880475181,-0.10453443273977664,-2.193463279638077,0.9783107129202545,7.572081326446249,-2.0502741324594327,-1.6321771942042276,-1.104711183463039,-1.104711183463039,3.5115469407569773,-1.3824749973633936,-3.140031179556565,1.986145827197264,0.19241779713369908,3.4767322594795287,2.3931183438730224,4.706432799845693,3.5065926463479533,3.6932837617355685,1.1668092295646986,2.0689062396378017,-3.140031179556565,-1.1112961324298491,2.941514914312483,5.3300480251511395,4.198471993972855,4.429494186371704,7.160153433848823,0.6969617859987606,-2.4348721070832533,1.1184025479221118,-1.6321771942042276,5.584555609410382,-2.1243378594782043,0.08683524491583346,1.1184025479221118,1.8540121211349163,-1.7680538282771807
326,SAM31d9176e11fb,3.5495554832203635,4.9569812816789875,9.407709266429912,2.134631936713897,4.908580953663547,5.911557169297655,6.309085591991382,4.45634133677423,3.762316197836419,4.053631394778568,4.573575845160333,5.11734056547425,5.160891756790644,5.107630344464717,4.774603887235948,4.961725710214466,5.33400186155846,4.54666360674933,5.44025791900831,3.724261002517428,4.1786246351404825,2.3488055217468347,4.272738820012619,3.6851885757594016,3.3730796717177505,7.72162526276387,1.8401454257816696,4.180110483193671,2.134631936713897,2.134631936713897,5.451702851977502,2.1251747578197846,2.840803180527917,4.065364996579286,5.097988941669108,4.663771689290776,4.5380343251919575,6.621996651116803,6.31662037936149,5.789237914031504,5.3674852864802425,4.601293532090699,2.840803180527917,2.671495977921403,4.140990168324037,5.031573959883545,4.749649844121476,5.040893872777611,6.308469299464318,2.1125380840257506,1.217966256248596,3.2268395316978182,4.180110483193671,5.857017750289485,2.176423185778628,3.9075791050253286,3.2268395316978182,6.288681851801663,1.7159969164908824
327,SAM04c589eb3fb3,2.54999430540742,4.747626123475556,9.455154463511555,1.517131315149596,5.545166256942504,5.980303688082026,7.440812281552276,5.644504190486938,4.131855431107441,4.496269786887088,4.269470220272883,7.377445963519466,4.864794574593075,5.015963400783147,4.5954738136639435,4.86361288624641,4.934510199188587,4.4151598713004,4.624173688717238,4.372989358026645,3.3389728637769096,1.6958330281363927,2.7862986483198537,2.482721094352216,2.600406353640661,7.291960593208333,1.3936587885902905,2.9352651465418966,1.517131315149596,1.517131315149596,4.953693762672817,1.4118017756999377,1.387313083283655,3.5961842081768984,4.183392519799091,3.825013271928248,4.678696078145082,7.013496871836467,6.226589497571591,5.634266729767585,4.038306624980484,3.9639815077249625,1.387313083283655,2.285572669239392,3.9956952020777727,4.950629282883776,4.80415246709476,4.887261902886176,7.4207393741384,2.087684171785813,0.46526230719722733,4.2743549211528,2.9352651465418966,5.819307551467867,1.3331689920974505,3.3546709430539026,4.2743549211528,5.366165678967526,0.25118433069059254
328,SAM5cc2d9036053,-0.0721680459530038,4.568273658176453,8.629878836395305,0.16130134452954586,5.265722129055542,7.013510701365452,6.743367050432572,5.498990190914927,5.006914584663694,5.76620626821062,5.7848507678339525,5.473628270349692,4.616404498938623,4.6777145297380205,4.173340039244473,4.536413723210347,4.598120983985111,4.215944318520695,1.8955310492753572,5.567699084033464,1.295602369671799,0.5442408867005962,-0.29585114569853327,-1.598148010901373,2.1065731100760523,7.897938347941341,-0.8270015383849741,0.8960958912190028,0.16130134452954586,0.16130134452954586,3.904980143327019,-0.11643247956954689,-0.7853688152338151,2.881245736192041,1.424110000134254,3.3112649925219753,4.428625541628833,8.880725277284336,4.791803376394339,4.176373487362501,1.0473979687661508,3.4330754290432224,-0.7853688152338151,0.748194846414483,5.289998071215862,4.973636891065144,4.485813828727332,4.630537207633115,7.860278881633241,1.1711963364872813,-0.6016970923012089,2.817725208321456,0.8960958912190028,6.006748007996692,-0.2741121831649189,3.332781660074788,2.817725208321456,2.3749305844414095,-3.6721680347581067
329,SAMb8101c538753,3.006059984830854,5.123022722057793,10.465354806003505,2.6689411953731086,5.691223042322721,5.87960708551558,7.676400763018354,4.378527485386951,3.835510920263544,3.684970155664788,4.970542310016987,4.066726890586329,5.26439410072596,5.705904150747696,5.014731559656047,5.1459027840990395,5.656194731534335,4.524110746471208,5.514239968369345,3.264374061074728,3.7480450190909975,2.8827279109408677,4.270553858390904,3.3660879124731866,3.5458491085759074,5.210741863439266,1.5047617243742129,3.5489140263786894,2.6689411953731086,2.6689411953731086,6.025341866557087,3.007096641204268,2.117609453472768,3.875104243193656,5.113017667373706,4.792364620167419,4.26846336124006,6.604442343908333,6.8015321550928105,5.292079635780884,5.364350770258073,3.9013247517567944,2.117609453472768,2.4748333179786224,2.876369565740815,5.30634151051675,4.727188557377795,4.900878819610062,6.59011171319866,1.8135559052214096,1.025758873712984,2.971781118336244,3.5489140263786894,6.447418500624016,1.9487903094724734,3.356122586972397,2.971781118336244,6.484764131349934,2.2498659072946166
330,SAM80c6183220e6,3.1490016286772797,4.768084034058954,10.173956301593561,2.7941766415493103,5.264743924486018,5.839628408234341,6.206436345813254,4.477289283968348,4.432003199399126,5.035540068325467,5.1354291700717525,5.4611297177677125,4.890946740091542,4.9990030353534305,4.399078143955443,4.714118743096252,4.711171311188617,4.222463160238173,5.53527210872689,3.970925485619541,3.724089151980757,3.049694891733785,4.42068406054371,3.7853489038347092,3.7017731560795597,6.844839044494731,2.320289966715913,3.458694844881471,2.7941766415493103,2.7941766415493103,5.5002369928457515,2.8847564187430987,1.8737323441603142,4.163142475708356,5.252909029815078,4.629233108296118,4.667009949820386,6.818444021973394,6.6579745966825445,5.484238944635128,5.499319112258948,4.666686474834496,1.8737323441603142,2.988963329373166,4.780208471798118,5.127310123821834,4.7164355713295985,4.824588788228648,7.077243850385533,3.014675287524542,1.9359030480193244,2.675520891418523,3.458694844881471,6.3195689458332005,2.3454846033909087,3.5095816564977107,2.675520891418523,7.1236060927116265,1.5643466231073488
331,SAM572f19794c96,1.7697188842436435,4.995314602259519,9.806799346306414,1.560321266333318,5.887419302248639,5.757784614752805,8.000816621254634,5.043054626298273,3.625586540517376,3.3198113494510646,4.488676831436351,5.377920750344381,5.251714291972352,5.535531970650733,4.8791551391421635,5.159519812995697,5.607445741942873,4.407649716967291,4.2445115896325945,3.823382365986184,2.6272459622835944,1.8841658803987342,2.288394715393425,1.6574362516648637,3.292961696461419,7.478067611282994,1.1348243002258491,2.255820641006807,1.560321266333318,1.560321266333318,5.4030268661897445,1.7523861831503003,1.102676768127708,3.5259656512768736,3.7813821095679927,4.488413716254344,4.349739269044701,6.415321999837906,6.270590321536628,5.305072856989526,4.188587376218826,4.14782223955412,1.102676768127708,2.049192236755985,3.8327486521310505,4.733146073759421,4.869949481230974,5.193809308553197,7.427367454569828,2.0639956001919155,0.01773880178476621,3.5634937570900473,2.255820641006807,6.057950873245566,0.9690342358538797,2.941954171611261,3.5634937570900473,4.756306370582489,0.42112922364641037
332,SAM1abf01dd4544,1.7729143868459045,4.801447802831713,9.03510375361834,1.5178835757947713,5.054982652069011,5.7768486411254045,6.706903116883321,5.820763125907085,3.7869567541348905,5.403537198871477,4.298070507526641,4.093968316097693,4.808679251789382,5.145694702765292,4.479368557575698,4.766757004451505,4.902782859779674,4.218446532170862,3.438065039060852,4.589725120436666,3.213142941638548,1.9161085015285964,2.1721216830333065,0.6721004666713616,2.2108992124125217,6.1306675691617585,1.5747029547336038,2.8231530092300443,1.5178835757947713,1.5178835757947713,4.663064602981932,1.6273272514871522,0.7511738761636616,2.8891093009700155,3.375972964318874,3.949794580733439,4.621360909103956,7.252081178542689,5.548794447772894,4.773968757087276,3.2948698444345172,3.2388912303534863,0.7511738761636616,2.056952788778277,3.3742436127573066,5.14025777549623,4.369829024710842,4.61599550003501,6.258365823600766,2.811978966049209,0.37403599277543487,2.172663483867179,2.8231530092300443,5.337319718950787,1.1163117373521323,3.329057592784404,2.172663483867179,4.4477641916383,-1.1516600813758138
333,SAM1f83ebd6be9b,-0.39401259229656527,4.983053330538096,9.321663738411422,-0.620133582923516,5.937981637970516,4.962991538976267,5.763111317740741,4.274574325633631,2.7978321578209377,3.410669965401917,4.53022622394519,6.888781245662422,4.952945777408404,5.321946489989219,4.482235890624879,4.937432893514303,5.11766301779217,4.376614669784668,2.1999097392946307,4.143050809076259,1.1046461196977333,-0.22330986350485066,-0.8266615723537306,-1.852880553645397,0.9811716842532533,6.963653054290859,-0.9146782526375938,0.5913348497231983,-0.620133582923516,-0.620133582923516,4.14135602807384,-0.3073492522811994,-1.317971968464535,1.349714956900154,1.8689345436080396,4.508174867551711,3.9929421272160948,6.273891429873506,5.085520517437205,4.149642372339972,0.46129094813434984,2.4043500022782953,-1.317971968464535,0.3586334376906867,3.4211622377060693,5.44557829174717,4.48020581033967,4.823137340584389,6.805625157065968,2.156863379388529,-2.2947091917455804,1.8918385510719864,0.5913348497231983,5.018443086379097,-1.27150040617249,1.690483229069286,1.8918385510719864,1.6776268952115148,-1.9431410697816283
334,SAM1f66db567eb5,2.7203017745035156,4.915342861266531,10.256384141765183,2.57629104637903,5.150393020443916,6.515722090913585,7.224933848912624,4.329633943833801,5.300314789985207,5.530912562614975,5.039939455145095,3.074065402399556,5.0599655080017865,5.46669267279808,4.78477990887984,5.044245872984708,5.438121616353116,4.519035947311375,5.147913552866725,4.762600760501688,3.6581382166411403,2.698338626982877,3.7037224127219175,2.8214179546268414,3.7805203716776226,5.515628607961677,2.062787605149221,3.314216283660038,2.57629104637903,2.57629104637903,5.622281885057808,2.8504612986542313,1.9418468493270833,4.046897592206411,4.851278217029937,4.407452581542797,4.5173623418959234,8.33605436736702,6.737712958331274,5.330745914033321,4.857592773552898,4.409091401115003,1.9418468493270833,2.8435724404018154,4.748009913019879,5.413866959702787,4.812317660095147,4.972607787162492,7.250070007193696,2.1539160800243757,1.35298313117624,3.1225086151647954,3.314216283660038,6.186280118636381,2.0085711450593946,3.423570217734307,3.1225086151647954,6.377034807222567,0.38531279236503657
335,SAM4918c524b83a,0.06506140390220494,4.707120006579351,9.478960449136512,-0.16363588546839994,4.961274991844567,6.512844452590607,6.180440771426112,4.62392830663666,3.772430100758474,3.73943480002883,4.934870889188183,5.162175229413463,4.66614848244307,4.951994914955036,4.305860631209386,4.723240247284911,4.746523567460101,4.243172240610677,2.27443029898633,4.560030494145209,0.6649846342850567,0.13265865679661853,0.8620574975540428,0.06837804244400718,0.9218011661658712,7.372699817027361,-0.84686294548238,0.4993891014566824,-0.16363588546839994,-0.16363588546839994,4.029485450850698,-0.4476513165353019,-1.444907569931565,2.104474093734101,2.3032769281739354,3.8225145910337868,2.9732729725763702,7.577842794465037,4.758927905657562,4.535137581102976,3.7860175678228813,3.1930812930077943,-1.444907569931565,-0.22346722669210556,2.9490346756483192,4.657689685833824,4.39801029893839,4.859517132762523,6.293087280364484,0.7845122346905388,-1.2009244818603924,2.1149311738229115,0.4993891014566824,5.339748066857205,-0.8725227664939039,1.6644721035210779,2.1149311738229115,4.531902054934509,-2.2856001951588785
336,SAMa0ca029b7afd,1.4241022903828469,4.668890631625588,9.013266379124715,0.9693260024334396,5.303518068723913,5.623855759464533,5.374481416942131,5.7483332523970905,4.234970967298494,3.475933412449828,3.995568736189509,4.465876136881925,4.584847156267334,4.809149916946356,4.219814548978174,4.65189949522854,4.553009864799944,4.058797041357345,3.394320599940066,2.507745485501632,1.7999228381077774,0.9891814305467603,2.322067119264745,1.3890612428732207,2.11669080098527,6.215575996894464,0.37300726121180716,1.25378835486208,0.9693260024334396,0.9693260024334396,4.540567712224602,0.77362752033992,-0.2941637083961617,3.626398433064516,3.2897010989657614,3.1235436342891436,3.5493145812862945,6.088729263545912,5.430714284029378,5.1227204567648945,3.680824108947451,3.6966811440714977,-0.2941637083961617,1.3143661001640832,4.233233358592457,4.073211890983529,4.126269799703261,4.3425046807183065,6.96328393060251,0.6141898917451579,0.1633010756746058,2.7548247239426367,1.25378835486208,5.688214418689755,0.32509863371852676,3.0246968721901,2.7548247239426367,4.726043788294991,0.886575114438434
337,SAM6157c8f38b72,1.7344229460858294,4.700108963144682,9.106920857373666,1.8111451854306782,5.557303668852442,7.236608777274411,5.162878047758088,5.202149788852513,5.113943805971693,4.864473283699915,4.230412495068069,5.45999241160375,4.776302295120844,5.0260148264104005,4.29876056942789,4.823653998368559,4.937370492182669,4.231201056437756,3.9014590606925923,6.204175904323778,2.3310168029094016,2.124235005222173,1.7087180177204522,1.9627888747887692,2.2386035565995757,6.880892292373356,0.8786110543994228,1.7513844267372412,1.8111451854306782,1.8111451854306782,4.9502643300707865,1.7156691936664585,0.420368680284497,3.391004767278458,3.4923477942807937,4.029800108530705,4.759710483201192,9.40684154703551,5.872349706318387,5.101047693743765,4.366689254173646,4.597549224410972,0.420368680284497,2.418919949874252,5.068641118303006,4.891264867648029,4.351227233178267,4.681743817792752,7.572350874893734,2.790252276617102,0.8223844540422861,4.347460968443047,1.7513844267372412,5.431985902868284,1.243762056398991,3.2673843338049693,4.347460968443047,5.145037570754737,-2.3027168436311856
338,SAMe7e4f7c076a7,4.320187708977327,4.6733413977889775,10.74713923287444,3.3863294939696615,6.18868364416594,6.306073531724919,7.083164807057978,5.331971588760094,5.568916156712459,5.6348060428812365,6.1762504411051395,5.3503206772640945,5.271636428980012,5.2160432319937575,4.299813042157021,4.927135015617234,5.304440693713226,4.324621351495658,6.546267076362676,3.485820277467341,4.459714147656903,3.813987531715438,5.435213743379489,5.5444615800438015,4.078869438862457,7.6197426438421765,2.3697191316056925,4.309234435655775,3.3863294939696615,3.3863294939696615,6.180858605484349,3.4551803476315115,3.2004400514577793,4.542122229586954,6.159751354965249,4.297862146920705,5.3212937056831295,6.229508391237329,7.555130995014514,6.635398952572251,6.745606633641347,5.732131570704115,3.2004400514577793,3.5193990309979797,4.439117680510422,4.810274306011855,4.719334408332612,4.98730070162069,8.363412904579004,3.4243037176589386,1.8240872687341738,4.40653981956637,4.309234435655775,6.654183687133138,2.963751202333684,4.466873390262215,4.40653981956637,8.50884850293736,3.0604467988953346
339,SAMbe25e2c88f3e,4.650982195141877,4.998216016745424,10.687904193971244,3.6622520031314,5.719348253425213,4.261916970071524,5.580746973562404,3.596333303533192,2.9339636321305718,3.760277132160829,4.954129213454667,1.1779642001304187,5.0164982137846446,5.079298410083449,4.5990844328418925,4.743573579294978,4.693193881323981,4.362877629485093,6.746698363865331,1.068127388553782,5.633846338260699,3.8866375319224007,4.819277565218475,4.518037750641913,4.399945547895107,4.977326630993169,2.858381527381467,4.891626582951379,3.6622520031314,3.6622520031314,6.220580025585734,3.4790981708512385,3.766837567035489,5.122245204057725,6.299828254011674,5.592229582415639,5.361622451247417,3.634925756489215,8.329521053208826,5.832675930294461,4.805403712859259,4.622182192872657,3.766837567035489,4.287337671192864,4.694504595768165,4.851682339686869,4.793072761526303,5.063994262487012,6.460234415930213,2.8952471061987946,2.90997847355867,3.415435011735074,4.891626582951379,6.657902288399084,3.5932983217183168,4.772424429321325,3.415435011735074,7.057560425847474,5.678570975311549
340,SAM4caabd64e7fd,1.1307988729143434,4.816130944856293,8.412473433286534,0.3404141196955833,5.617823493987286,5.276033329646852,5.98980106877765,4.11702378942288,3.712527860164371,3.3207075698818955,6.387523883610523,6.975363656787262,4.797237314858265,4.863802372712205,4.32003673389003,4.768965785664468,4.596599084877012,4.285517872956327,3.193648557065389,3.455178196673939,2.0317119318995753,0.5939663422351482,1.5930321687762437,0.6972693852796482,1.5952227322057875,7.264169895337099,0.10424069202444584,1.6744443312124417,0.3404141196955833,0.3404141196955833,4.132415741708753,0.2642470633678319,-0.19053786521881744,2.639491439002383,2.7942983085709807,3.9838878258565,4.128034874224431,5.7266734934017185,4.799749026451153,5.016784469732041,2.581750131480956,3.0806497676049536,-0.19053786521881744,1.08033373030287,3.590117876438237,5.465894436759499,4.173668079391819,4.466900062583528,6.420657133286955,1.8957571183343775,-0.38827885823525005,2.5358455775002327,1.6744443312124417,5.557613704274302,0.10165695184976653,2.4964886516677396,2.5358455775002327,4.065177692780108,-0.26152963960855
341,SAMc6eff056c89a,1.5482606348430676,4.678251230716626,9.358966758009498,1.1494849462607675,5.063813249397221,5.399542102599236,5.7313388329567685,4.8822758206541925,3.7526287661047157,4.233536694493255,5.186035567361424,6.267437899442229,4.472236581439934,4.664523249605189,4.1482004101845975,4.5767686959123495,4.188326773027784,4.125583385017726,3.294367052496734,4.140482229613014,3.0269253990883733,1.4052212212699444,1.505615670118955,0.31976945068246954,2.2367049580541036,6.888639235517939,1.6630855508785305,2.7203217797269486,1.1494849462607675,1.1494849462607675,4.826061541938375,1.044651079506198,0.4204354376011348,3.1849081827534524,3.0329006950964184,3.8260084980589673,4.306216673394609,5.305370807772157,5.647675000346008,5.0311414881835725,2.5982423975076294,3.206975872489092,0.4204354376011348,1.6100014916977519,3.774191149511981,5.266339060210889,4.0712360852492475,4.353160016183104,6.6390548098031585,1.9421603415958966,0.1735416398047318,2.465226177082346,2.7203217797269486,6.131783595357458,0.7868127304924308,3.4277811873876765,2.465226177082346,3.8079513674604493,-0.8461151771162805
342,SAM5cfa1699bdb7,1.2221596741014928,4.57880348163027,9.170264199310928,1.1014228802203414,5.646915955877559,6.705819696914712,6.5448664340107445,6.081312907971204,4.905013357496344,4.995768210675256,5.054269306956575,5.083834107729734,4.721770245794976,4.911481248455759,4.237665412980635,4.593297036104984,4.725043527471048,4.128804584176396,3.8971226139560775,4.74888379851096,1.5887779835366758,1.305996110413026,2.3812414720885275,1.665332175655829,2.3202427283646467,8.338122940823506,0.8387190099799895,1.2198274424852416,1.1014228802203414,1.1014228802203414,4.533640682496134,1.0595020567866156,-1.1319333693484885,3.140583364042721,3.2763591419936495,3.544473664839156,3.6518932932777304,7.747247090890856,4.848054742708551,5.3618391514767705,5.1397041457048624,4.654359036928151,-1.1319333693484885,1.168574293069366,5.3736566791602876,4.613430336924228,4.459712040378314,4.674938100608252,7.3347182479875785,1.1547775251678878,-0.41983822645526264,2.110006519744688,1.2198274424852416,5.401236573570345,-0.05171499530999321,2.636913701563645,2.110006519744688,6.458300319344357,-0.8517611845548823
343,SAMda4d892fddc8,1.6330343477495446,4.532386588532429,8.619111122635813,1.4704647739676122,5.632384512170406,6.552731801966752,5.977875711822861,5.4344240134321655,4.4997909030795915,4.648120954603371,5.267076672602924,3.687680451475938,4.495373261365721,4.585933025117472,4.152407963846735,4.612087156361093,4.393002358518817,4.079413987721023,3.7130066269393973,4.780550702874149,2.755732284107637,1.7177754276807555,2.5178300154361732,0.8633675288904837,2.740185170230569,7.0051897407277925,1.459017407281461,2.4778233119404054,1.4704647739676122,1.4704647739676122,4.801311537556985,1.3504485325641027,0.669068393706373,3.5881994519218354,3.1179476823757724,3.4188476349776447,4.204370829823933,7.267636633838094,5.191887234415053,5.113597373943049,4.13194881960769,4.064842992478489,0.669068393706373,1.7373160532152956,4.027599960368282,4.887476095807548,4.242192329220831,4.562433742055842,7.252330368250315,1.9816678904748208,0.46619079056469875,2.7453272187829025,2.4778233119404054,5.665533347856916,1.0229945519579944,3.1355971606840622,2.7453272187829025,4.474067144236861,-1.0675440759347516
344,SAM3a1c9632ff7b,-0.038118523470230536,4.7810770881373985,8.189375942035399,-0.9257277089835974,5.7348511724732685,6.00094794736201,6.0083410976733225,4.619332914052068,3.4826000334826497,3.329768000350389,5.245666829071895,6.21789944679819,4.914347704784766,5.052773569502703,4.577034287659733,4.797387867571039,4.880732623721404,4.4150745993548295,2.4207296766601942,3.6344304606532964,0.5547817262243949,-0.75106063107004,0.08206388829440929,-0.3446387514365026,0.8662935804183922,7.068422118077073,-0.7992729308635236,0.2544418609867953,-0.9257277089835974,-0.9257277089835974,3.3096469063230813,-1.2547368151850251,-0.7651893686977275,2.2218753687816557,2.0731373555176797,3.5307279950202797,3.261091111334205,6.455601725967457,4.406253993832859,4.316021460332181,2.6544210755427047,3.2914596434120176,-0.7651893686977275,0.3232046736856784,3.9532794010492935,4.308302703810553,4.9576155680884755,5.071587718959044,7.1770990289641015,-0.0427850813711789,-2.2076781281739914,1.92994707893288,0.2544418609867953,5.1416966309174805,-1.0853924346178618,2.2618977986629467,1.92994707893288,3.2915755173421517,-1.2137007839931022
345,SAM8b4b8b0f9e73,2.6486540266124114,4.503687085374873,9.221062302797426,2.094263737736858,5.662760595195181,6.4676034075050355,4.775084944554504,5.758388371144609,4.896876072676991,4.852961705411392,5.001269292781198,5.276580986375946,4.3876430160915785,4.550058610272507,3.837652688876286,4.498405938596188,4.2540757522642165,4.05545621203831,4.432168143343038,5.504494701927686,3.4653129398054126,2.2543491310357675,2.64305212713174,2.264052443591271,2.8377939524218156,6.856444746410674,2.257561613646141,2.9218848225624985,2.094263737736858,2.094263737736858,5.356849026066364,2.210568715169541,1.178362704968449,3.620753506946066,3.8414840200250646,3.073127900959764,5.280780000699767,7.618227197740282,6.14633422568782,5.577831503549465,3.8586332318698218,4.264602859300715,1.178362704968449,2.6851568238085624,4.692270189759486,5.027526309468457,4.0491525784267735,4.224517629730158,7.194057986510086,2.9885419532707793,1.1541904623289445,3.3791435178346774,2.9218848225624985,5.595866779264936,1.6298551600371693,4.346258320892633,3.3791435178346774,5.440647597150292,-1.0723265585846482
346,SAMe3d4266775a9,0.4741295764952817,4.929229331718524,8.642974785051708,0.9067309648730422,6.367821642233635,5.557515347244694,6.468176052905344,4.934026213518327,4.479964814162771,4.3204871252081025,4.624712144581489,6.287126593355815,4.924786347303477,5.061770748793647,4.648813363558147,4.666554507566431,4.928032755115742,4.313295735065563,2.864794449899567,2.8595714895575433,1.4690191745426642,1.2298113654925866,1.0505897286753194,-0.14717568575941353,1.8057611124287638,7.816416584317722,-0.5425916920200508,1.1764663431301503,0.9067309648730422,0.9067309648730422,4.89214905121598,0.8236992765759168,-0.6469736351298607,2.71146247353256,2.5222277115321705,3.711512079648303,3.92618534355039,5.954140173760069,4.739097907933862,4.5357719684917015,2.6657549317666733,3.0429644129360693,-0.6469736351298607,1.5022282504482696,3.6439507010165624,4.478193204453612,4.2174396308180375,4.555346363366169,6.60660087138001,1.9548637605938968,-0.25063639108775254,1.698952523776846,1.1764663431301503,5.464751321403568,0.18637235112341569,2.577605082236763,1.698952523776846,3.6778999068213416,0.005222960342023963
347,SAM2de7cffb5f72,1.6930644868803104,4.9582537408191785,9.670793198009742,1.8401703813925894,5.9044745734618145,5.488649505604288,7.77251536948646,4.951713089400686,3.5754191752834488,3.636780414619635,5.1412173560775924,5.390415101653045,5.07223622971816,5.314820645936423,4.443643754638212,4.91202342144954,5.25176932692943,4.588284136652563,4.250782119176514,3.223438133712891,3.088668601203793,2.2568306303574657,2.8683108964663133,0.5909482480074087,2.399638823053238,6.583859779873059,1.7026613940523687,2.7747495008622916,1.8401703813925894,1.8401703813925894,5.335062724871697,1.95464654700536,1.266895515509954,2.9019337216852783,3.814813778971246,4.60292824826538,4.551553854496972,6.24029341137927,5.904240557425351,4.824953707914194,3.309220951024777,3.28609376275869,1.266895515509954,2.088859940435001,3.111940791288242,4.9282937493759755,4.53986570563923,4.8683425626945755,6.36701139933345,3.1944169673035065,0.7126712947949029,2.833658026245944,2.7747495008622916,5.339988911892879,1.4437135441935047,2.925454957864794,2.833658026245944,4.100866877496499,1.0273439854636233
