,ID,Antigen_Processing_and_Presentation_Li_et_al,Antimicrobials_Li_et_al,Base_excision_repair,CD8_c1_Tex,CD_8_T_effector,CellCycle_Reg,Cell_cycle,Co_inhibition_T_cell_Rooney_et_al,Cytokines_Li_et_al,DDR,DNA_replication,EMT1,EMT2,EMT3,HLA_signature_gene,Homologous_recombination,Immune_Checkpoint,Mismatch_Repair,Nucleotide_excision_repair,Pan_F_TBRs,Purine_Metabolism,Pyrimidine_Metabolism,TCR_signaling_Pathway_Li_et_al,TIP_Killing_of_cancer_cells_2,TIP_Priming_and_activation_1,TIP_Priming_and_activation_2,TIP_Recognition_of_cancer_cells_by_T_cells_1,TMEscoreA_CIR,TMEscoreA_plus,TMEscoreB_CIR,TMEscore_CIR
0,SAM00b9e5c52da9,0.38547004937509644,0.3287860059197457,0.3088232547458202,-0.01304380929854777,0.01903890995311772,0.43713802685076625,0.4184790784348846,0.08717317678207044,0.27446716532075943,0.44951210613381987,0.3409725300163025,0.3821016493830027,0.3968756549729648,0.3177425068567165,0.03946706800673309,0.31883180493224245,0.05224323265934091,0.39104569460713645,0.3683261604550424,0.44054354081889835,0.2987619237652568,0.3348635214996362,0.09612733883368037,0.2236083710686983,0.05224323265934091,0.05224323265934091,0.3416683269262421,0.2335913412615424,0.2001405418062476,0.2733874749477052,-0.039796133686162805
1,SAM0257bbbbd388,0.3762837614185204,0.3376964890901866,0.34920316527644324,-0.07234631144466022,0.016016702052013526,0.43119523316516684,0.44857458907106496,-0.019031879947989765,0.16617392241060935,0.47206257319557277,0.4298394184442714,0.3958812765506579,0.19501960934152854,0.28321832675710407,-0.047874651467458514,0.3661799754236378,-0.049501552486400154,0.4401690057017833,0.38150135325123563,0.37659122380582677,0.31776507348067173,0.35688549476423204,0.07283106802903964,0.15141974966248287,-0.049501552486400154,-0.049501552486400154,0.30314011654569006,0.25252820985566415,0.20820234445129282,0.25922775123385144,-0.00669954137818729
2,SAM025b45c27e05,0.35770193236174125,0.3180054475329987,0.3069695436336371,-0.09219440934274334,-0.1055202223044536,0.4297153119999996,0.4231611798786181,0.021344023722834532,0.3121088871665789,0.45056689273162803,0.34816135886138877,0.4019429522588488,0.4527820742246871,0.395233440466947,-0.1298509953128742,0.32497841147409573,-0.01756584127630601,0.38187993928446445,0.3817903275959713,0.5380616198323102,0.30781173066649936,0.337335839944108,0.04628025112983129,0.2173645287618824,-0.01756584127630601,-0.01756584127630601,0.29883802842141827,0.18474818202263388,0.12474134590153733,0.4157943485676254,-0.23104616654499155
3,SAM032c642382a7,0.46855094853581775,0.3980057401894209,0.3359052610631649,0.1621333035943137,0.24937031388780276,0.4568817341481466,0.46496354619876196,0.2247564762759466,0.28556469815155355,0.4539596238170135,0.44729758269343695,0.39624439376165427,0.21732817005448624,0.27169841778249715,0.1535524506156583,0.37325967504651536,0.20462936407730678,0.4448737004252019,0.3850213687306064,0.3487866907322702,0.35984757687017027,0.38898095406799643,0.22595869444620398,0.3109741491004782,0.20462936407730678,0.20462936407730678,0.43094885057706783,0.3782257183434427,0.38576420366794617,0.12045740946187729,0.25776830888156543
4,SAM04c589eb3fb3,0.4518280178395461,0.4223587175479111,0.3322098123185136,0.04349661783364557,0.16051086539131,0.44072507077968986,0.4349611248499299,0.07029402525313307,0.2963666968776156,0.4414846290566781,0.3879707706212268,0.4304708250343274,0.32217435466828825,0.3445524570161897,0.07657236558441975,0.3521579564666145,0.057407107079224216,0.3986745840299781,0.38747793164933103,0.45944255840880405,0.36654099932830453,0.3746803197061848,0.15965540643854856,0.2703201828346736,0.057407107079224216,0.057407107079224216,0.36056047891372667,0.35006305367649015,0.3065140542142675,0.33587382245049496,0.014189231225995191
5,SAM0571f17f4045,0.49263035663904464,0.4183143615777035,0.3415287581601968,0.18225851507413646,0.29690019880795787,0.4013767367617994,0.43390076492942853,0.21593054052062052,0.25772652946722213,0.4708370405145795,0.40467869238270654,0.3629025064893073,0.14416429231301583,0.2603322640888702,0.20110664387797558,0.35966627297411197,0.20213847315167421,0.4228260669583136,0.37902951345511604,0.33283382589558064,0.3388544215230266,0.361514339162008,0.2866966421893677,0.336154680077111,0.20213847315167421,0.20213847315167421,0.41751822274176803,0.42789909059022335,0.40992752223547657,0.09318743494667972,0.33471165564354366
6,SAM065890737112,0.43717255468265853,0.37165134073066247,0.3176490455813583,0.0392643839513256,0.1460741672670354,0.4823235972615164,0.43967951730233334,0.07422029391061047,0.2114239160770308,0.466299270350196,0.3845742822659067,0.3225376583448147,0.12751667753690193,0.15488145269736076,0.05960187373846688,0.36555724657899497,0.03331877478866631,0.4097863392829568,0.3748276142414218,0.30186236396766286,0.3191428101159342,0.34923168201323934,0.1454139224038219,0.19851834434835652,0.03331877478866631,0.03331877478866631,0.3496954276778882,0.3631675488605249,0.32020993027553346,0.12296494794198244,0.24020260091854245
7,SAM0684af734db1,0.3242119118029535,0.3577181797400046,0.346272973651701,-0.20067853385658332,-0.09433686491022682,0.47492278855844205,0.4493827126304395,-0.0713052088784967,0.26336875142395993,0.473458432948087,0.40683226757338103,0.3670902306626407,0.18602852674109355,0.26216238295197253,-0.1608045423532141,0.36961781853715975,-0.10795770054573771,0.4370769746592465,0.4058727033977557,0.3881970133091094,0.35201587465644235,0.3758020915682983,0.007335576457748624,0.2011092828737291,-0.10795770054573771,-0.10795770054573771,0.2884262235532304,0.17531063829800184,0.1351124672745606,0.1989997904339419,-0.023689152135940056
8,SAM075e037d95bc,0.33483890016765644,0.3331597419253294,0.3266906267869379,-0.21448562510180716,-0.06251349289041896,0.49650146638703496,0.42363520597383625,-0.16731113650197105,0.2045539834624203,0.4630698597098292,0.35338991379968737,0.34933294012020694,0.11506972223757636,0.14276180552934123,-0.19478160771761702,0.34048895484780145,-0.19788789207256907,0.38868546647883473,0.3901062161803817,0.363677007578446,0.31979122378257074,0.3493159270757889,-0.01883762134020932,0.14804244687637066,-0.19788789207256907,-0.19788789207256907,0.28925339103131376,0.13582816039613724,0.1373427043817005,0.17829367071932858,-0.04246551032319135
9,SAM07a93a28f801,0.40959705156489784,0.34356753805481866,0.3441005809621184,-0.13697802430397601,-0.06348916280224953,0.4082423571336251,0.43047476735744333,-0.01036274286382943,0.2430234013512413,0.4686250719579862,0.4114486173710714,0.42156493158777325,0.2936844581000588,0.3470626876060399,-0.09344398066255755,0.3888654801486387,-0.0652527438783458,0.42719283578948586,0.383898131154646,0.44067527457216615,0.34262314421775814,0.367039603354944,0.05332095762268091,0.17005067554753533,-0.0652527438783458,-0.0652527438783458,0.27983852945793425,0.24968361081839402,0.18573732689827926,0.32801394370427195,-0.07833033288587793
10,SAM08cce2fa88f2,0.31316755951296765,0.3106939130001076,0.3170008149137776,-0.20435450121942914,-0.23272441705725563,0.4676547510931326,0.42441614841604125,-0.10912425172658331,0.18667066683638897,0.4642043465758977,0.3444923513612392,0.3563168012386183,0.23264163108386554,0.2094952994174979,-0.19159946964128005,0.34803543347077764,-0.12926402817375215,0.3933405219716467,0.38982631711445487,0.4328691431312025,0.311826903696902,0.3519176890731846,0.025724996003651048,0.19723168741295963,-0.12926402817375215,-0.12926402817375215,0.2626464298915972,0.0017712029955052589,-0.021166662608650556,0.35752585044553614,-0.3557546474500309
11,SAM09c84ec0cf34,0.33986242572697173,0.28847197568599403,0.330596401209973,-0.34624998624313585,-0.41467501980088894,0.4258548325762503,0.42357880577896434,-0.17256732888594886,0.2787043034822425,0.45639259614619154,0.3798340969313504,0.4199983071416792,0.4164988380781393,0.28827311182120424,-0.29879829057975615,0.3483390619189234,-0.17033310253490258,0.41690545704242354,0.4084355860976072,0.49555086195449594,0.3341671509050152,0.3643575500089829,-0.13565143675986144,0.21627946234058648,-0.17033310253490258,-0.17033310253490258,0.2947756835357764,0.02984315158423447,-0.031358055001082484,0.317567014244554,-0.2877238626603196
12,SAM0a0f2bac4b20,0.3692620584464576,0.3725626430468371,0.30901066378212877,-0.012316248447807326,0.11448644170282897,0.4188264229412559,0.44626208529278194,0.07647002290050943,0.3254873786235884,0.4564769324849827,0.3891867438290061,0.3822739817398499,0.3606426631794467,0.37576677534204983,0.05149450170315197,0.34829153741010666,0.05250514168399279,0.4199767896487492,0.3810902436081987,0.47781948385144524,0.3169932213002316,0.3692016642537376,0.10608615422044271,0.23645376402033055,0.05250514168399279,0.05250514168399279,0.34319102072274904,0.31665918027240186,0.2784440636695513,0.2780080896290036,0.03865109064339828
13,SAM0a7c2091dd56,0.39541528471017723,0.3577419786831134,0.3268679640468594,-0.012407634121996719,0.09676136418671154,0.43183201177631764,0.4431341296494917,0.0950815781289787,0.35039190803141845,0.44684740571605264,0.37770991862388964,0.3240511273060776,0.44745076686374075,0.399451591860405,0.05354933495655964,0.33028601923920786,0.07358647179408938,0.3869820686585318,0.38026325187182997,0.4797081771978565,0.32784584362684743,0.36899264512948776,0.08838052886033944,0.2543508939190823,0.07358647179408938,0.07358647179408938,0.3558757327881392,0.31371250447121674,0.291036422813191,0.31107314893540816,0.002639355535808574
14,SAM0bdb3428bd13,0.388768410967976,0.3434952577854788,0.3423775576780974,-0.0799277141893265,-0.03445808730168854,0.4343270385373945,0.41229555821444336,-0.01553623937806856,0.3298948160697194,0.45842577527813744,0.351842137426032,0.472012898144287,0.4414123124989621,0.3862534300643302,-0.08303923287757382,0.32903922595382495,-0.025566153055669328,0.38204867309274904,0.3815939106276926,0.513470835002749,0.34936736687984704,0.37210918192517134,0.06769172761519612,0.24405830716723462,-0.025566153055669328,-0.025566153055669328,0.30410835074351367,0.2150831812958117,0.14662881158095364,0.2994524933342327,-0.08436931203842099
15,SAM0ce9c983b20f,0.40274338913120966,0.35958287439058156,0.32089764735233167,0.09759724859183008,0.0959577247477657,0.41087728087035846,0.4349496907252775,0.1678281057378146,0.31638503636312704,0.4445184984008374,0.37744815354497735,0.3709530708354596,0.37512704785993384,0.4058237224268604,0.09564698911162978,0.33798534134873803,0.12703772576988423,0.39671689571480034,0.36920530179469496,0.4981496488698129,0.3266121109786438,0.36024342077944316,0.18060734216747157,0.2859430512556495,0.12703772576988423,0.12703772576988423,0.36981493869780324,0.3077219827790776,0.25588635483466576,0.3910768875495943,-0.08335490477051671
16,SAM0d855cff64e6,0.3856867854468436,0.295390886993397,0.33326431595481365,-0.13783976352192062,-0.033838059974189136,0.4626127890135513,0.4553166673856524,-0.07169991945228812,0.18648412274532628,0.4811250410109264,0.4042593513370925,0.3485827068011441,0.16466194971131842,0.22137997329290107,-0.10048668734370106,0.3673028098335053,-0.10433511915747727,0.4363973710618119,0.413148002361166,0.351432663569112,0.34085773839279626,0.37246911574716784,0.018041022449668907,0.14878030562982472,-0.10433511915747727,-0.10433511915747727,0.3163653388833541,0.20025314297200023,0.19489998301561082,0.25133453014902085,-0.051081387177020626
17,SAM0f956e757453,0.4080472969798217,0.3644581333314445,0.3085860829392853,-0.02180041694577408,0.00920663872384904,0.43682995899190635,0.423130827377976,0.037403746710714496,0.3087775809890253,0.4471116045252737,0.35521576378767195,0.5037344028259727,0.4019133573257816,0.405126363081118,-0.021002767735823484,0.3238959897292158,0.019670269459607873,0.3747908912997073,0.37305335116180743,0.5046275169475867,0.3063524858691412,0.31450403989159814,0.1139434599280524,0.2383921563665645,0.019670269459607873,0.019670269459607873,0.3411966762521546,0.2559869483950515,0.19722276859990456,0.3687462942391658,-0.11275934584411429
18,SAM110501d0eedb,0.38462298252411325,0.3478257046435685,0.3478175742874047,-0.02560533060708871,0.047247278194014725,0.45262367419935373,0.43359948886098465,0.05065659471751989,0.18551024009400277,0.46309343023860056,0.40621589119902346,0.42078750619950966,0.22416542680284807,0.2729858462336602,0.010629140006194535,0.35347609357218934,0.023695214829353346,0.41915670135517086,0.3963188460770326,0.40163265967463724,0.34418771350610716,0.3704897457803383,0.09957677977980287,0.16642399161982738,0.023695214829353346,0.023695214829353346,0.315471433959337,0.2752504551329918,0.23864763990740573,0.3215589255242861,-0.04630847039129432
19,SAM12502d970c10,0.3702607800659551,0.3424231880092631,0.3099601469912384,-0.07266651438480277,-0.034460835461277345,0.45953429032873033,0.43428057845910434,0.003275680804709455,0.27674023006349524,0.4507679406958291,0.36215260736332777,0.4077553075795056,0.27730361499696177,0.36128102785753735,-0.05971971328682265,0.34649372093017067,-0.03215266622564083,0.3933773370243714,0.37142057249973237,0.4891604363965119,0.3199575915708628,0.34662070363437586,0.07134036950498221,0.19498176015562232,-0.03215266622564083,-0.03215266622564083,0.3187652850675911,0.16341917819580076,0.16469185167907005,0.3931010744475661,-0.22968189625176533
20,SAM14938611a2d3,0.4224441685536222,0.3778973003575675,0.3321072823247946,-0.016187974386604676,0.08163328662824544,0.4478894403405676,0.4334938928668508,0.05007690093677171,0.265108855083581,0.46195391029721705,0.40897971048159665,0.4289460173197302,0.2059999469909087,0.34027027745489,0.050250169295941144,0.3519639363303698,0.01869719001799756,0.4159481900396454,0.38000814155705703,0.4173669935172293,0.3246989438411493,0.36337112604770117,0.10200655381486234,0.19634577703379408,0.01869719001799756,0.01869719001799756,0.34380760092302676,0.3361483628228887,0.2887417799569377,0.3188191093885097,0.017329253434378966
21,SAM14df63a65411,0.3733655351915637,0.3505009926961866,0.3346334995014234,-0.08672288610685608,-0.0163697333744502,0.43324047560961026,0.4447186840299954,0.02287002380367704,0.23669980759064085,0.46387627342334703,0.37451155995872104,0.35983561360419347,0.2630708137274475,0.3220569621849442,-0.07157335457623913,0.3468024342941951,-0.019985592446105264,0.4027648061449065,0.3882574894947532,0.40862197477657514,0.3173371407501172,0.34373297324798785,0.04647987623287507,0.2162867302773781,-0.019985592446105264,-0.019985592446105264,0.3134048022796271,0.24302103909091458,0.20048778994158908,0.35066270886152867,-0.1076416697706141
22,SAM166a419a4e5a,0.4047509473137692,0.374561138629265,0.2961232514336184,0.0467889434336361,0.13799307339756864,0.4410845482509558,0.40494079199665356,0.10623735517513269,0.33341876655742425,0.44212990338852287,0.3285944402753877,0.3993051060966296,0.49332221405790666,0.49388241011416467,0.07917313006024197,0.3092608035008078,0.07969943593704674,0.38130126529648894,0.3784313187013429,0.5456703073180256,0.29446783999964393,0.3309873356710862,0.1684428236241524,0.2632619958336219,0.07969943593704674,0.07969943593704674,0.36037414622665404,0.30403607090064744,0.2603955356491448,0.49077781633607,-0.18674174543542255
23,SAM17c45bf16bb6,0.30737427697685105,0.3130228580276511,0.33425140621370697,-0.10804546959785949,-0.10406435447165881,0.44607933618948303,0.42272840650611443,-0.014266832655297764,0.14159662202281093,0.47746445880047356,0.3897493685997954,0.3136288361319854,0.14628260834707416,0.18183147332800628,-0.17447772987760568,0.372283855643683,-0.09780790155935942,0.4060076227875475,0.3945746152911179,0.34864587391412316,0.36292557603215003,0.38753273739556565,0.024060643853490486,0.17091440824505783,-0.09780790155935942,-0.09780790155935942,0.25617153375005053,0.10559415214992414,0.11747005926655896,0.24749219083631957,-0.14189803868639544
24,SAM18039827e1b9,0.3366579638203792,0.3329155698000629,0.3410982834486956,-0.15743595610186684,-0.04959937545551763,0.48227455212313886,0.4510295580463464,-0.1512602403650543,0.20067113769616834,0.4623502500334815,0.38956822628962706,0.41372375909807424,0.17823641594710055,0.27658945890442077,-0.09198792080951952,0.35273300094801424,-0.19175918469922457,0.4088834441938667,0.3809720209205809,0.37690707599916556,0.33923232857055013,0.358188716320609,-0.021224129629297303,0.1560653578860924,-0.19175918469922457,-0.19175918469922457,0.24600482067982193,0.16508192675694144,0.12714814896259388,0.22216001811820005,-0.057078091361258604
25,SAM181b638b8248,0.45139506968678494,0.4068247304137128,0.2981855590542006,0.12100055090533467,0.21031339583539715,0.4481353529255089,0.42362485922268533,0.2164607559171302,0.3988810038359751,0.4421523921102433,0.34610880940088207,0.3879320405204218,0.4198714923927094,0.4260857088030887,0.1753778162290384,0.30896058833860984,0.20591198225651328,0.388334592494488,0.38032213753068833,0.48499435143901864,0.3200283710632946,0.34119768795604394,0.2308405706030531,0.3350499246459523,0.20591198225651328,0.20591198225651328,0.43513558123644835,0.38065018853939814,0.3445814930439052,0.2749699395346965,0.10568024900470163
26,SAM187e056d6a2a,0.39878068002932004,0.34357851482663965,0.33819198112415805,-0.07493458370074674,-0.1023311402492823,0.4154331803002348,0.42266988983498227,-0.03842196410222357,0.29229247085560256,0.4553439300694607,0.3943516013543424,0.41004569229723464,0.36681198284363464,0.3962358099086635,-0.06999132601730122,0.34760229884187127,-0.0583718257155475,0.4094281460102972,0.395160385812722,0.5002021269160114,0.36509137143280906,0.37126801138050525,0.04965436227184205,0.21618407129285855,-0.0583718257155475,-0.0583718257155475,0.315132860613663,0.1538290879012066,0.1322087388540584,0.3290867630657892,-0.1752576751645826
27,SAM18a4dabbc557,0.42943457152365483,0.41697428419522836,0.3346821939507132,0.05908248894922361,0.17558055181688256,0.4087181232798017,0.4486866154020574,0.1100361015739426,0.31897307438393363,0.4658270831343561,0.41392249464849057,0.40394441128553593,0.11533981686348325,0.19917189123755125,0.04718864855193201,0.3693050861925802,0.0849194413846432,0.42958215906274105,0.3903053993526916,0.3768360677525321,0.3471928808308531,0.3791671539843053,0.15985187354120323,0.3192321054981869,0.0849194413846432,0.0849194413846432,0.35449147943610804,0.3691823911137563,0.32701098687163166,0.20489828310268088,0.1642841080110754
28,SAM18b9351e265a,0.46569687562977896,0.3953568719592397,0.3382234896374435,0.14766985462528134,0.2294030089112826,0.40488432196149415,0.444881144565952,0.18409803957369186,0.3612383279743941,0.4510727718453044,0.42233039715748966,0.41601167614820955,0.32055385858368657,0.44642351738259284,0.17718383897654058,0.35460903740089106,0.16077286130508395,0.4231812487376264,0.3780667543453145,0.4752939195372249,0.3496929239144676,0.3816291548676641,0.2220140622188287,0.3017792923761667,0.16077286130508395,0.16077286130508395,0.3967416140896239,0.4096169372727139,0.37029553179768154,0.38970240759931873,0.019914529673395187
29,SAM18bc1078bc15,0.37993084112111253,0.34218545754518087,0.3567169467921357,0.0105337562212881,0.09706958146555165,0.43150170493866263,0.44132878195866243,0.06439017906451569,0.19248004118447298,0.4680888785999775,0.43010685223870704,0.40358908686223977,0.18544685256943072,0.3174976878596497,0.03598269184010159,0.38967809869230496,0.04675233259075973,0.4345483019819927,0.3782372539154475,0.36116641656950693,0.3416271267720287,0.36830735579342366,0.13515565962881268,0.21608491742056235,0.04675233259075973,0.04675233259075973,0.35332352442561676,0.29450357654904297,0.2745352801866042,0.1586758013203668,0.13582777522867617
30,SAM18be5b395318,0.3674515615921131,0.3496885960462976,0.3198379433952829,-0.050777995588159576,0.07383587872043086,0.4035944191606267,0.4421847893491068,0.04357295142169728,0.2341036985079454,0.47413906451181054,0.40731559675752693,0.3492715748635736,0.18990657989528564,0.2416389474957916,-0.02850252627394403,0.3759492957525095,-0.0008819303641464072,0.434586972906161,0.3966188684926355,0.38984362784801435,0.30799687094536415,0.35785519571322855,0.08778930215297262,0.17303038876559726,-0.0008819303641464072,-0.0008819303641464072,0.3127961148270101,0.3209474536366138,0.28112450530568706,0.2325006274794738,0.08844682615714
31,SAM19fec8f3b3bd,0.41018880251897644,0.30515112338933165,0.30915938177614777,-0.04783652194045081,-0.03327590781566071,0.3787455824679934,0.4225817839474734,0.0704990099107801,0.2825438385535486,0.4575471939548105,0.35975747838683925,0.31872073514412047,0.4185673636471093,0.3850762971113397,-0.026424239415475812,0.34269228146221026,0.04941953849544441,0.40107687661499936,0.3917194663491939,0.4799226678488779,0.3351660062086195,0.34534763603043106,0.10632570458804098,0.27438119833019664,0.04941953849544441,0.04941953849544441,0.35040768016306023,0.2426322916266143,0.1879507451863026,0.3237317153281762,-0.0810994237015619
32,SAM1a87df750b9d,0.43893229263470823,0.3650764433645799,0.3094872604896426,0.036954658199944236,0.12668164049709493,0.36516671777419724,0.45533508677907836,0.08620991356218874,0.29500730400308,0.4497619499143422,0.4089316697161055,0.34528590391127595,0.2988894597382039,0.37873112672302445,0.06800992857887468,0.35100658864078443,0.06079982857910875,0.4200406383336822,0.3716584453829047,0.3963501835946796,0.3413240375543224,0.37526607711261084,0.14855081556536448,0.2658936499266724,0.06079982857910875,0.06079982857910875,0.31265769361256285,0.36141397949002135,0.3160957637179306,0.2705188197522005,0.09089515973782086
33,SAM1ab1b28d9f2b,0.3929562391365436,0.26196584135525813,0.2958490017901449,-0.13723052701217486,-0.08674309888324987,0.43361024755186894,0.4482340095403254,-0.08219215143120012,0.18188088383964232,0.45784952814081425,0.39826037676773546,0.3502594859129487,0.2512598167840191,0.32022205963071093,-0.092211454783168,0.3635416274927066,-0.1056348913464274,0.41327644796685514,0.37817578404134855,0.4510018617161633,0.31932238719006734,0.369174888012152,0.05291912889822848,0.09220077798489344,-0.1056348913464274,-0.1056348913464274,0.30374388823085213,0.17402928464605527,0.1632187560087664,0.3677955270423732,-0.19376624239631796
34,SAM1abf01dd4544,0.43477523730486367,0.34774354674600727,0.3213186762231666,0.02757007122112214,0.09034365023441979,0.3897889455937603,0.4305151871259097,0.08681915844064571,0.2537009044753465,0.4550309407626709,0.39285173055079153,0.42806069982108613,0.2820299583982703,0.42111086387404195,0.06252169407158034,0.3474240678989114,0.05304552681383687,0.41632135064440273,0.3839917180769138,0.46245146479692784,0.32788923663086955,0.3526649992873475,0.15463762226809166,0.20277627948646873,0.05304552681383687,0.05304552681383687,0.3265255172052834,0.2584389434157192,0.25868804571202636,0.3643645294859527,-0.1059255860702335
35,SAM1ac4e3dee297,0.3417851905501872,0.2995631699249166,0.339956468984473,-0.2694802746239371,-0.2553455610603962,0.47075489650160807,0.43586470412906736,-0.17718437478900717,0.19380880201516312,0.468228947100435,0.3618975301564949,0.3183742749647887,0.15158969814243856,0.16461979645310817,-0.19955431330976964,0.33991882229128956,-0.2071645577717937,0.3965257748333161,0.39210113521136175,0.3954919540399943,0.3268052040895302,0.35391861253812545,0.002451456324540969,0.15676941554233262,-0.2071645577717937,-0.2071645577717937,0.25600265727262006,0.04113753426520205,0.00811552456591842,0.3084493673937898,-0.26731183312858775
36,SAM1bcc62d8290c,0.3906493877690227,0.28032778475155673,0.3498104334847962,-0.14744617293039128,-0.0761050684613972,0.42684044466171384,0.4604220803376974,-0.026037982793949997,0.10259056677023728,0.4779542152427649,0.45099653346452095,0.306497953665901,0.17423541919843208,0.15716135298996037,-0.1099189261852081,0.3673786151539658,-0.07582559910136023,0.4481779263510706,0.38461798823402427,0.2880915858230176,0.34295833519885754,0.3720225290103275,0.015394845465551381,0.15810973321340213,-0.07582559910136023,-0.07582559910136023,0.2790997328459631,0.214604486160502,0.18803344577280293,0.16758960336495274,0.04701488279554927
37,SAM1c0ecfb3eb63,0.415277649165299,0.4167883350814853,0.3151094214054943,0.09277889905190645,0.1866594936512091,0.4111187963186102,0.43688613233965073,0.16479854675837902,0.37718665871807994,0.440244543435385,0.3787387998438265,0.3818506686684926,0.42720143527407506,0.42706583338763415,0.12121213723985165,0.33943011331157735,0.14350528907428597,0.39709452604713374,0.3701766757106565,0.5330013328673314,0.3355418963246452,0.3735622400453408,0.17123644913763292,0.2920806270909393,0.14350528907428597,0.14350528907428597,0.39001821208663057,0.3912566798245363,0.3602911992373236,0.4823841594112886,-0.09112747958675227
38,SAM1c8b086175ca,0.37133857866235864,0.3363069584796657,0.3196296674640229,-0.027034979564372792,0.02119631883823239,0.4522323120300297,0.4215757280882578,0.05731431778763103,0.32605516830594206,0.4443039456697728,0.3627222332940345,0.4393775640924453,0.4677224880054171,0.4687005746064104,0.0070415329851844476,0.3373038568069971,0.014779544732949571,0.3912415990671225,0.3826403134009234,0.5624615213659889,0.329155086758856,0.36232565720385007,0.09016316789067533,0.24310540028872663,0.014779544732949571,0.014779544732949571,0.3282187593323563,0.21111587573260837,0.17323912641789477,0.4553473226907626,-0.24423144695815424
39,SAM1dda30f1c5be,0.3715631645616741,0.38405693736986807,0.30237831766527823,-0.026336428790887063,0.05727622776572698,0.43436508882221603,0.42163956454365076,0.072806831956988,0.3652585792879535,0.4462107537897328,0.34839346079038935,0.4081285466591515,0.47820708993721134,0.39498500453454677,0.010350542953015428,0.3311867887841921,0.043508235949388276,0.38860667332689564,0.37450261050027606,0.5282517337500983,0.29931594544431217,0.3320748396571478,0.0776696815410833,0.23003614417386226,0.043508235949388276,0.043508235949388276,0.340743184354231,0.27439620024568573,0.25382046904005695,0.406094657192335,-0.13169845694664928
40,SAM1e9c4d1d39ae,0.4008688865582506,0.3302788250855922,0.3384826521158143,-0.05431880118107422,0.04915764221888571,0.4645013752139865,0.44632811193660465,0.004984540527334492,0.19300605352048347,0.46497188053084904,0.3982086705730583,0.4132899214371529,0.20076759977391362,0.2543968593730097,-0.04449600628785793,0.3565044621782856,-0.03592668736675623,0.40589070644855196,0.3706641810442822,0.3353701387332428,0.3280337484516094,0.3652354464220091,0.06793907163436516,0.15371918950412838,-0.03592668736675623,-0.03592668736675623,0.2864916492139648,0.2898433817047197,0.26294591938025974,0.11569952633003036,0.17414385537468932
41,SAM1f3c93814cb9,0.4217572519826807,0.35883808884123386,0.358242320520507,0.009266118315174415,0.05023674034350991,0.41732023237777705,0.4323337008752601,0.06823464982725237,0.2360519299876769,0.45608919503053114,0.4304932900324687,0.48523405852450147,0.3633344482115226,0.4046135799339498,0.05307016359864241,0.3605187375553026,0.04275815998992303,0.4296221865666179,0.38388549248849263,0.4780223903792398,0.3539911063752852,0.37534738427840164,0.10858123676081892,0.24451912927312047,0.04275815998992303,0.04275815998992303,0.3256693504962601,0.27168613053783225,0.22158106399345628,0.3733507728890308,-0.10166464235119854
42,SAM1f66db567eb5,0.4519438905914576,0.37996392943809165,0.328549893518545,0.09712683522582342,0.16830080395466301,0.39540678548216396,0.4395737687966586,0.14804938874434334,0.33199227986113256,0.4438009498735188,0.42483757640197395,0.35360108131133305,0.41296866317900083,0.4214100298628721,0.12376916294447166,0.3539769072599459,0.14141488930304652,0.4277158843140561,0.3906346565509038,0.4950904053541788,0.34825809378477224,0.36331113890975375,0.20161890854930495,0.29811995830623644,0.14141488930304652,0.14141488930304652,0.37906843700887477,0.37984781718017196,0.34729422833655005,0.37648320159739523,0.003364615582776731
43,SAM1f83ebd6be9b,0.418217072975727,0.3253524660310749,0.3365085157145,-0.17492645117457226,-0.09021855088771874,0.4646065608593006,0.44143025903433036,-0.09632973515118753,0.18949666141929128,0.47196349707813995,0.4066947562692704,0.322450777487847,0.20048481357277778,0.2569541666566161,-0.13224699391927888,0.34595239143130413,-0.13038204388763025,0.4259022900516455,0.39656713479695294,0.39005104896488807,0.3446947260387428,0.37805142419000903,0.04051097563900202,0.09505083186000537,-0.13038204388763025,-0.13038204388763025,0.30568378324353146,0.1707991899165333,0.14678404565015624,0.3316889199054088,-0.16088972998887546
44,SAM1fa6bcb7fc48,0.41173775711801286,0.387431800555824,0.3323693357449628,0.019945329678774385,0.1125040389945174,0.43273318358189694,0.4253981410056246,0.06763873731661209,0.2684773037815964,0.460771717787389,0.3758477632155431,0.3771748224723092,0.21209357910835927,0.27472285723128775,0.020589803684276747,0.34827593280569447,0.0400196966508323,0.40148827583917934,0.3790227121956462,0.40898385371031376,0.32401720442506265,0.3516293296374419,0.1300758132309345,0.2301919966213373,0.0400196966508323,0.0400196966508323,0.3387649223580039,0.33891507412644317,0.3024949128214713,0.29048570375321076,0.04842937037323242
45,SAM203dcf14f927,0.49784913277704057,0.4617470579355726,0.3321997891795948,0.16177969751472296,0.31673058593994236,0.40687611940146207,0.44179593471593315,0.15496711012298173,0.31117236857448055,0.4558964025357001,0.4080607345006128,0.40703317432193253,0.27764159978556907,0.3266739307347091,0.16762786249767708,0.3549203566338542,0.13933612679318214,0.4252252274295603,0.3709937498257225,0.40384956610856926,0.32522748561800974,0.36299949763852307,0.26155472632491633,0.29908732064012167,0.13933612679318214,0.13933612679318214,0.3508040264308266,0.4735093855412148,0.44664101493153735,0.25426592240447804,0.21924346313673676
46,SAM2070b416069c,0.3995046120447641,0.36764124448841534,0.33725353926214835,-0.0261818494821828,0.004021182903351729,0.4298742314809148,0.41111372583394257,0.03066555159117864,0.2261732253570129,0.45951720023791215,0.368562703537456,0.3584288237324957,0.24212266842643698,0.3204540442527445,-0.013040626769651818,0.333329423782501,0.00394169376160972,0.40035478143383135,0.3844655033023175,0.4047642372459097,0.3358621940236528,0.3574912780051198,0.1165361636155421,0.20893830106758526,0.00394169376160972,0.00394169376160972,0.3372764490417575,0.25083808284075315,0.20513276242527032,0.3277423074384443,-0.07690422459769114
47,SAM23095936e611,0.29907987504685724,0.3083623631498502,0.3501988292491234,-0.12767305253346165,-0.16127940292948395,0.4585984023334124,0.4533780673488933,-0.03294516328938562,0.19091851194518494,0.47204099821066153,0.4132835520784238,0.3413666808960368,0.24558619223856326,0.29012689219078863,-0.1574801836322874,0.3720230946893033,-0.058453338932085146,0.4281372725397887,0.39005683375116945,0.41598924682488886,0.3509860209987599,0.3796931014825929,0.050047639631689816,0.17072432537744234,-0.058453338932085146,-0.058453338932085146,0.2936239956221938,0.08347984312074468,0.07875320383600562,0.28692225540889277,-0.20344241228814808
48,SAM23aa15d4a0b0,0.3789811013287843,0.3429530608731989,0.32648945499310605,-0.02726080144361597,-0.0769157447100399,0.4105969214188766,0.4364902002668583,0.006057778378137947,0.26505534930534846,0.4566565331761133,0.377839356073945,0.4100644032810359,0.28665230446489065,0.34021110647342445,0.011381385418999508,0.3489300656791011,-0.008269378070646403,0.40362002834566935,0.36772692064070023,0.45303594945535375,0.3358004840847262,0.3653454136865105,0.11348633899477446,0.22709361013339138,-0.008269378070646403,-0.008269378070646403,0.30481255820531494,0.20692969623172586,0.14386250366404532,0.33127364077272153,-0.12434394454099568
49,SAM25510f300d79,0.3333974642445622,0.30917916792801753,0.3515630410243855,-0.21713706150535791,-0.13288547219187466,0.40971631760081945,0.4409556190949735,-0.13828308322013805,0.19536382143620432,0.4617002749837209,0.45102645111864653,0.33863326776979297,0.37781892962901836,0.1918743925805147,-0.24095424611325167,0.35845863810065504,-0.1393822661844091,0.4430506810517944,0.40843198751425874,0.4392332808890401,0.3671645812070632,0.39331057055231644,-0.07476464887942588,0.15908484060612305,-0.1393822661844091,-0.1393822661844091,0.23482047063254216,0.10597505058892312,0.1132033843493331,0.21085198328977106,-0.10487693270084794
50,SAM2570ff4aae6e,0.45281987164357507,0.4197123599826284,0.3109817117821491,0.09484319195935828,0.2220125340734121,0.4512711657359095,0.43167591460555804,0.14279037749086823,0.3703997729772319,0.4411137988333059,0.36001342278487697,0.4316386906071731,0.4036710004344531,0.3496459480092572,0.12756120316916003,0.32301709060102973,0.1083566950703517,0.39229403680703884,0.38102031591056523,0.47834500417199616,0.33737353388564245,0.3583479229281082,0.1859491891694438,0.2745297215675695,0.1083566950703517,0.1083566950703517,0.3742801618892625,0.3784038085116954,0.3520456325164384,0.30330361498372793,0.07510019352796748
51,SAM26104d5adc89,0.3342126905166204,0.3571314080268714,0.314818945156235,-0.08194520612366794,-0.08399585342050017,0.46529900357738707,0.44165883338072487,0.011551051795070967,0.32276651342607016,0.4505116843713996,0.3524546792273141,0.4079899834696572,0.4068025605425895,0.4047127656630147,-0.09841874011287435,0.33724413009719567,-0.012911387363077469,0.38546570442887035,0.38447383795144996,0.5321776661625921,0.3152316245880021,0.3451285606722159,0.08246134515633932,0.2427956104753703,-0.012911387363077469,-0.012911387363077469,0.31834197407467,0.12766716278333257,0.12151422100196332,0.4252658776447592,-0.29759871486142664
52,SAM2624229effe8,0.39889779692609606,0.36481196326898613,0.312758476017159,-0.008822988636277423,0.06464733157264582,0.4193016543898699,0.4020998736219615,0.04273784698523216,0.3372723381173951,0.4451694113242932,0.34347218631452986,0.4115408710528096,0.4571263243233056,0.46912844545701593,-0.022568867316903832,0.32656458598845356,0.02949301520115297,0.3827626021883854,0.3805174689487793,0.5507375445711683,0.32071838712137213,0.34865801873552654,0.1683661411675303,0.23132431117927307,0.02949301520115297,0.02949301520115297,0.3446482178151212,0.27654101599975894,0.23128960609695992,0.4865715705967233,-0.21003055459696435
53,SAM27299aed7681,0.31902207759308665,0.3212871958980934,0.3289127206790873,-0.09006884808702767,-0.0449786785764053,0.4564895608001976,0.4365228200514773,0.015529953164874497,0.1869021240923908,0.46148585272200393,0.40545347789203273,0.3293510229317468,0.16166043436651573,0.1260469038171913,-0.10619743420132062,0.3643090505128209,-0.03158817181254456,0.41558675028151226,0.3815572228847016,0.36537887710054684,0.34644157009075344,0.3569543521320417,0.04204603392039053,0.1614240694320546,-0.03158817181254456,-0.03158817181254456,0.3022615158785119,0.1642441610547613,0.16349647965755515,0.22330814376936714,-0.059063982714605834
54,SAM28687037e4ff,0.4781041193816176,0.4266608981611198,0.3208210853376209,0.18313957758109528,0.3394003371949358,0.4042143217882747,0.4456014564420198,0.19722582896225677,0.4169446931500431,0.44113811830587235,0.38349919756636414,0.38536911366728516,0.3871298934023286,0.37123239557771925,0.18231581935378133,0.3398840007550983,0.1773800608688154,0.39614620673436096,0.36809839755047324,0.4897392901611857,0.3300802151695354,0.35927154016616203,0.24063355701860176,0.3202554284851068,0.1773800608688154,0.1773800608688154,0.3947340061772199,0.4692350358368094,0.4493431844397596,0.35325836883634887,0.11597666700046055
55,SAM28e6031ac18b,0.32782907413530193,0.2956549512286437,0.3295968401582577,-0.339627437368027,-0.23045301820100783,0.4781553516460017,0.4243130613584476,-0.25160207451524086,0.11272143743133976,0.46849944224413387,0.35963036866864045,0.3291614733067737,0.18981651124567714,0.21533619051615566,-0.29762154659217877,0.33847024775411405,-0.28307676699588075,0.3973134368024717,0.3989622898057174,0.35757264638050235,0.319201651159984,0.35425980960084813,-0.09950290876425794,0.12534406308646487,-0.28307676699588075,-0.28307676699588075,0.2632810851000162,0.03687472350671088,-0.005796396561737457,0.25839220135421354,-0.22151747784750264
56,SAM297c0301e861,0.39855183567439006,0.3488526424138422,0.30042817163589297,0.04655094252979984,0.11512708977662865,0.499283613583999,0.441635639218868,0.18810502597151918,0.3829658981394815,0.4467183828313017,0.37225259455525644,0.3684605064816754,0.430398766620797,0.45583745245618007,0.009134960064082633,0.3287663564327038,0.1553786742331533,0.4061674468513633,0.3694200924684451,0.5342508635298522,0.33016583189932075,0.3495330731805158,0.14035449660904672,0.27508040316854154,0.1553786742331533,0.1553786742331533,0.4107385555414175,0.3044992287118819,0.30662112024866617,0.4361659840837799,-0.13166675537189798
57,SAM29da928587ad,0.3729173915966555,0.3580350277744716,0.3415871545484937,-0.016057811996387113,-0.029085973047553452,0.448788342701806,0.4249543308130868,0.05245731621997288,0.299295778203474,0.4497035988594016,0.3758209731545194,0.4016048835160697,0.3334319502926431,0.39721572957695095,0.015085121326870832,0.3509299340543094,0.029161151579582767,0.4008316584334864,0.369408982499939,0.464339976977669,0.34717592578838913,0.3713133036572402,0.12261674413483206,0.25432601336355015,0.029161151579582767,0.029161151579582767,0.3464255428691583,0.20682562101978494,0.1746950705713161,0.3031481910170585,-0.09632256999727354
58,SAM2b672f4336c7,0.41958658338593696,0.37835860350842915,0.30712476939236366,-0.04033221948904359,0.005708836981121216,0.4429656128356695,0.4282235505504672,0.016770716455078417,0.3019807418431853,0.4535111544626751,0.3497422593023476,0.3825534581987404,0.2328588729307768,0.29457127069534567,-0.04476908156370023,0.3402615687859514,-0.0051496966807099654,0.3909039437936368,0.37237143317256954,0.4821301222355692,0.33567561095996334,0.3681709567877573,0.09115471265429516,0.2360412879056618,-0.0051496966807099654,-0.0051496966807099654,0.3198099948715938,0.21302620835010727,0.19967596972144325,0.361618310854351,-0.1485921025042437
59,SAM2bba8cb35e48,0.404814081525445,0.3492363237931912,0.3056464219383105,-0.04090422434691863,0.03804678182870138,0.4625496793865943,0.43367513672613456,0.04985096982054627,0.3219298113824542,0.44990772194702294,0.34618666007234355,0.42117092605349665,0.4190749611183404,0.43798875274344007,-0.050589658860741994,0.32049884168716336,0.0003055571301118361,0.3837463311965695,0.3812368056573367,0.526978443029392,0.3056378298893982,0.340501280552724,0.12924021753239853,0.19647989651382722,0.0003055571301118361,0.0003055571301118361,0.3125326238665394,0.20680232944130822,0.2087245520224412,0.3781680916562625,-0.17136576221495425
60,SAM2c9586161ce6,0.23251974923124955,0.29174250453704165,0.3294957404042746,-0.28503206948488125,-0.191185227960729,0.4470834007675957,0.4462649860364832,-0.17111501614764218,0.13120658998730955,0.46987078316805153,0.39657054133391306,0.30653369851595486,0.11486256209453231,0.1729981364211072,-0.205318901509667,0.3722935686236957,-0.21358947236997664,0.4152707778222019,0.3823426771441596,0.33076062644625187,0.36434931524491065,0.3837079945652566,-0.021140511550136118,0.09957793879087079,-0.21358947236997664,-0.21358947236997664,0.22360753168684455,0.06257383085410419,0.0498101655574102,0.19687532135984626,-0.13430149050574208
61,SAM2dc3f04e45e9,0.4599849814106517,0.4267376671393095,0.3132643147880106,0.08588127601458344,0.24088818108860569,0.3783885857946584,0.4184936643034234,0.15522375108086026,0.33776583597703336,0.46473366898238716,0.42040078894499333,0.38709862287202385,0.2178130350012046,0.36336590195004104,0.059543966647646676,0.3689924619039853,0.1368388110612478,0.42571017886116275,0.36430699687754153,0.37771526722631066,0.3347762564404617,0.3629184494440738,0.1871226283534112,0.2920703884933543,0.1368388110612478,0.1368388110612478,0.384223074613666,0.40531967977150984,0.40548507854086485,0.1848385825673674,0.22048109720414244
62,SAM2dc578e0165f,0.32990655340446,0.32501368957576715,0.3340520077772931,-0.07492014410484527,0.01840144053955271,0.3994836831471406,0.45213380658724023,0.068102684444539,0.24281371662688178,0.459912764585578,0.435509604822475,0.36623264834604763,0.2048480119012162,0.3317721223326113,-0.04328481351037163,0.3926591920589218,0.016332070788279373,0.43818563377567343,0.37790313819778726,0.42816777090876135,0.3186566747968427,0.348830948832838,0.04827515946182772,0.21130592899101516,0.016332070788279373,0.016332070788279373,0.3408561633435623,0.24826121218073713,0.21165455332794791,0.22738059304666552,0.020880619134071604
63,SAM2de7cffb5f72,0.42861129746170523,0.3463181409645247,0.3364751966262623,0.04391182671266793,0.06633278133370066,0.45810547085294495,0.44098168952297573,0.1004618135733073,0.228478848304595,0.4511490372179271,0.4076650106810588,0.38151978213250454,0.2392012197082766,0.2539696779193351,0.07476733221998358,0.32979596411946444,0.06780211025661224,0.4142330623772343,0.37861679056501607,0.42366455939867054,0.3250707179299496,0.3575489783247388,0.13642677508887363,0.18834985308210309,0.06780211025661224,0.06780211025661224,0.3713865253484081,0.31182781243942287,0.26624044444865885,0.2689764879734483,0.04285132446597456
64,SAM2e7aa8fa0ab3,0.37249850033427406,0.40097470175232036,0.3246828625246193,0.01121273265381917,0.12225631921477542,0.4234920255558978,0.4149259343366498,0.0369272109881148,0.29264010561351833,0.44949195385261126,0.36862854334604256,0.44709452812932027,0.3141224851116547,0.2175124637442632,0.03449440480740933,0.3375940825953517,0.029020734192706916,0.3901334771591772,0.3821552083454933,0.46067572266515144,0.3263445544763684,0.3528162836423737,0.14564007406847404,0.23290004673453385,0.029020734192706916,0.029020734192706916,0.35048736170190087,0.28633620796464426,0.2837732389558117,0.30962010114687616,-0.023283893182231896
65,SAM2e9ac0b1b250,0.43084376867299456,0.38561290606243687,0.35933507955396304,0.09616888925738518,0.16741136674407492,0.3700729386117501,0.4337809724969675,0.1710167294125867,0.2687458642583525,0.4739698222268169,0.443240100924654,0.32783520969093216,0.3127997899802153,0.25791827947287654,0.07716210912885606,0.3752149573329474,0.1508577492894621,0.4512675901684159,0.4013340768521637,0.38062473882941994,0.3799161832540128,0.4127131312662411,0.18186982333528445,0.32953925699643527,0.1508577492894621,0.1508577492894621,0.3928461186987862,0.29981999584735725,0.312509741927338,0.1707179907135232,0.12910200513383405
66,SAM2eb07dedf07f,0.48780067565890245,0.42638234836424826,0.2884283901788643,0.1887915664046524,0.31877807061716906,0.47698624051102234,0.41551034175734797,0.21400129859069145,0.3747066494459309,0.4479395810735543,0.3337615672813472,0.3722066784582619,0.397098961011585,0.3727872692738147,0.20716503508317172,0.320083846310124,0.2008827711795393,0.3789468096244182,0.3646617604351056,0.48277055846393524,0.27722858011699186,0.3128198918044256,0.29099689002620976,0.3419121254470004,0.2008827711795393,0.2008827711795393,0.42319233951130686,0.43426010036165574,0.41684088918691387,0.35005294104012347,0.08420715932153228
67,SAM2f228939632f,0.41193543432769464,0.39954415869187243,0.3157466786531793,0.024384128383314184,0.12234136318905704,0.42413838048732655,0.4358372456499894,0.10097060055899161,0.3756947441096059,0.4399094002901958,0.38498337603951577,0.47625633216795665,0.4108706502657678,0.4966566384364873,0.04493731856782134,0.3359789952254811,0.07783001685854653,0.3962677777736126,0.3630202693953353,0.5139677018214821,0.35196528571997704,0.3817373054578764,0.13707090843501965,0.27488593496344815,0.07783001685854653,0.07783001685854653,0.35893036929995903,0.34320622352619534,0.2923299549632324,0.37948935697878083,-0.03628313345258549
68,SAM30b5c6c54cf7,0.4077232475950978,0.3219079412892096,0.3501378431049073,-0.014817879282788703,0.0273116967636739,0.44279357227464705,0.43939205825032895,0.023922836461804712,0.16783679660502188,0.47208289267870734,0.43017085656702597,0.35020108933426924,0.24880158118307338,0.3171153014113843,-0.05023572421447548,0.3842765059000227,0.01596423775392299,0.4464456587019481,0.4004694487501414,0.40021097344861856,0.3958384130893919,0.42058900087325146,0.11867840469055034,0.2252373042417949,0.01596423775392299,0.01596423775392299,0.3351038565905084,0.2754654836896552,0.23638469769918663,0.32549287586956976,-0.05002739217991459
69,SAM30cf07d4874f,0.397960959012768,0.3866972892363883,0.30213489831028634,0.09506641055483805,0.12032931125972844,0.44391441901089235,0.4292284065092619,0.13635604822815595,0.31706678186889165,0.44972037796043957,0.35510431302383316,0.43522642190865446,0.4572162606645882,0.4954591501882555,0.07451325189448328,0.33128665892289216,0.10437842344859716,0.39031685304542774,0.36828282734091167,0.5056895224534689,0.3061329229437151,0.33361378615488,0.1755532989803959,0.25872467357574597,0.10437842344859716,0.10437842344859716,0.34793728606108587,0.3102760519594969,0.2567206689343575,0.4918073706711593,-0.1815313187116624
70,SAM31291c256373,0.387793267392495,0.3443988253744442,0.3283275107179487,0.03440333191220964,0.11444553668318902,0.44474277778587307,0.4437572756204128,0.07681554862038151,0.29025215905352014,0.44873016660273846,0.41458923095788586,0.46393161794056087,0.36108185803501097,0.403711638498331,0.04377416132511672,0.3448793622294247,0.056727884073815744,0.4247969501647624,0.3785327366971488,0.5143113239408179,0.3301507706990914,0.3641547276825061,0.10585681920049948,0.23964029602544523,0.056727884073815744,0.056727884073815744,0.31234473111975763,0.31862243755331854,0.28011603912247157,0.4241820821782334,-0.10555964462491485
71,SAM31d9176e11fb,0.44372517534723577,0.42075074031416393,0.338469018936262,0.11084040348247173,0.24486308970716583,0.3908039960492441,0.45085768057660586,0.11220060439043497,0.33971097188931604,0.4477305731772951,0.41379944338961766,0.3749037572078247,0.2643893095574274,0.30442854359321775,0.09992417145047415,0.3574560979929941,0.09604892006017941,0.39014581715994134,0.38190321324637794,0.4560352624283541,0.3490738100948354,0.38015590827810397,0.17097643408267266,0.29373039733065903,0.09604892006017941,0.09604892006017941,0.383455092990761,0.4158080608829296,0.3834260322489037,0.3063325974525622,0.1094754634303674
72,SAM31f41dd0d6ca,0.3993927976809482,0.36893389355892375,0.3261199578805,0.021095456479752816,0.07543125529999337,0.4408254839179758,0.42296885586172017,0.05402100381850378,0.3178712261384368,0.446784986330073,0.37550103583140565,0.3702545645766811,0.36549978451098686,0.35868579292844177,0.10780221025360452,0.33648078503419204,0.05099818112209225,0.39900071959193945,0.3738590860771519,0.4715656499258602,0.3280563886718516,0.35281479912945446,0.13503103299656188,0.2506146997157695,0.05099818112209225,0.05099818112209225,0.3498857538808017,0.29606310101791156,0.24620934456968105,0.29976844480593406,-0.003705343788022508
73,SAM3330c03fdf00,0.46684087088147497,0.4012080421042158,0.31127626053064045,0.18429114586277268,0.29300966586864713,0.4074074407651915,0.4115412088148706,0.19636059580323514,0.3158985555600857,0.4600730648852786,0.3779007315843689,0.331939877276144,0.20434039381516642,0.36575540344037144,0.19627616615275395,0.344275124847349,0.18948741740636407,0.4110468252141929,0.3873015166500454,0.40366698820994595,0.31833426833540013,0.34563528404456456,0.2457788668187443,0.3171581770543741,0.18948741740636407,0.18948741740636407,0.42432852445568914,0.4275187501462936,0.4038770165841762,0.21042581288096265,0.21709293726533094
74,SAM34430ef08e5b,0.44677500074441556,0.38585182624662295,0.2897337145208141,0.08119594001803619,0.07559171002817891,0.47327500046694154,0.414035200731736,0.12324238727181973,0.3047082555301824,0.44692360328687536,0.3278656673135161,0.40050722920943316,0.3993418352256749,0.4435434152132352,0.07515215464765933,0.3221720069180351,0.09374923838806305,0.3647762632503931,0.34386557144925106,0.47915227285969453,0.2793774196335943,0.31151475164601133,0.24570344730253152,0.2534670926094899,0.09374923838806305,0.09374923838806305,0.365981038978307,0.3037031621271428,0.2659549633223863,0.37734500705512364,-0.07364184492798082
75,SAM36851bc8b9ae,0.3985223859011816,0.3582651141547619,0.3518160585947612,-0.013520798070958451,0.03599787941045513,0.43933330636030843,0.4169557346198312,0.033621409317427936,0.22577909489748668,0.4588177603147067,0.36601833468662975,0.36936983387122446,0.23459191340360938,0.32258962616547865,-0.0009865196541610794,0.3428572207009879,0.0008226054158071254,0.3913817542482406,0.3807384033194443,0.4353489104601776,0.3302021815361049,0.3750346025473983,0.14313894814958467,0.22585095905105995,0.0008226054158071254,0.0008226054158071254,0.3269098610404627,0.1981403074350643,0.19639094724862485,0.3362952408729012,-0.13815493343783689
76,SAM36a9225b0222,0.4706619976966976,0.4078861556093065,0.3017133400444262,0.17934827483901483,0.2976203113528238,0.4375977398426367,0.43213602005530866,0.2707200628560389,0.3981544194555465,0.4432837503084531,0.36182795523628375,0.3586019602198082,0.42342906879346187,0.4218193337084058,0.1398885482596911,0.33551060991017684,0.25190113920699403,0.39911249413242794,0.37976189968469964,0.517312366318732,0.32708342888543135,0.35572526182353387,0.2592988254638295,0.35301770639946983,0.25190113920699403,0.25190113920699403,0.4328954533476921,0.4535760535529726,0.4260961820913934,0.4785519198878646,-0.024975866334892016
77,SAM36d87392593b,0.40532470487670785,0.3687126509330912,0.3256842979397589,0.004335957135802563,0.07260135123425634,0.40334499527193846,0.4579156218870676,0.09046602053984423,0.22980010712826165,0.4478329384290028,0.4144913661283447,0.3738001019349328,0.3586840914860334,0.3627629118598447,0.05333715290382798,0.35881928308433114,0.05898111967876628,0.40348776175235485,0.3654276599086215,0.4456016803941084,0.3240819412518906,0.3562054652994019,0.10022831402926521,0.22711052373780968,0.05898111967876628,0.05898111967876628,0.3560404141246897,0.28267992490621924,0.2525357677559851,0.3338142308964036,-0.05113430599018437
78,SAM3779e979db6b,0.3959514324020261,0.3381221677038602,0.31631200506620083,-0.019192950008105426,0.017951798776104307,0.46782572055808164,0.41407425836353223,0.016374892999404294,0.25566466612957917,0.45098656881920635,0.33446337019739064,0.3789117685346263,0.3695583950345278,0.3876634359829502,-0.033605817330772884,0.31052299657410465,0.01023686832529763,0.37577639820623204,0.37819545217927436,0.49669768696968225,0.2931621667795693,0.326210248490015,0.11678017225307236,0.22043321497251975,0.01023686832529763,0.01023686832529763,0.3506809879115233,0.2042273657526294,0.15161013073294316,0.4206114765196277,-0.21638411076699832
79,SAM3785587846ce,0.3233102851727232,0.30151608021669196,0.32897501914275007,-0.09721830865428394,-0.060633388503479886,0.43767605588157105,0.43207219427951615,-0.060058772715078285,0.16220258233404508,0.47147928831641384,0.3825641732112352,0.3521201057171253,0.18803042605535475,0.2660458156459429,-0.07228820030417721,0.3558960451460756,-0.07484770077039082,0.40384787589578636,0.38739208698505234,0.38297165980096276,0.31357460236893153,0.3538297729879993,0.057740198528470704,0.15407134165201258,-0.07484770077039082,-0.07484770077039082,0.311807963803492,0.16785257434428155,0.1428412492520645,0.21646341632930532,-0.04861084198502377
80,SAM3894ac3956a5,0.36519410906894456,0.3379722389835902,0.33062242343793025,-0.03438830764816351,0.03293128957278867,0.44968449137238803,0.4187711287133601,0.0417172796191572,0.2524302345166556,0.45881012981851743,0.36835881288617606,0.3880195251888847,0.3780593562563536,0.3870450388690016,-0.014399994414891032,0.34411737811370424,0.010342855097981928,0.4002043775322588,0.3852664028121761,0.483130354334507,0.3334894127320743,0.3628198831630545,0.08568292134203923,0.21950948830570968,0.010342855097981928,0.010342855097981928,0.32630057644434507,0.20270354843667956,0.19435962375463067,0.430395202670079,-0.22769165423339946
81,SAM39eb94fa504d,0.41611335933806215,0.36990280825770916,0.32956466705915655,0.03477888208698733,0.13228842741620275,0.448526713996581,0.45062660245805336,0.08576858301469036,0.28185985575232375,0.45206293575744677,0.413274368517738,0.3377075486127424,0.30178181689207323,0.33710890259725085,0.07980824407666935,0.3400842662056697,0.07331746557272624,0.427340031030407,0.38333131493683575,0.44411211870079875,0.33351963365089177,0.37992079532065626,0.13943615226064332,0.27724672671284384,0.07331746557272624,0.07331746557272624,0.34387596747380117,0.3168976871040821,0.27224239306187425,0.33911420015007765,-0.022216513045995534
82,SAM3a1c9632ff7b,0.3745882778677628,0.3187814930458682,0.3283936204181513,-0.20277368585047553,-0.0871073080950976,0.453785240246224,0.43220681208316325,-0.18577962479259624,0.2534841612822918,0.44405399118325956,0.37947003539831897,0.34655462343519167,0.25686967977505937,0.2540231435361047,-0.13918376298873839,0.3465900666633533,-0.19692315175025044,0.3997671014583191,0.3745938228631477,0.4690035388010511,0.3721882971123668,0.3861747314649515,-0.027877323470001103,0.1675277533457543,-0.19692315175025044,-0.19692315175025044,0.25222261771678595,0.17712458315604787,0.14805035402327582,0.28854533168426166,-0.11142074852821379
83,SAM3b1066e5801b,0.4652576665517173,0.3623789773302068,0.3032869918810924,0.09379362533288048,0.14463658382288228,0.41280690252041186,0.41056127598860115,0.17288023551860354,0.280976905269629,0.4508405775986316,0.357977444505953,0.3834995603007677,0.2393704196575597,0.3697044909642253,0.13448084280845862,0.3298839129523635,0.1552203818556537,0.3862582697023436,0.37059774682876717,0.46374179725936104,0.3062616664589999,0.3368237167107292,0.23293703258962006,0.29004838560468954,0.1552203818556537,0.1552203818556537,0.39466780686034997,0.3165263115088235,0.2603920582610766,0.3061331431944239,0.01039316831439957
84,SAM3b15b4c6311d,0.4745170418424445,0.4327822164028192,0.3300726303690036,0.12187064511883033,0.2677421896584163,0.45665840156861864,0.4588403889388895,0.16555714399107213,0.3617059790246155,0.45104159279676664,0.4173715946019633,0.33745805407563173,0.35359967430713335,0.3119011615078919,0.09276664689760118,0.33478637370650377,0.16360016836053265,0.42392726656065227,0.3891555948659675,0.4469889891423834,0.3311252409070305,0.3579223673813584,0.21215949875075144,0.31396465654704947,0.16360016836053265,0.16360016836053265,0.416780556617827,0.4028945321674683,0.42950432347343603,0.2683688608180039,0.13452567134946442
85,SAM3cb94b0d5297,0.39739616683667733,0.3974765709284942,0.3172330300875959,0.02304109815594139,0.11724879661246804,0.4174347380349716,0.42361680009309816,0.09488082754493801,0.29739706142740396,0.4508290560135052,0.36142766868355775,0.42395616493999677,0.3175921273882211,0.27979853942732336,0.09480720798680321,0.332051602523434,0.07499703626016922,0.3921720420248654,0.38194440806179314,0.429532397371446,0.3302677448673508,0.3578799706688235,0.14076432294191682,0.2764115130184809,0.07499703626016922,0.07499703626016922,0.3547348449653764,0.30039845283550815,0.2418985746348193,0.2819497274318265,0.018448725403681643
86,SAM3e04eb914f3d,0.4509927745517166,0.4260816131184976,0.3180195349763775,0.0936797183246923,0.26011659491418776,0.4278177358884767,0.424220998299478,0.1228546169553916,0.37876968466004735,0.4498362091322412,0.3624865871710583,0.3861951686051229,0.3503824689552969,0.37434549171795706,0.18966312028876947,0.332582064633381,0.11100647322002562,0.3946771396929402,0.38382312716590733,0.47307491919946737,0.33769594647071777,0.3611773286465541,0.20458092039944936,0.29518483774593907,0.11100647322002562,0.11100647322002562,0.37995147473634033,0.41301071465694145,0.3763058594302611,0.3134007669683101,0.09960994768863135
87,SAM3e8baff50d7a,0.3461577792124475,0.3032347813457674,0.3520772492822919,-0.1867276709589933,-0.09598062187859525,0.37281961415784026,0.44754240281784036,-0.09486943960215266,0.17585798622320348,0.46686686089272134,0.44393908302084384,0.38872673084276166,0.12698937960729836,0.2909549895041045,-0.11129376872943367,0.3673705413809094,-0.12294788017593274,0.4361883448331631,0.3898835517446273,0.3412342193767548,0.3633973168731137,0.37354484786795616,-0.04344504463846449,0.15038055797993105,-0.12294788017593274,-0.12294788017593274,0.22443272688365354,0.22375594729929096,0.1469386097292033,0.20081510048500603,0.022940846814284932
88,SAM3ee5dcd894f0,0.4060736094688379,0.3661039737296102,0.35721763893968567,-0.031286659594820736,0.016799277542971322,0.4411334818062588,0.43661353929358937,-5.271230072556531e-05,0.2279216788937136,0.45594275726911987,0.4133854373533956,0.4201937667185955,0.38981445692835975,0.30141996802429327,-0.03469193081022987,0.3543861723803713,-0.03781871471736747,0.41895150908626394,0.38786734340191475,0.4834263943604639,0.3879597220307777,0.40445869653589583,0.063520045332473,0.21653382500168514,-0.03781871471736747,-0.03781871471736747,0.30505620702500447,0.2315855686980172,0.19803160420925878,0.345551963357491,-0.11396639465947381
89,SAM3f2033c90438,0.36742281143083766,0.3531659819611887,0.34005437545396916,-0.023818390447684388,0.0713397591059323,0.41689488801119773,0.4343872985182765,0.06097197702919876,0.2781864504548476,0.45679471947736966,0.3989025116410198,0.41359657951410134,0.3297462956131606,0.34686012078971384,0.017736708675270597,0.3472598408190672,0.0352166861978841,0.42477296390500807,0.3871854465834342,0.4339142873208317,0.3543077858087241,0.38392371652305607,0.06813838362976006,0.23600759341855246,0.0352166861978841,0.0352166861978841,0.3159833489363543,0.24854997133670317,0.2574722015590532,0.264039967176368,-0.015489995839664844
90,SAM3f446449bf81,0.43328379756036184,0.3705271493566715,0.32526451457086863,0.05041279276954743,0.1432164196327876,0.40358435386047486,0.4288135995616539,0.10628281741757066,0.26858223470000236,0.45835152495972087,0.40132801823683845,0.3575959110713115,0.2447246889627027,0.37744413643249175,0.050345359222888034,0.35912971367233415,0.08051049412470088,0.4259032701443277,0.3827182378191627,0.4397560346357458,0.3313623090177536,0.359492413425992,0.15350114109645308,0.22475746974495062,0.08051049412470088,0.08051049412470088,0.3733661385341702,0.35718812148632884,0.33652788957416485,0.4025261798503142,-0.045338058363985356
91,SAM415f36ad349e,0.38712281744050053,0.31928703036886213,0.3273500719016813,0.005810277756395362,-0.032530258780155315,0.48659637423232166,0.4460848038511333,0.11888432073302654,0.2770527332318415,0.45979604105440214,0.4180559467737217,0.39266378949699593,0.3749074643928164,0.4738895160563502,-0.03907006109517296,0.34975936060407653,0.08062960578385432,0.42622938771594315,0.39708771114814245,0.4911595623185441,0.3245864231157232,0.35068314098538717,0.12721728652305203,0.230302515813565,0.08062960578385432,0.08062960578385432,0.3414939843546517,0.23986886514329425,0.21218552927407444,0.33105734608309284,-0.09118848093979859
92,SAM4305ab968b90,0.3022678248918169,0.2718700191356903,0.3554950513997813,-0.3154409321002048,-0.36814980511459944,0.44433842536363605,0.45164183894682314,-0.23678093434138273,0.07763991803216153,0.473147049283386,0.41480350045979697,0.29427619077217065,0.1240443207062389,0.09628204737850536,-0.29016153663801836,0.3697382276403772,-0.2759031640512228,0.440365721127205,0.40220923539766773,0.32668263275743553,0.35233905966239276,0.3873841174701715,-0.09074345079871386,0.11767437345601278,-0.2759031640512228,-0.2759031640512228,0.19010300050277765,0.00251148893227826,-0.04435933741767065,0.22735604493803255,-0.2248445560057543
93,SAM4501e41e4751,0.41930966347755805,0.35599782757509635,0.3177364333384285,0.02890636694306341,0.07039531824024278,0.4069332741113469,0.43032788746039047,0.09869608904545821,0.2931501189735438,0.44686662110247716,0.36146748756479724,0.3296125004487284,0.3695831264967532,0.36447294390686175,0.06064546257597773,0.3182106720628048,0.07702228056149367,0.3896311342140786,0.3773517727408151,0.4508214139982964,0.3110665139875584,0.35969084781807836,0.17192389700323896,0.30146545184683254,0.07702228056149367,0.07702228056149367,0.35093065636805854,0.288345164158483,0.23523232672723032,0.27895041883417204,0.009394745324310949
94,SAM4581bac493af,0.46743340848742826,0.4176293151695162,0.34251066255660634,0.18401167390836615,0.28270444279859186,0.4388587643032803,0.438702616562539,0.17162553053307114,0.2546437697346,0.46434164009249645,0.43201951518830006,0.443877826107313,0.18782126409759115,0.3482180509958668,0.13078571072764256,0.3590300692931127,0.15670744016553706,0.43507951945056833,0.38423177300645733,0.34334537336003845,0.3529859473085935,0.37470694168388424,0.2305605350602837,0.33154107596272564,0.15670744016553706,0.15670744016553706,0.372510693136164,0.41790809415165,0.39278827333058863,0.17564829232627308,0.2422598018253769
95,SAM45c8e6412c66,0.4891222107102448,0.42062548896434426,0.33327483497912586,0.14766371014438107,0.29125836581672504,0.4692953745042855,0.45664942128097746,0.1762523229002682,0.32348769240563524,0.4509729867855295,0.43314312292862045,0.3494975135858203,0.3198241390171139,0.3402912263478156,0.15266045420007576,0.3705206409428783,0.16439270194529493,0.4359643015238286,0.37955300633702466,0.39726393118665443,0.34753866182005283,0.3803090061133281,0.23078271220320176,0.2944809895229197,0.16439270194529493,0.16439270194529493,0.4073161077357741,0.4676626928835712,0.4432371941354513,0.2025273503209222,0.26513534256264903
96,SAM468a9e1dc821,0.3899149427649096,0.32346774474276635,0.35244416378862675,-0.17179983924998277,-0.15215790202748788,0.44914404640067807,0.4374435772333492,-0.12007626143743665,0.2082550057860698,0.4547975459304039,0.38815489001779074,0.39511039914854434,0.3652075566548913,0.2844532870479159,-0.15106592440461036,0.3315728747140276,-0.13034572997093405,0.40558891400473174,0.3968041810740528,0.42899599796895127,0.3827878020492319,0.3888219071123627,0.016412715538675078,0.177528042047604,-0.13034572997093405,-0.13034572997093405,0.27208263293641377,0.12643804018170837,0.09075641899360508,0.24032535483159673,-0.11388731464988835
97,SAM47fc46c3d6be,0.4751210879387709,0.4208132688785103,0.30877772903632505,0.1254581552551853,0.23819081724380498,0.44056453246472593,0.4331245727196703,0.18812193030984528,0.35649301084891716,0.44907907355438886,0.4121092273544435,0.4199423674568334,0.3222358497783895,0.44678084128928,0.1391563570138356,0.3391152895259836,0.17780149003720014,0.42295587918574706,0.3769238046274418,0.4488822230760392,0.32865231682075563,0.34538813204401864,0.22212530359528695,0.3075536212524041,0.17780149003720014,0.17780149003720014,0.41706960796896075,0.43333586704723037,0.40796721717058987,0.32673573584426546,0.10660013120296491
98,SAM4918c524b83a,0.40889396072027184,0.348782172903697,0.3258992047018132,-0.1306866190587204,-0.034279573452445686,0.4053503354201806,0.4216907537924646,-0.0659390803866497,0.26497879992024315,0.4514358335262472,0.38134135859430157,0.4044901351482183,0.29184715284098534,0.2798949196685131,-0.12583200883379114,0.333851129263085,-0.09687542673420736,0.4015755153178874,0.3823539004241223,0.5110384396474583,0.3266721067953745,0.36947788884342664,-0.012754953825925687,0.13758682762067917,-0.09687542673420736,-0.09687542673420736,0.28403631087191256,0.17961923611646913,0.19091675569675468,0.3798648903012904,-0.20024565418482126
99,SAM491e341d5a82,0.35918821489581415,0.3047716240605832,0.3280024483609113,-0.14045674248484427,-0.029911797550506904,0.4519758886154317,0.45069669513851485,-0.07218868688126431,0.21136059571923677,0.4602629162644202,0.43113385086530626,0.36969976911523295,0.23448635494716602,0.3046745235276079,-0.12457434495017655,0.36299577144555306,-0.10175918597319465,0.43453784950608937,0.37440220874309793,0.418811093467752,0.34105773646401044,0.36597747382332685,0.02604366310156444,0.14972004426976226,-0.10175918597319465,-0.10175918597319465,0.2958431024929131,0.18618374715832456,0.19714424873559283,0.3393285093642248,-0.15314476220590026
100,SAM49d48750e294,0.3361425069115706,0.3165878423913307,0.3162553581410666,-0.05472101770839923,-0.08397692339649297,0.43405809529122735,0.4107889834656465,0.02836028549009843,0.2823650861151235,0.44506871333370723,0.3298128965031832,0.40684641072615985,0.4668993908856642,0.47159720590914944,-0.06952041534299126,0.3258718429034844,-0.0008663992139217487,0.36689536119366656,0.3681319032576654,0.540772966524156,0.30567546557194747,0.32937595834481154,0.08035503777199973,0.21400718763426044,-0.0008663992139217487,-0.0008663992139217487,0.3121036852125024,0.11853155750025003,0.10780977003940101,0.48391908790090005,-0.36538753040065003
101,SAM49f9b2e57aa5,0.3112200521741762,0.32280090708967457,0.3354290651511387,-0.07876023777419577,-0.09829092843579318,0.4716201712174899,0.44141312092087875,-0.018910283720973902,0.18832762452504972,0.4623761101485726,0.4077053105827192,0.3389168904506031,0.20768512765895203,0.2833283337923047,-0.09073153532192359,0.3679228393531336,-0.050521269918626904,0.42230585528382625,0.3777987669007155,0.4005311035415695,0.36862841528551243,0.39908638972285093,0.04594769077756339,0.20504710125158845,-0.050521269918626904,-0.050521269918626904,0.27604619758760995,0.19020366479341064,0.12583103134561896,0.28919710687547545,-0.09899344208206481
102,SAM4b0175e8db6e,0.3972538150400942,0.33683839590414355,0.3252216756785704,-0.008127815924092941,-0.010970362680568146,0.43677069480601455,0.41601431301477415,0.06305679299945555,0.2475547733855955,0.45957451881294287,0.3574695028255397,0.37200656624151934,0.33250438639472196,0.3582238322547572,-0.02451925780109757,0.3411145622919417,0.03628460146059606,0.39221815448579445,0.36689180377534164,0.45545399216832644,0.31224168636767674,0.3320067670149565,0.11610751514949354,0.22592057618490644,0.03628460146059606,0.03628460146059606,0.3451623397242943,0.19168185007923663,0.17294015648051556,0.3364261442830385,-0.1447442942038019
103,SAM4b7ea015fd9e,0.24977407813849167,0.26019146655220915,0.31057411908829446,-0.2530879686345327,-0.2474028903526682,0.454105466303523,0.40253799433838827,-0.13904400805398917,0.12310078372961468,0.46685847209005665,0.3093412183896908,0.29578555863933215,0.0847432595114862,0.17450882268323278,-0.22800571945556988,0.35229989004038076,-0.17065795723903213,0.3729098848506957,0.3725184855324013,0.29223465738913745,0.30027264770206613,0.3354410386849362,-0.056130761040233366,0.09297353926694868,-0.17065795723903213,-0.17065795723903213,0.2755833080714179,0.023827845273282758,0.03331174834413342,0.024932951022454134,-0.0011051057491713763
104,SAM4caabd64e7fd,0.40257740784028767,0.38502420461636727,0.3271945123483936,-0.08008466502755278,0.018567452883275437,0.45092855367202067,0.429312376805768,-0.05056357731771506,0.21882303885755994,0.45889121545905676,0.3624085676778681,0.34546121510374816,0.2607050385515822,0.2651070818336847,-0.08104156916590034,0.33071690878924237,-0.0767048049411514,0.3898705368258345,0.3876043206036654,0.40277775881690897,0.3121897610983754,0.34540996444180416,0.05760959724536111,0.18013314792770366,-0.0767048049411514,-0.0767048049411514,0.3053716388484628,0.2448171774705752,0.20257978082176734,0.2776693922076685,-0.03285221473709332
105,SAM4edbe45817b3,0.45202732508416765,0.4555839597566245,0.32603160148018295,0.12130719150238661,0.2561765031505955,0.4506013361644685,0.45477448472560367,0.16128741690456852,0.3739748469258606,0.4500422347350921,0.4000440085579036,0.37146301759769007,0.38925961136616866,0.34589909322363055,0.13613341501531448,0.3435034949786964,0.13912940117985612,0.41516447648341387,0.38572345516783224,0.43782278091035914,0.3640008615621878,0.3872428589282401,0.19503904879696915,0.3154903747153742,0.13912940117985612,0.13912940117985612,0.40180033930374537,0.4196277715408332,0.39689661963271183,0.2862452167230021,0.13338255481783107
106,SAM5234688806a7,0.37236069446631004,0.3408347811764673,0.3355385290119621,-0.13993624676053268,-0.0789096186882705,0.454206031963227,0.416360865598498,-0.09972477220742391,0.21765436884182734,0.45343748030041936,0.3615794627120486,0.36577427441547716,0.22305199686748145,0.2840731191235994,-0.13224655115469477,0.331708359000232,-0.14285773363631238,0.39118247538206474,0.37274267348915435,0.40350574675265566,0.30955226559857096,0.3468226623761772,0.017393283044441744,0.16239531274690955,-0.14285773363631238,-0.14285773363631238,0.279878789442163,0.15003348475008962,0.14595434988882616,0.26469332621612474,-0.11465984146603511
107,SAM52500cabdd36,0.32951256247482846,0.31840816845452863,0.33381840526554396,-0.09729588099492718,-0.007984731657829928,0.488699697632054,0.4423200998280165,-0.04755736605160457,0.21130238981822344,0.46837679373948804,0.4039778610799064,0.3799660926476346,0.20105906542266389,0.26393267831899603,-0.04822503571396414,0.3571405377798517,-0.05340365991492007,0.4200032862900723,0.37896822729831037,0.4014418738481558,0.3487294282763218,0.37652133017983336,0.09381214190808464,0.15109377312357378,-0.05340365991492007,-0.05340365991492007,0.32239488631237817,0.2381079159057542,0.18433333457433596,0.3529807258471357,-0.11487280994138149
108,SAM52e3fa3ad574,0.4649874219132269,0.39963062379432224,0.33539190981528083,0.17979140895313148,0.21363758706268862,0.3861097668519024,0.4169521725727609,0.1973579940038108,0.2536808335567182,0.4637213032380799,0.39835915606527134,0.3569556820973665,0.20078029788141227,0.30507914349196397,0.15979365894002615,0.3467239057083891,0.1755135664796656,0.413666338396226,0.385824744627485,0.3821361221452234,0.3382183245783247,0.3589803495192004,0.259312525678639,0.3213671422896885,0.1755135664796656,0.1755135664796656,0.4057741491397784,0.3873717815686412,0.344803798132747,0.218012685625583,0.1693590959430582
109,SAM548551ef782c,0.3168112421306457,0.28873518711607327,0.3377444171631976,-0.1645359440578788,-0.1321329378773906,0.42651060567976296,0.4588094785228285,-0.06264757310858327,0.13774394565718104,0.47112830217221346,0.415658909289978,0.3772273646763791,0.16587089403297198,0.21394507487808428,-0.2022713790228543,0.3879230739095029,-0.11132058532891426,0.4290928951976351,0.3879407782432584,0.3791276741959838,0.3409267340931592,0.3697470299864356,-0.018439432951657824,0.15976560961304428,-0.11132058532891426,-0.11132058532891426,0.27739078157361924,0.144101583428606,0.12584858235791677,0.19546992566076973,-0.051368342232163744
110,SAM54e58f1b0230,0.2730027764779329,0.29824267115214265,0.3412240859604986,-0.3302709510924442,-0.28024064000845716,0.39929985736332974,0.44859530055885344,-0.24563534502751186,0.21289709144358565,0.46564887595698184,0.42192860063117005,0.3239189765180069,0.18886541418752778,0.12365950670410963,-0.31111625493530554,0.36654952712860595,-0.24862176413328088,0.42088582526055474,0.4001221718020565,0.4270447456932324,0.3362541212506415,0.3558361137064278,-0.10952274547637643,0.15955460372238656,-0.24862176413328088,-0.24862176413328088,0.18664879824415798,-0.0034540564505836434,0.0006354224443923532,0.31070751357411913,-0.3141615700247028
111,SAM553c3c35b847,0.5275876957275242,0.45415600934647515,0.3023193244579069,0.3085606738531082,0.370432223349392,0.45010782902396923,0.4237641149854733,0.3372979389422063,0.4251385341737852,0.4406955606428136,0.3494233823024173,0.359088369607289,0.3783381131857799,0.4325413026797108,0.23710787127709876,0.3219287495434522,0.2942877881091535,0.3844807934963305,0.3738206576740831,0.4794824155267516,0.3169165358457977,0.3396288301420227,0.3401079995770435,0.4301060225873942,0.2942877881091535,0.2942877881091535,0.447365641000483,0.45971289081300665,0.4604777623185708,0.25851599840956746,0.2011968924034392
112,SAM557dde1b9f3e,0.43769724983058844,0.37894826813098054,0.3130544001169774,0.037206926601262506,0.08292844371869437,0.42838781026559497,0.410415452132817,0.09771842807863947,0.30444264866542164,0.4436116122838165,0.3521216812921402,0.43300864084631746,0.3827869964073968,0.4386393928839878,0.06604270491935811,0.3214968326064266,0.05335240316362322,0.3862023199012015,0.3637468236203733,0.5227331469813169,0.3066326593535032,0.33204506110008597,0.17412480557664547,0.23438572466919916,0.05335240316362322,0.05335240316362322,0.3411431756544797,0.29600158548905936,0.24340473023023787,0.47008154228732196,-0.1740799567982626
113,SAM560f23d6a3ad,0.5174598496535825,0.4604650206313973,0.3203606392402585,0.24855811859816368,0.38274143113511533,0.4712688892500807,0.44212634031407966,0.272557745543681,0.34680966630042576,0.4502057582488337,0.3935033960101182,0.36388639012726465,0.19940602221403322,0.365293625012691,0.2534838060847712,0.3452747929439428,0.25058529239915134,0.41484892159524495,0.3748918301752004,0.358604795799982,0.32342440702982234,0.3404022579572164,0.3070392722223359,0.36537385925231447,0.25058529239915134,0.25058529239915134,0.44227280123432106,0.4934063683873595,0.4682427870087307,0.20521630503511507,0.28819006335224445
114,SAM563d6233dfa2,0.25511775552666593,0.24670160967542076,0.3428188639255892,-0.25596760832859566,-0.41359572333145544,0.4214193374713349,0.3980434511421602,-0.05186199700457059,0.14000095599192602,0.45857196744259804,0.3568624777804562,0.35100372915427513,0.23533565847575205,0.31080385519500286,-0.29173613920078934,0.35191273467351064,-0.09773014293664012,0.38913305942053483,0.35528217006576635,0.3598493650987483,0.35595009428304614,0.3710031596723127,-0.13710168378665064,0.18499792414040406,-0.09773014293664012,-0.09773014293664012,0.2630012911430573,-0.0004706981221646383,-0.038362016169819824,0.18027273710601555,-0.18074343522818018
115,SAM568ce160abd9,0.4386122469476664,0.30376465827809235,0.29541484335675056,-0.069478047022439,-0.04256699039477105,0.4135822037480863,0.3749487763817224,0.04742360805306477,0.26936129847564766,0.4412635008782637,0.31899952672863924,0.3557443922713001,0.3798656643295303,0.43550399223386527,-0.03168229396202156,0.29860962641731376,0.02083518626649205,0.37049441357532975,0.3839816041502163,0.5330103972921395,0.30661544925068,0.35299893103253316,0.11319895234670725,0.19537139983277912,0.02083518626649205,0.02083518626649205,0.33976567475994335,0.1532808195599074,0.07984808909662344,0.4775893862015436,-0.3243085666416362
116,SAM572f19794c96,0.42735463346877534,0.37240335487744236,0.3222908388265636,0.022322210116404992,0.08300506282956334,0.45208418470717143,0.4563561284679616,0.09324449889731884,0.29782380263133,0.44427984143230187,0.43582455886077814,0.3850364343476425,0.2516962014490103,0.23745782445043437,0.0565619306572317,0.35948635771961224,0.07104140158766133,0.42934500663483,0.3933118726050334,0.42959300780206866,0.36161053627407175,0.39080269165600745,0.1352994683012775,0.26511264452011846,0.07104140158766133,0.07104140158766133,0.3634062855213039,0.2997364924173414,0.25163948898184246,0.29281563763561036,0.006920854781731045
117,SAM5767dd75d142,0.41215648254315196,0.35931446993045585,0.34188273896940813,0.0026596477002415082,0.12361717847385724,0.42308285614755886,0.44167585891977335,0.05340682257242029,0.24709142755079747,0.4557523037289609,0.4278513414615185,0.444731787551543,0.2480093511326203,0.3307687808069229,0.07205786530571677,0.3559336318473957,0.028426784129754024,0.42220610966744576,0.382092483305019,0.41867399320710713,0.3531801318261904,0.37309540011792725,0.10257735021675983,0.18524045871967657,0.028426784129754024,0.028426784129754024,0.30093754695046643,0.32499107750734324,0.31507481226160833,0.24821527544091795,0.07677580206642529
118,SAM58e7832f4e7d,0.3640983055947217,0.2987840831229865,0.3457568413993918,-0.36184207499062154,-0.3705110317619586,0.4562448761866445,0.3922309621403049,-0.2737030892178893,0.0788154236054163,0.45783649502698487,0.34087306066509143,0.33774341394534113,0.19414041889302272,0.16887764971344263,-0.32208858128281953,0.3288321890296679,-0.2943248484375679,0.3731948611485055,0.3711145983495214,0.3837594224949035,0.339382645083418,0.36259443423604854,-0.10877248187413718,0.1247324075904337,-0.2943248484375679,-0.2943248484375679,0.22647349145088427,-0.018908294472291285,-0.07687872019820399,0.369901712662546,-0.3888100071348373
119,SAM59289ca42c99,0.44641904485351763,0.4321804202942255,0.31948841171235864,0.0737323218184004,0.17377661772600375,0.4408466581221215,0.4248824467038947,0.13194719151912782,0.38886641527289073,0.4317049847543081,0.36263729100927183,0.3885613547966553,0.45053022421055433,0.3886948709451678,0.1570842579815964,0.3205104878713913,0.11285382112388812,0.3780876156687847,0.36988303925444566,0.5093831592106881,0.3517368734326596,0.365277584263975,0.17165934301997415,0.3151389207932152,0.11285382112388812,0.11285382112388812,0.38553417455997174,0.34736590162131714,0.3078349464229455,0.36123178378729376,-0.013865882165976617
120,SAM59b825252c0d,0.38797827134032387,0.36280937069349145,0.3121669022555174,0.03232125925529557,0.12323512777392914,0.38284080622054883,0.4523941198930535,0.08560624694668899,0.2912759346766494,0.44886506147143035,0.400245119671589,0.346219885166311,0.33288814187749804,0.35181889196885546,0.06476701159867887,0.3516026307664353,0.07105970388178987,0.4190354596780775,0.3720794586871683,0.4155883300604982,0.32282262569185616,0.3615796244834516,0.13449956592351497,0.2692298034610926,0.07105970388178987,0.07105970388178987,0.3290958071624176,0.3426011145719248,0.2981166959885613,0.21499319016859728,0.12760792440332755
121,SAM59f392864f5d,0.4376443411646597,0.4114045603548627,0.3165938790826484,0.07785055792509486,0.22047342974422623,0.44553794284321535,0.4392649391721405,0.1119765411506,0.3201738947010824,0.4524807310612396,0.37915590092347257,0.4914315760269026,0.34208363032248523,0.47237209730934276,0.09397272776826548,0.34457629625098446,0.09831853037600535,0.4053764565316781,0.36853599623744693,0.5063244165010351,0.3045799272945807,0.3445939950620819,0.20322392139825435,0.24099267811640612,0.09831853037600535,0.09831853037600535,0.35789019004244044,0.3960815584415944,0.3667456302966936,0.4334015662861137,-0.03732000784451933
122,SAM59fda9035d1d,0.3842068026063374,0.32500281775847584,0.30980912591596343,-0.1116493299673173,-0.06559569083208636,0.44752534482016726,0.4117194822013623,-0.00980704678764074,0.35661240615675166,0.44230841893868866,0.347082780784937,0.38866737848617267,0.5161705825450622,0.46377894821222054,-0.0986651157672827,0.31342466254566365,-0.013302641268822597,0.37624383215083845,0.3817545090368358,0.5853249801991112,0.3242800959473699,0.35514075772350184,-0.028720502809318833,0.24065088710540108,-0.013302641268822597,-0.013302641268822597,0.3309708200543082,0.21655937972035508,0.15265951693136745,0.424736582340131,-0.20817720261977593
123,SAM5a2347c0498a,0.3254724103096026,0.31009042396239517,0.35267575678423596,-0.14409870417068033,-0.08082485117845854,0.39907107284197857,0.44694996770664447,-0.07774432083326467,0.13653505303478256,0.4772855594198886,0.44512143743806215,0.38232397623531145,0.12616460587896552,0.27274551353378657,-0.13586113434549293,0.381668692514859,-0.12129378062451371,0.4552130585822035,0.3989631139894826,0.3232853566552519,0.3559490910426629,0.3788932008457236,-0.002005743786596685,0.09567926868910838,-0.12129378062451371,-0.12129378062451371,0.2598083608006647,0.21101056183776534,0.16309813368089698,0.18540159765092548,0.02560896418683986
124,SAM5b57e47fdcb3,0.3678424595479293,0.3336790916463724,0.34427652688850235,-0.025749904198931885,0.030090107481878483,0.42076065311065514,0.42267050731197453,-0.001142177258623727,0.17671871228465927,0.46723602633367606,0.3895514756842864,0.3322923297486135,0.2733354257189169,0.2777412687730998,-0.04658846178635819,0.3603442559805915,-0.027028131070304096,0.41327527650559726,0.3657781226990735,0.4103903497623837,0.32668438401506666,0.3576919172783211,0.09006351579767925,0.1588426163057664,-0.027028131070304096,-0.027028131070304096,0.30152631368783556,0.19728330535393515,0.20692206428959875,0.3570648941123558,-0.15978158875842066
125,SAM5c139c5c1c4f,0.40974579154040064,0.34452208901867915,0.32835417003189843,-0.0044076778390538945,0.05261764772333407,0.438888477792666,0.43304624368393774,0.05678954831936325,0.21011614780485213,0.45907155993516396,0.36713179073182095,0.3688906355166664,0.27882207701115425,0.36903269601097044,-0.03224134285479475,0.3292617232043805,-0.008585586151246645,0.3984561278299697,0.37937134627875585,0.4186734862489563,0.3205146599290212,0.3587704031448698,0.12820226195578938,0.1938858997449291,-0.008585586151246645,-0.008585586151246645,0.3156799766012864,0.26282574119711516,0.23591530530977484,0.3004144266652376,-0.03758868546812244
126,SAM5cc2d9036053,0.4058421012454705,0.31963399408614973,0.33600010240024913,-0.09764070066652168,-0.07499491558375554,0.4329477626407971,0.4286877967666902,-0.032565831871537235,0.2942139243225413,0.44699332153354276,0.376521710864397,0.3938445302293237,0.4064359501367515,0.45396127950120313,-0.15027485127528808,0.3366550061131835,-0.0711315445822673,0.3835304476617008,0.3767464435015161,0.5365392822856728,0.3611514467602042,0.3761999290512369,0.046584497857005545,0.22124721728730895,-0.0711315445822673,-0.0711315445822673,0.29138221503897055,0.14762511908758832,0.09916508333127506,0.4416962362427897,-0.2940711171552014
127,SAM5cfa1699bdb7,0.42611990604728767,0.41977754025437736,0.32403001385968877,-0.042452833535971894,0.10304134902047551,0.44343127482511147,0.4297651363601699,0.04643231902142475,0.4273556834249708,0.4436825887724011,0.3892754796461239,0.4415899560390167,0.3973173778607942,0.3971283760683792,0.049236351368924965,0.3388173163626962,0.02609636709513645,0.40433296171868294,0.3782864226726251,0.5104997587570733,0.3543896913025363,0.376343980300007,0.09457340788672337,0.24651339795701027,0.02609636709513645,0.02609636709513645,0.33093314463124573,0.35714514477539017,0.30999978173774245,0.3614625733765664,-0.004317428601176232
128,SAM5d1dfd5207f5,0.35141980156587443,0.2968817105686545,0.3406237231515139,-0.36344791086674416,-0.24327107410260307,0.4411941872450036,0.4251715024935155,-0.26273322248854786,0.15553536456292585,0.4697312982443392,0.3670499359857309,0.3356730327893085,0.1785165109540534,0.2147950638161753,-0.27927340403466583,0.3361781042747288,-0.31305884793696,0.40157525653822335,0.39093932900103057,0.37567293328066215,0.30476469507856596,0.34645853970721546,-0.07123827478934734,0.10439744164504082,-0.31305884793696,-0.31305884793696,0.20398237553803125,0.038775385616912156,0.01198802176638079,0.2951599539960757,-0.25638456837916357
129,SAM5d989c86255e,0.3660530715347577,0.3145245588864906,0.312334962560744,-0.07600240140242093,-0.014301827767707899,0.4086999940480749,0.4331322673507721,0.008691678756803066,0.2380806170963625,0.4520774807313289,0.3801701789033343,0.3837849459728135,0.33120304579988474,0.3652433669978431,-0.026301139240093044,0.34950931071973684,-0.014358565851184776,0.4144446948638986,0.36956707926671656,0.4999560109425696,0.3235961408192361,0.345350835855871,0.0643367837628567,0.20587414034374535,-0.014358565851184776,-0.014358565851184776,0.30261018010061075,0.19651527853916806,0.18977097870195492,0.4223962063702112,-0.22588092783104313
130,SAM5e3bae090b8c,0.3835520802281294,0.37654060321304095,0.3165781316852795,-0.031246232859551724,0.08536862310546374,0.4333230415717517,0.43034045258088194,0.03342441080368183,0.3012674750428455,0.45329673849312574,0.3570840791181339,0.3844168463189597,0.2855417082819892,0.31441247554964824,0.0653757840869527,0.3405228522869982,-0.001925330532196213,0.3967087959941717,0.36992544447901765,0.43584035597597987,0.31817681179407703,0.34783307231926763,0.06699267845906576,0.21697744562793844,-0.001925330532196213,-0.001925330532196213,0.3132766066608407,0.3132707147348414,0.27606872144527744,0.31620122819795016,-0.0029305134631087415
131,SAM5fc9ae0aed1f,0.4630479325053678,0.416316049074467,0.3071099273889036,0.12292881521521877,0.2325303809932011,0.48598788563328743,0.4584004770075782,0.17784018806440613,0.3464113485264758,0.44118950630204923,0.38470327457098213,0.35990969853401805,0.37550939913677084,0.3757162950723252,0.15302258136733643,0.33800204518916016,0.15298632081192773,0.4028796453964202,0.3643856734086,0.461839405881335,0.36428173999540414,0.3656656782958788,0.21205159890745742,0.3112666162271409,0.15298632081192773,0.15298632081192773,0.3860883156554767,0.4187186790512719,0.38254730503265827,0.2628139764926184,0.15590470255865352
132,SAM5fe7a81a39dd,0.4191264613415285,0.39382572730612886,0.3140366514264468,0.06265077851337927,0.18428383629681236,0.4573954837934825,0.437809400218583,0.10161275373076019,0.29152600804493983,0.45661900061394456,0.3640700134978343,0.3725949756127998,0.2683752306775515,0.3219719523001572,0.09038100933136352,0.3382766289877847,0.07705862732968745,0.40114748097321234,0.35521804598144036,0.4355242623763634,0.2984174953008121,0.35080658150171,0.19399638450728804,0.23015072863716607,0.07705862732968745,0.07705862732968745,0.36567986383924905,0.360944072322656,0.3352680650029375,0.3561325760287439,0.004811496293912143
133,SAM5ffd7e4cd794,0.35512654631606566,0.3375275107317826,0.3382635812998431,-0.08792333213947069,0.026200325331213137,0.4127332596789574,0.44970165690593233,-0.030211794076765712,0.2587450697383067,0.47143050907625406,0.4136272574710893,0.38418853840587036,0.21703775749530543,0.3278454343005498,-0.1177326453167397,0.37178543664514385,-0.05716613472700175,0.42643132593647687,0.38834176521381664,0.41126288607065364,0.3569648194752567,0.3915160762582172,0.045203350748198305,0.2012192328552421,-0.05716613472700175,-0.05716613472700175,0.26380672261720567,0.22828532996894313,0.22154959377904657,0.24696420062611635,-0.01867887065717322
134,SAM6083aac8db99,0.4217993960781252,0.39392909270312204,0.3337510686418662,0.08057530222782615,0.18792028109741235,0.3932158547410745,0.4589099229649834,0.09454515911499786,0.23898935608591856,0.4533368697124454,0.4298703259886964,0.4208594179501031,0.22645818614372046,0.2696415486472773,0.09591082537374455,0.3573761366283811,0.08881902668306173,0.41956800737590844,0.3769688191694829,0.3984450340297097,0.33582378819555425,0.3814456544065807,0.19897574931937576,0.2492147926387879,0.08881902668306173,0.08881902668306173,0.31846527301618804,0.38153371666842467,0.3439567631963028,0.22072438822352597,0.1608093284448987
135,SAM6157c8f38b72,0.4271555225206758,0.360136465363942,0.3236051154486529,0.024606666947441888,0.07535639725410617,0.44568239501965545,0.4303080497424736,0.10210356450831727,0.3612320751364412,0.4461849983147211,0.4014202323960558,0.3724576688659865,0.3969205752618285,0.36863386774355794,0.003715086106659527,0.33085422065867376,0.07527600142379473,0.40882698876368473,0.39407308129743207,0.5446332847084407,0.3369048862798051,0.37201281896778854,0.15633159208280223,0.24570122471350303,0.07527600142379473,0.07527600142379473,0.3523732571152774,0.29078185902710435,0.24758899056397313,0.449078959646836,-0.15829710061973162
136,SAM61b9d4d84c64,0.4000103459616123,0.3726559204216063,0.3293506037387435,0.0032988568115813913,0.10004048405768469,0.4598536913505077,0.44056734830550875,0.05886502125178145,0.22802708619556766,0.4694664686144856,0.3994191964674521,0.34902668013125737,0.11671194114405226,0.22520797748745083,0.04180712426483987,0.36317080472323754,0.02218303604370808,0.42228627990848144,0.39222961863547207,0.3546113561778947,0.3254269461095946,0.35135264547984096,0.12636750531073201,0.19539176605322267,0.02218303604370808,0.02218303604370808,0.34007613333811965,0.2979201217950927,0.28990007113105815,0.21658076000590454,0.08133936178918816
137,SAM61baf919bb01,0.4379471788704996,0.4466301575010822,0.3299439315057284,0.08759027734859048,0.20447509343676087,0.44046488705197956,0.4151957586305273,0.11486065631071475,0.3981138845314798,0.4407995744969494,0.371548911666606,0.36569702698983036,0.4101473871507581,0.33880614135077636,0.15434989296464502,0.33481445551999267,0.11643326824330855,0.39904109708468666,0.3773836876174946,0.5039441752309574,0.3478380201568951,0.36549746743487377,0.2076650025176564,0.3094896982624477,0.11643326824330855,0.11643326824330855,0.37231255117436135,0.36584863030176196,0.3472070727099312,0.3318063127387815,0.034042317562980484
138,SAM62fb1388c871,0.3236174632956726,0.3378145869181323,0.3390399936073221,-0.02755638370165275,-0.027943235214103856,0.44277806411507575,0.4541371228275261,0.052814155542576444,0.26043096449213116,0.4653793944997753,0.4258650708912726,0.41090549381440605,0.2853233131103694,0.3540509441940998,-0.08688072997911742,0.3764154615362316,0.01888182540536055,0.4199335372629407,0.37895140624536605,0.4327579783461228,0.32671775928328456,0.3582518094929069,0.09567224833868296,0.16913606324865665,0.01888182540536055,0.01888182540536055,0.32479102335311116,0.19899724457777643,0.1847685929539294,0.2967103941162332,-0.09771314953845675
139,SAM63405b04ab2d,0.4443657614754914,0.4033132932442737,0.29077880786054605,0.0587338837495986,0.19807128753074973,0.44301571286069585,0.4192525629419985,0.10489911137660467,0.3334141359028326,0.44705838266057807,0.3111953800429389,0.400537045231896,0.48502532710136254,0.37441726298322986,0.11348299695309197,0.31849748951226564,0.08466591673780376,0.3601385918288621,0.3565946829602356,0.5041705096650226,0.2850136539876905,0.3216957606765667,0.18092204403255152,0.2515338686038329,0.08466591673780376,0.08466591673780376,0.37296720553881124,0.3831851239347287,0.35632745263501525,0.37144776052494355,0.011737363409785151
140,SAM63b2189c36d7,0.283313720338503,0.2921860747184498,0.33610314690326965,-0.16521127420035048,-0.23593310527729117,0.4291842930473876,0.4194199797031208,-0.07560665317791436,0.11127565484294985,0.4703482689533003,0.35365397451197744,0.3669989369583317,0.21043215072615026,0.2894094507301813,-0.2312913787666328,0.34935770395886073,-0.11418903129681474,0.3939957665041762,0.3828263701114077,0.3847942725289693,0.35637466485458447,0.3697798280066692,-0.017599845094872533,0.12725708959851423,-0.11418903129681474,-0.11418903129681474,0.2735532295817021,0.06240697612581131,0.007697472120280168,0.31350739286547197,-0.25110041673966066
141,SAM65afda25b920,0.4891943922205213,0.38546253609866493,0.27981195576525225,0.12366131480821703,0.21455367148864038,0.4326683387326862,0.41971330587285294,0.18541548530603455,0.35187754127142795,0.434439907355944,0.34675352680165894,0.40466505288846616,0.4719962571864854,0.47196186866184775,0.13401260830355047,0.2985717384767522,0.13679203334094164,0.3676512150412525,0.37486736611904536,0.5425345424066466,0.28884509758509175,0.33237550217194567,0.22889061320895818,0.2847455397169302,0.13679203334094164,0.13679203334094164,0.38953552310371325,0.36130805582097403,0.3573637891018789,0.4482736375093264,-0.08696558168835239
142,SAM6662f5181f87,0.42027361450543277,0.4097311048151158,0.31756306915245686,0.019941578420690564,0.13013606734352792,0.43461431680069085,0.4275236121067926,0.08968014534467002,0.32401767420018157,0.44265229417228846,0.37824261950990684,0.40423469187128447,0.38308047519659266,0.3365394191360225,0.09040275102538248,0.32991713669732975,0.06090004847081143,0.3970605251207918,0.36531768951971344,0.498529438144913,0.31065951095262784,0.33500048127990834,0.11897948075256395,0.23825721295264599,0.06090004847081143,0.06090004847081143,0.3596358712944938,0.3460895989675377,0.30568379168202264,0.39861398932910613,-0.05252439036156842
143,SAM670649e105b5,0.3673645000494092,0.3993518046884151,0.3271290540683228,0.019850139799955337,0.10640023619689283,0.4315716597318051,0.43733833922716225,0.09190292909319954,0.3385567536541902,0.43962360856651966,0.3868895567598641,0.3981995680697943,0.42306524160495756,0.39567735607109755,0.06495407891823995,0.33460536086006143,0.06553739365357658,0.4022240256385375,0.3665557644219102,0.5216008672762213,0.3342440053094319,0.3761038463454128,0.10551222917157554,0.2529094043965849,0.06553739365357658,0.06553739365357658,0.3299465199782226,0.31545551259799354,0.2717931214001949,0.4095395108124375,-0.09408399821444396
144,SAM675a12a09c15,0.33778908819704134,0.35077939644201417,0.3280273861290585,-0.12679701173187294,-0.12069921700917136,0.4280487887151782,0.4092681527470328,0.007039905553987617,0.27663876600932324,0.45071109981658464,0.3524433534829384,0.4041254677694612,0.4107413179924198,0.4472061400265665,-0.10300291513871697,0.3285410548502393,-0.05168977557763493,0.3878305449023387,0.37977084987562026,0.5185883649719724,0.3180715922536684,0.33706052445862206,0.04519234749618416,0.1619408759877078,-0.05168977557763493,-0.05168977557763493,0.28508494769985954,0.15716832183983254,0.10072153738274475,0.48240403582855407,-0.32523571398872153
145,SAM6780ed436b55,0.4267326995136342,0.37449187764600833,0.3261326651433177,0.06206722392935163,0.14539874068183944,0.4494168738746741,0.45813754706378507,0.10720065010414308,0.2730552479695365,0.44690934108187963,0.41647528305986287,0.35879697027012103,0.32368041141463944,0.3684630935091474,0.03383656384699395,0.33281915125959377,0.07896288401763354,0.41379458429727883,0.37319027892836654,0.46118509827680315,0.31804612419339723,0.35412053646182773,0.16106624127638464,0.24791290019243784,0.07896288401763354,0.07896288401763354,0.34934804345114995,0.28050536090052985,0.32545263950433134,0.4013695948812303,-0.12086423398070045
146,SAM6792d6e98068,0.36268927449658905,0.31779135325113655,0.34103975406800885,-0.2282458726634066,-0.23905642326083604,0.4551858741865903,0.4145770498445398,-0.09135027358727295,0.17212949292376595,0.4660255462573848,0.35031639625725164,0.3498958318161192,0.1135636588435718,0.242096999682208,-0.21826968485479772,0.35340563311980255,-0.14621170876537926,0.3931629014299078,0.3921471725891607,0.3625973928649583,0.3283209993681126,0.3539253899080683,-0.04832813042722555,0.20343920000831134,-0.14621170876537926,-0.14621170876537926,0.2903619638323665,0.07122609303518512,0.025379576666244536,0.21038983873536563,-0.1391637457001805
147,SAM681e4bf7cf85,0.37408211930408103,0.36689185914945205,0.3273956679328258,-0.028093794018435696,0.05768457947917879,0.4825087881108694,0.43809664307772417,0.030997176283012365,0.2747559489130057,0.45539656167398895,0.38187060547304974,0.39463616644180266,0.30166872401242895,0.31037758018184636,0.04086477073286437,0.3563259579141274,0.009192200033496323,0.4186515884937684,0.3830667048352755,0.44901017046442077,0.3366662985651641,0.3723285993494738,0.11605459095860161,0.23148778521370475,0.009192200033496323,0.009192200033496323,0.32645728297819665,0.29254597473601335,0.25288277929029745,0.33750088968822756,-0.04495491495221421
148,SAM6964a6d7b967,0.3722422848781371,0.29157689796687447,0.3616694496073584,-0.29036702739415077,-0.1714832500909903,0.4551464971940918,0.461312855141744,-0.21787100312934576,0.1736493677629492,0.4745215176822978,0.4485459927797801,0.3258755763281748,0.09481825553096786,0.21114766257491352,-0.24420089981984186,0.3727045048923831,-0.26131225967848337,0.43475943503429154,0.4027103608933306,0.3635142657004912,0.3714381698889678,0.38761203884671547,-0.04025877265044057,0.08654395084156934,-0.26131225967848337,-0.26131225967848337,0.26419044454818563,0.1303589836780686,0.11107337558378064,0.1629830432259196,-0.032624059547851
149,SAM698d8d76b934,0.4033185950441235,0.3167842054015389,0.35150838042053956,-0.0048160844847451355,0.03204907597124795,0.41342084004524815,0.4497918609285682,0.05496031867977017,0.2695179640475535,0.47258890912041907,0.43237705888849126,0.37435645435822823,0.30289581826763207,0.28110164156081063,-0.02085569015729699,0.3742542243589219,0.028610367104123596,0.44138100378503514,0.4005593160553137,0.4204048421303191,0.35689199286393863,0.39524278214950487,0.09660860034459633,0.23124915287122205,0.028610367104123596,0.028610367104123596,0.3233578662491734,0.28969265048035636,0.2538448744036695,0.3022290464920266,-0.012536396011670226
150,SAM6cb230f208a8,0.3954836583457604,0.33141377276584283,0.34877328138939956,-0.11427912038787542,-0.043681977296911235,0.4618705314177354,0.4300979442791199,-0.06330099865249397,0.20729855689717747,0.46560517757487735,0.38541557706013135,0.4121762888370275,0.29328041782241254,0.3413924886260672,-0.12136087551387255,0.3629609403241113,-0.11429646208524646,0.4116178209759298,0.38208915358370554,0.44977346105236937,0.3625351713320599,0.3961164404380824,0.02838228186371116,0.16749818968933067,-0.11429646208524646,-0.11429646208524646,0.2948896110194684,0.12672873220172612,0.13284120253086934,0.3650970197313239,-0.2383682875295978
151,SAM6cbc10abddb0,0.46527344970881923,0.41701925870919127,0.3166429820082388,0.1270072820867678,0.2754786130455237,0.4004350059861174,0.4418695506639252,0.16154473997359486,0.3153353211888633,0.46741722880213954,0.3936797727196737,0.33717511567911895,0.24579115297298815,0.3463940912135735,0.095347500930924,0.37108211035948174,0.14362163361048474,0.4346542927363586,0.3939354209921609,0.37943077947136994,0.3398098530390859,0.3688203796846477,0.24290029005508557,0.283526620700033,0.14362163361048474,0.14362163361048474,0.3529329214969113,0.40752101604384017,0.40440689042964584,0.2669197053445704,0.1406013106992698
152,SAM6d2ae0c39b96,0.39126804909913837,0.3799690777829458,0.35793975285399937,-0.0759801220738873,0.011343163498368971,0.4201416134131966,0.42799084856004754,-0.021789811982490682,0.21331411474486642,0.4606160569289222,0.39434517797166946,0.37217863754426705,0.21082623091521904,0.2549338891923346,-0.03635568097485595,0.35247258859815656,-0.05921548195148662,0.42377857701763033,0.3907686651177075,0.3707687667943626,0.3487173679296858,0.3722140804297265,0.05215511161302972,0.19597340920723832,-0.05921548195148662,-0.05921548195148662,0.30313719383182264,0.18903626288735523,0.19447710704191834,0.3204744358012771,-0.13143817291392187
153,SAM6dd7ad1d797d,0.42052301395830477,0.39245513686748384,0.3181096227244572,0.12216739241197555,0.151488188996465,0.4818258802427291,0.4356914935422059,0.231675846275862,0.3930488304536469,0.4333548295905391,0.3601466356577701,0.40088216645236435,0.45917687581657346,0.3618616355725684,0.13470534616352023,0.34254183349840545,0.21082152204671548,0.38444838638141204,0.35855978466993826,0.5217047657848203,0.33189915711434925,0.3466704192075546,0.1595657602525552,0.3378212378995998,0.21082152204671548,0.21082152204671548,0.4253729919192227,0.3688734637748268,0.3302484149568606,0.3638888955462603,0.004984568228566522
154,SAM6f2a102a99df,0.47688429816950845,0.4343026431532634,0.31095896733245004,0.08197328772939085,0.27239227559269363,0.4048581381091642,0.42475165472071097,0.1397347473950453,0.3853281297174781,0.4456930094967417,0.37569999657476505,0.4050365410466598,0.3186043111561796,0.2832512258997384,0.1626368040341095,0.3468025728698463,0.12574306390194506,0.3934508475586781,0.3656189241406291,0.4427910727560497,0.2896200843791513,0.34604762678065637,0.18772460057781393,0.29143266358439135,0.12574306390194506,0.12574306390194506,0.38352251121273245,0.45211470190759073,0.42594529352761235,0.198782367307703,0.25333233459988774
155,SAM6ff654a20f98,0.441559348041711,0.36817324947230967,0.312564328552207,-0.016480403778000988,0.031158954370124826,0.42576756803860366,0.4229911583159138,0.048887961107917544,0.3305380931593911,0.4458547342184097,0.3685839775770875,0.37788127187717746,0.3473010223742778,0.3737425587419345,0.030372985659586307,0.33687852871904084,0.02873963527071415,0.3932163102572023,0.3785009322302583,0.5272831724647228,0.3391106414561062,0.3622401386864447,0.13729643400037797,0.2185802725283091,0.02873963527071415,0.02873963527071415,0.3367773961189275,0.27624951544746396,0.21420587244205408,0.42767737329238015,-0.1514278578449162
156,SAM7114d99032ec,0.31266435182521046,0.30964907046621726,0.33369641896749436,-0.14855556355765645,-0.12141181420635642,0.422728905741996,0.42157519956927614,-0.08686412504593885,0.2519071027933599,0.44972112945064957,0.3685182299569961,0.4229846878287754,0.3274956641256924,0.3262673552083275,-0.16166463882593476,0.338619114992934,-0.12999068520728552,0.3920977019234466,0.36536105730593493,0.5228795712643654,0.3265224082068576,0.3638851689615648,0.024575241027323443,0.12636338762418367,-0.12999068520728552,-0.12999068520728552,0.23528305271785355,0.15227393762657393,0.11646071659224409,0.4427779784345218,-0.2905040408079479
157,SAM714285adf612,0.548682550963766,0.4494131700673196,0.3114953836653739,0.2793670927548592,0.4023048885198815,0.41915096424879006,0.43111965768574867,0.33601264129633024,0.43394806665788943,0.45369251201736355,0.372433712299405,0.3208875221734028,0.33576620850039224,0.3499374779634789,0.2583767699690477,0.33317298779314314,0.3124442046774542,0.40857038539070556,0.38968746422083644,0.4022162712533306,0.347293513605547,0.3548911239867596,0.35985139698030916,0.41874714556998405,0.3124442046774542,0.3124442046774542,0.47217859570387416,0.4958017346324768,0.48872302347921603,0.14187094067808284,0.353930793954394
158,SAM716f54e468f4,0.4030795063179281,0.35811077612049796,0.3128096292773048,0.026404036430280158,0.12899096922339018,0.48100665019833827,0.43657167283805054,0.08396931065168738,0.301782678594841,0.45633085695314546,0.37483194385145047,0.3442367011313232,0.35344323310667164,0.32454059557698717,0.0662038959098717,0.34591453546436596,0.07579571320995106,0.3988468892160591,0.3727321934930038,0.4836513685192118,0.3331736571260347,0.36173676452232373,0.1668086196568914,0.24065615496170162,0.07579571320995106,0.07579571320995106,0.37164715412581395,0.2968467706569734,0.27927613136093116,0.3778784231389179,-0.0810316524819445
159,SAM727c0e92a2a7,0.4922594817590091,0.4391808753198615,0.3289184477289561,0.18213983835144654,0.33195055732882783,0.4080545628549423,0.43994901405343906,0.21935914587331176,0.3586583987414268,0.45203496887203837,0.407095737533262,0.4127768389516068,0.23129352804991216,0.2752592860627113,0.2253518382676655,0.34978131945636953,0.20211687394178612,0.4182674680634885,0.3740583931966651,0.4170941583278044,0.32365787334964663,0.35914256579587306,0.254149256444656,0.31971441332786865,0.20211687394178612,0.20211687394178612,0.42055967061439575,0.480610618555904,0.456190424296936,0.17817107647125438,0.3024395420846496
160,SAM73663ee4a96e,0.4185160021504104,0.39080931904922217,0.32376714793858835,0.06841947217166815,0.14405710505279373,0.43637338815387416,0.414050543308509,0.1222900094175298,0.3427130227921936,0.45282526774011367,0.37135894064103864,0.3785232766254141,0.2859565893662657,0.27287488309577906,0.12183877551332477,0.35156507508420765,0.10036019197242219,0.38843373117256974,0.3745710575491555,0.4846795119106412,0.3371678286675628,0.36064982259917056,0.13357455116554795,0.2705605888891811,0.10036019197242219,0.10036019197242219,0.36813826931893295,0.36562109477545407,0.32698542884673654,0.33532262853395706,0.030298466241497013
161,SAM73b653ae20d1,0.3866116442487427,0.3667914784587797,0.33104364862439617,0.0754741593084839,0.12351031980071164,0.4227869790431814,0.44869701686859137,0.21606457086168335,0.3532532643293635,0.4525264716393843,0.4124216255040097,0.3322551646152106,0.4296068601445663,0.35854285240053624,-0.004706616210756374,0.36044341417779385,0.20387802741699435,0.4248498429221064,0.3920517691812377,0.46235043030318795,0.35428802908621404,0.38180990875695037,0.14505742574184669,0.295566443185712,0.20387802741699435,0.20387802741699435,0.44120899273439396,0.313619400374187,0.29785701005568826,0.21339173387554405,0.10022766649864295
162,SAM75142fcab9df,0.43303324568228174,0.39844350942658324,0.3193887764458695,0.045265619337450824,0.12413965501284052,0.4305049785819421,0.4172707808950557,0.092298984484172,0.2960957237639977,0.45725419642202886,0.35381580508252425,0.3692580031746384,0.35301439290232145,0.35431849078283856,0.07391612635868346,0.33258755773325316,0.08068360977554756,0.39490297715502626,0.38745284243199385,0.4586166258975832,0.2969776445923135,0.3252330990740028,0.1932720036887941,0.29177347509480966,0.08068360977554756,0.08068360977554756,0.3640516413121484,0.2709037822383636,0.2579869852775848,0.32049345911677557,-0.04958967687841198
163,SAM7538ad9ff524,0.43408743657278276,0.3898353222028961,0.3418961762676416,-0.015332255329231234,0.05986158557100284,0.4196613483034561,0.4306745828549618,0.022853077631490727,0.2654369711011977,0.44974625635920834,0.39102349958517024,0.30952651710674567,0.24329277335700655,0.21299619721392002,0.01787052994683823,0.35018790035586433,0.003012998975124945,0.4031636192804058,0.3721841960814798,0.38208779568628143,0.35087272867854713,0.3835112114515365,0.10861962637652099,0.2582287173572403,0.003012998975124945,0.003012998975124945,0.3295012359395466,0.2801870493439164,0.25716068710651663,0.1812528977601027,0.09893415158381372
164,SAM753d4bb52dbe,0.3689033750804124,0.35193048223628637,0.3190732289676097,0.002021519424185575,0.05307451990513628,0.42365416898847386,0.429663543254705,0.03344221765674588,0.2549109743911177,0.45423762357143654,0.38670880543663066,0.37871324634283243,0.35894298276106373,0.32110864399369793,0.05130596964283216,0.35328772487443755,0.021667117865305986,0.4062681871319384,0.38046882384232183,0.48854536109976543,0.3003516964796411,0.33361756198668624,0.1285089807971644,0.22211209289294154,0.021667117865305986,0.021667117865305986,0.3228577650209472,0.24163854932997866,0.229405312315612,0.4207140829750825,-0.17907553364510384
165,SAM75f12d1a55fc,0.46093831683011954,0.3818966911491153,0.3161049023038439,0.07914456670950248,0.19519505348841057,0.4317284968072174,0.41914950356323927,0.15969008391724812,0.34900820797296006,0.44714691380191146,0.3599779770629457,0.369402213683581,0.35105339566983007,0.42987471347864753,0.157462680292156,0.32772358287584236,0.13160572944966561,0.3912601014707487,0.371241510776062,0.47008975602921804,0.33180166290873214,0.3439847971169806,0.17271217095665392,0.2872324989166221,0.13160572944966561,0.13160572944966561,0.3768764269963851,0.33445972030178095,0.3327627488410126,0.3210135370641942,0.013446183237586729
166,SAM76a431ba6ce1,0.42555872189833077,0.38244017344769055,0.321181377094144,0.05683726571160473,0.10403446523778369,0.4431194620809872,0.4190097598358986,0.11061653255037925,0.36193592280179904,0.4473442024456834,0.3654300582434734,0.4052822448425006,0.3934404577687919,0.3990668029932411,0.09530886978725203,0.32854103223214,0.09258472630894235,0.39594419734242364,0.38247451934178794,0.5115101820283948,0.33474733992045974,0.34896177886594376,0.1623496765837308,0.29546105146380125,0.09258472630894235,0.09258472630894235,0.3553031487846033,0.3191715759739514,0.2672479302290848,0.3914259767347,-0.07225440076074857
167,SAM771445e92421,0.4729383824284979,0.42705549858303266,0.2899509488713835,0.09065413013126175,0.20516985782670433,0.41821684431579925,0.4006685206996064,0.18465453777102936,0.4064308946294737,0.4438110751529741,0.3221987081524323,0.3636398843766008,0.4234974886884291,0.4576998960085135,0.08867803518767099,0.3151483028504627,0.14904832729222478,0.3698670157266355,0.3728019928734121,0.5194390489055734,0.29324963079381416,0.3264493727691691,0.22381453671100482,0.2634316470431854,0.14904832729222478,0.14904832729222478,0.4051652820718893,0.37950997230785805,0.36483860775683874,0.45226465251110587,-0.07275468020324782
168,SAM7746b76437e6,0.3695626377395006,0.2769630433157217,0.3438560002281848,-0.3442204628699057,-0.27487057837083395,0.4738008388127193,0.42347974903786434,-0.27061988852801483,0.13675215248292852,0.46757571581935436,0.35674835395687854,0.3415870189345591,0.17850316113511733,0.18624521756284235,-0.28353501009880916,0.34814204634767687,-0.28992096401453477,0.3959461163717851,0.39222412325650635,0.40762010930750764,0.3319316073992728,0.34855550580507677,-0.07611491406799245,0.12597319221713527,-0.28992096401453477,-0.28992096401453477,0.2279501725919162,0.018806740238737362,0.0005967793248383005,0.3912153295773139,-0.37240858933857657
169,SAM7829a341b9f3,0.4345290521267196,0.3542883376109914,0.3333659891411208,0.008132332336315506,0.04802719253769385,0.43731355437608055,0.44593738510600744,0.11025792273585143,0.23673504823154354,0.4597447150606862,0.4416643665075387,0.378435884685309,0.1824139134773469,0.31314018443742714,0.030267372506059185,0.35756015613747233,0.07786805944089262,0.42609408490852774,0.37884805262559057,0.4093352363636661,0.3318292829050073,0.37043562728158413,0.14293228847989456,0.24359672615094463,0.07786805944089262,0.07786805944089262,0.3673428877969087,0.3114786542227152,0.26254832920092946,0.33233302871025083,-0.020854374487535632
170,SAM7893196e0e89,0.3273009242522308,0.29778716581387116,0.33142906343920336,-0.10306424041192368,-0.08238658618972294,0.427746914133569,0.4475883306477875,0.026260788502071548,0.15831068227920367,0.45944082529426683,0.4233352207572499,0.3400259628420504,0.2986356224713896,0.3453945316346059,-0.0747040113365199,0.3721701861577172,-0.022833551697534548,0.42859561717980227,0.38098288955157505,0.43212076076969486,0.3119645733585534,0.3381520645350516,0.004449564114974708,0.1665554305233162,-0.022833551697534548,-0.022833551697534548,0.29484286324101155,0.17131149076351385,0.1367389240940432,0.4175580166656638,-0.24624652590214993
171,SAM7a9093b9c7e9,0.42589460352263825,0.3766633925328125,0.28882429523397135,0.04324521494907544,0.14864612684334808,0.4534508454272785,0.4162923188377629,0.08941209839962856,0.33997532067716646,0.4472656509624346,0.3306427421630623,0.3958514920237317,0.3739922088737953,0.36098836538176676,0.08771370645218049,0.315615324322903,0.0645224343469498,0.38564161243056533,0.3768307112185241,0.4911360273089242,0.2908314186037778,0.3175127194544502,0.1669283563063998,0.25910393067718035,0.0645224343469498,0.0645224343469498,0.34377758310635387,0.31444376358048676,0.2699227464514468,0.3649739197032407,-0.050530156122753966
172,SAM7aa01fc49a80,0.41505076366659005,0.39394098536952665,0.2960624723425724,0.12664389329334352,0.14863558643460462,0.5028468291932789,0.42672219096701025,0.17448368664846395,0.32083829620178106,0.434407413235893,0.33294562053454113,0.4627162248321412,0.4168344546208705,0.5280443662583273,0.11924968288252898,0.30991995549382223,0.14440375643684739,0.3802656370921154,0.3631929583640021,0.5192570199057205,0.28570228004944564,0.3279177781225331,0.22705273139879092,0.2722567849044078,0.14440375643684739,0.14440375643684739,0.39198137361374186,0.3059081203273948,0.2589266879717769,0.40621141217465334,-0.10030329184725856
173,SAM7b40007f4aa4,0.4131799956157716,0.27973006079588203,0.3352895187651131,-0.2869881343011283,-0.22157985010839273,0.4135401076509748,0.46080810150266993,-0.19731720716002413,0.12847538944618356,0.4677246166197543,0.4407829163898783,0.34858968338079466,0.14851930014638715,0.3091139942671723,-0.288989431565274,0.3667416857266658,-0.24297160124918146,0.4380834967756063,0.37789053209754836,0.3243533261694093,0.32887332849100015,0.36591732293029205,-0.023836655562723352,0.10451617136590292,-0.24297160124918146,-0.24297160124918146,0.22614308178609574,0.12557157397970467,0.12368896013837222,0.19988402739067104,-0.07431245341096637
174,SAM7bff231634e9,0.46445616732239975,0.4256663408647071,0.33462285837162387,0.10029016473941171,0.2491910616479685,0.3891329737377626,0.45768768218507333,0.16860951741014202,0.3067004028077488,0.46269016456904666,0.41872888000204755,0.31504022858496933,0.19688470671256644,0.14077030268324445,0.05963218957791489,0.369109271341353,0.15358222771630797,0.4305714639390348,0.3908854084188751,0.3392420555621381,0.3557820373016044,0.37950593660594006,0.2128538924088219,0.28855268308887355,0.15358222771630797,0.15358222771630797,0.3725026122572958,0.4183904340831459,0.40795730000265423,0.2323538083253321,0.18603662575781382
175,SAM7c67b05aa109,0.2678392525797366,0.3199087574565613,0.33963045241743656,-0.3091699868434847,-0.29977642034117236,0.4746060750670324,0.4555073659103935,-0.20618003136791108,0.1624639685745794,0.4690303280442036,0.3885907537637331,0.3378885093585619,0.11359531805480538,0.19352820601766133,-0.31607112160856266,0.36197906188426915,-0.2678582418501826,0.4105324061053308,0.40276243971942344,0.3413026264956909,0.3365716258820682,0.36875318952356023,-0.09161160934399125,0.1576235683766385,-0.2678582418501826,-0.2678582418501826,0.23971776660103297,0.02664641934123562,-0.009859334689296485,0.15388205612202888,-0.12723563678079325
176,SAM7d2dfba6cd84,0.4250748716713458,0.3692013991957024,0.3123806088859075,0.12385562863318023,0.10017444603740473,0.41439741368314176,0.3930578388829676,0.2160236115048067,0.3167500437476314,0.43991819046258934,0.32346165736357635,0.4076541557079102,0.3859360321414865,0.45763408991654253,0.1053378200866538,0.31573927516196415,0.18170635483382727,0.3654086565671526,0.36157016263601477,0.4818784936914105,0.3278866813312413,0.34278582574052097,0.22394116956341234,0.3335238065876167,0.18170635483382727,0.18170635483382727,0.4098591940862959,0.23317742208651157,0.2112945243793942,0.2968686105407273,-0.0636911884542157
177,SAM7d7c54623618,0.311482499693113,0.2898458444320642,0.3328528901713403,-0.13400678712097866,-0.04749783720653228,0.42339805597886504,0.46233387148265914,-0.05336256465756723,0.1759475300613786,0.4660369533938167,0.4337671334951434,0.35516783453057854,0.1973155843945387,0.3116263367047354,-0.1396712869083931,0.37266538265207183,-0.0900304417462939,0.44566957725409795,0.38092313460799165,0.3855208763869062,0.340724188929312,0.38088733926133944,0.025812354604036154,0.13629212561003945,-0.0900304417462939,-0.0900304417462939,0.2570698070551753,0.2036053402289231,0.18428925350481645,0.23763170063185377,-0.03402636040293067
178,SAM7edacb3deb65,0.39174449638376,0.32698537297499985,0.289178474752212,-0.1835022627203416,-0.08766203276859354,0.4416932140546469,0.43758369319713036,-0.05226776802744943,0.21734533903681702,0.47254855061407713,0.3718503819028593,0.4100820389389459,0.2464245670665723,0.3431529294613875,-0.13977036180208674,0.35938524139678496,-0.10899819597532134,0.4070809268410763,0.3822822242756895,0.36174972060438865,0.28955137031213174,0.3291641957905954,0.0355123685190381,0.14009070830312018,-0.10899819597532134,-0.10899819597532134,0.2640351742752076,0.16619144340501688,0.14442668099290962,0.2580742036861393,-0.09188276028112244
179,SAM7ee2b6e4d6b3,0.3627869362502367,0.3165232642186651,0.3202670137820331,-0.15085990263989574,-0.07421372433280073,0.4822306082250667,0.4187060794799022,-0.08526286473907427,0.17874376363804909,0.45972979851620166,0.34167471656517884,0.3689566611348328,0.22023237353049913,0.3072740092615527,-0.03724808656102668,0.3320397845002734,-0.11369709574905121,0.37989803962504937,0.3721018739637934,0.40452693741208745,0.30057634666270566,0.3399776755509437,0.01201389878555886,0.14618616841315704,-0.11369709574905121,-0.11369709574905121,0.30148908159446325,0.15149623626323952,0.13668684922345678,0.279047447191824,-0.12755121092858449
180,SAM7f0d9cc7f001,0.4260262876898282,0.36536409930499675,0.32221130231694906,0.07801913260808833,0.07567574074283064,0.44463382045355576,0.42098773247781085,0.13511794425935633,0.28181933553983984,0.4520388699268645,0.3760945558987075,0.4512287278560644,0.38096261425267747,0.4763819651875271,0.014521125748706676,0.3292562635546342,0.10882226447597299,0.3991478907307518,0.37517284435216014,0.5081150127464799,0.3234234142805574,0.3538937708100979,0.1993575953464124,0.2501420601879024,0.10882226447597299,0.10882226447597299,0.35459521617926776,0.263494795962223,0.2178831836268574,0.3997707425686119,-0.13627594660638886
181,SAM7fb6987514a4,0.525924056038511,0.4435829273701308,0.29593970875350567,0.24356285089635643,0.379005877280554,0.45251742943882656,0.44378991882282515,0.22190845035197027,0.3903067106191509,0.43819741031208226,0.3790116730075062,0.3853576713336671,0.35925845498085174,0.4729542597990395,0.22016459626265011,0.3262993727878249,0.1978314655368599,0.3981567325698976,0.366824009008347,0.4815683180714669,0.31462258780735297,0.3488016895825546,0.32627290563369865,0.3300849358444462,0.1978314655368599,0.1978314655368599,0.3937450466019662,0.5036995711037072,0.4841375627602403,0.39681604684361743,0.10688352426008979
182,SAM7fb7a13c096b,0.4099939722849078,0.3517881260994343,0.3453767643299496,-0.027917871913450985,-0.007461331911955335,0.40924119336227266,0.4283121616989829,0.05434801653841777,0.27906354724029697,0.45067954199400334,0.3944992192086865,0.3829779096698417,0.3348094998639866,0.38166690502180906,0.020177280077877658,0.33821513188889973,0.03151476620451691,0.4030555995022867,0.3710003111768946,0.46796761533942954,0.3465504716830331,0.36438406316756317,0.11038339020980817,0.21162811001525078,0.03151476620451691,0.03151476620451691,0.3253157927979687,0.2300166315615384,0.18872993609093908,0.34841164657308,-0.1183950150115416
183,SAM80c6183220e6,0.4503500746270321,0.41861624946557674,0.31184765518872204,0.11632537969229163,0.22081241725719514,0.42406115035478437,0.4347986587624891,0.17235053452661325,0.37217025054919034,0.44394784205226057,0.36468622064229245,0.3549653710374627,0.3463901183028285,0.3860838475017181,0.13958571990662672,0.3299477060398741,0.15111203947152257,0.39694774100969216,0.3711324481096806,0.4612505104414083,0.36044151894316756,0.3678914107618486,0.20647634211550675,0.30941668179966064,0.15111203947152257,0.15111203947152257,0.37141689667560723,0.4283403036986633,0.397443267965892,0.3164795823859061,0.1118607213127572
184,SAM81b71522417a,0.35247373305734186,0.30813565957729516,0.3472101377997645,-0.33662529085132487,-0.21244627081804607,0.4176582818344399,0.44157708063239626,-0.2496898236707283,0.15979523306612775,0.47530547716552785,0.425049317019902,0.3057732243472888,0.12176612919297862,0.19435097496946413,-0.24269649657768072,0.3796440239197615,-0.27822126511809536,0.4531392297394384,0.4035232435580093,0.3134554268016079,0.35176251675360365,0.37083650643233335,-0.031164594492129785,0.09161367725324479,-0.27822126511809536,-0.27822126511809536,0.17942961992878825,0.08810349404199555,0.07859858378355034,0.1408122713484041,-0.05270877730640855
185,SAM822b226466a1,0.32968352841726783,0.27603815112342495,0.3471133906380545,-0.2828802974349215,-0.23614473550624476,0.45987632175770976,0.4147503650160221,-0.17290542197045689,0.12132983309735888,0.47540805947513587,0.35522560036951834,0.2974625534097622,0.19428277710488912,0.20427383744827546,-0.2706619405172525,0.3345077529296678,-0.20291355070241082,0.39511386203394233,0.3970060159989663,0.3839790677168853,0.32075623057690955,0.36020065877395974,-0.04989697388685112,0.12914566516952689,-0.20291355070241082,-0.20291355070241082,0.2584908849289174,0.03316687101774433,0.006168686764191024,0.33888077176584325,-0.3057139007480989
186,SAM8533e5e261d6,0.34479951434189526,0.30692984393718076,0.35949917556830835,-0.24575564275786738,-0.16878898439414808,0.44677735181060685,0.4110008714682163,-0.14513851257759866,0.1734642691768524,0.46225147770133895,0.37399686437907487,0.3427758123893109,0.1482037955535722,0.2527630464410225,-0.22195335089791193,0.34271524853904867,-0.182156503125565,0.41031342230780743,0.39012213900339837,0.3890798463541365,0.3719078289028172,0.3905268752268894,-0.05920530438125599,0.12128666523575281,-0.182156503125565,-0.182156503125565,0.2553738437477582,0.10740020617248591,0.06596692751668783,0.27372775732553933,-0.16632755115305342
187,SAM85e41e7f33f9,0.4295976758981801,0.39137627508912853,0.32070038943770923,0.11849712685540653,0.18899366960345101,0.44097425497996307,0.46171010934427903,0.14111380471845777,0.32179641039621126,0.43967353514926694,0.41132625913182763,0.38540031974801103,0.42414377657827085,0.36084189134079275,0.0494146841429385,0.33711646890375285,0.11027912318194255,0.4161115351048364,0.38210023708325364,0.4796106741597919,0.32981692548504626,0.3554047218789825,0.17934421270895473,0.32392153210702695,0.11027912318194255,0.11027912318194255,0.3476684739392976,0.34497583924262504,0.32029444132507257,0.3421236419449215,0.0028521972977035293
188,SAM85f0a3ac1c45,0.29759246726138355,0.29394623185652163,0.32381893525165534,-0.20792030979215637,-0.2595400084065163,0.48861923078509967,0.44947888930594215,-0.09784599670224874,0.1839743608158021,0.46371437310021113,0.38278069819325383,0.3341696131983285,0.19475761667133584,0.23833314671079722,-0.16816486807937422,0.3621676774440171,-0.1280464942686393,0.4088052353197296,0.39789108308382565,0.4303697128146708,0.3225827695256289,0.34778963624261383,0.013757597336830758,0.14634886193293517,-0.1280464942686393,-0.1280464942686393,0.29386294212885,0.053041635331356723,-0.004257166668242967,0.293415333114676,-0.24037369778331927
189,SAM87a8e18eb45b,0.3832777562389063,0.32306348210243624,0.3353231231285566,-0.13423312699374232,-0.09781170087047786,0.4556650227966367,0.44636840138883094,-0.059470868543381926,0.19206995142176098,0.4669761800026511,0.3979071738899044,0.31102112166434,0.12526766862731217,0.13964742357136467,-0.1665783410667878,0.367229070908813,-0.09043918755309528,0.41848109322556826,0.39143547057882494,0.3770820910251571,0.3436680359985153,0.3760266121366718,0.03382645948839033,0.14779337620795444,-0.09043918755309528,-0.09043918755309528,0.31429764550510403,0.16586537172148216,0.1385975085344829,0.21308911295953717,-0.047223741238055006
190,SAM8884fe446d20,0.5200153615429702,0.4715772854364588,0.3058508931570369,0.2568656310886393,0.39329768584517183,0.4324621232189423,0.4454625225458191,0.279295915878491,0.435789078313889,0.4393145407098279,0.3932528681988798,0.3752158303346956,0.41451847168872136,0.44228624877220585,0.15585426716209158,0.349898364308358,0.24271464106062438,0.40577936214852645,0.37491433557207793,0.4741916007896541,0.34641835826623296,0.3800236119690297,0.3116318553563047,0.35290051978056247,0.24271464106062438,0.24271464106062438,0.41680198922964173,0.472618381229869,0.5109090857830717,0.2624558594464142,0.2101625217834548
191,SAM8a1b0e02ee42,0.37092609810837834,0.30156892950219416,0.3533709711126361,-0.19735208970533347,-0.08517343964880095,0.427872440884717,0.454322094313703,-0.12068930203804146,0.12528396385527865,0.47584444452971625,0.43158353077025224,0.37519035601396816,0.16472344707448608,0.18870476853691306,-0.18772504171696855,0.37955381391586696,-0.14385428970000638,0.44373899939434214,0.3968345539468332,0.34248390334384726,0.36187051626034156,0.3903746066624266,0.026762227558451722,0.10649865534963335,-0.14385428970000638,-0.14385428970000638,0.27399063887534425,0.15335315564737045,0.16493367948461424,0.18342899419429518,-0.03007583854692472
192,SAM8a42c0d59187,0.23640029782077887,0.2752484834054005,0.3247927310835467,-0.2515238194066246,-0.30743676998735814,0.4556221073826177,0.4649213878812944,-0.10202673184691567,0.1656227343793916,0.4673912640607652,0.4407413110044908,0.38885797271738,0.19605207075956946,0.22418016810206084,-0.3237401331468355,0.379196344374197,-0.1385800131399803,0.4575009910358342,0.4063697115458019,0.3768312930961836,0.38931815660988517,0.3947284014592701,-0.033682043650919695,0.16551996181805043,-0.1385800131399803,-0.1385800131399803,0.27103091551163994,-0.04868305259845095,-0.03186988535247104,0.2183810915094062,-0.26706414410785717
193,SAM8b4b8b0f9e73,0.4528012253741311,0.41983584026940146,0.31860741385917846,0.06980252515347798,0.1843937284518611,0.45644657808065214,0.4011713047483835,0.12466127253599463,0.34897806802278725,0.44095541880967926,0.34579134855164745,0.41511589829435863,0.4020287412933497,0.38046957076838056,0.1435952911104279,0.30189830554662084,0.11140026176749486,0.37562157518192524,0.37605930756902456,0.5075937692419487,0.31860440449026795,0.3373131864289567,0.2023771183403389,0.27900924188219023,0.11140026176749486,0.11140026176749486,0.38952755416490714,0.3438533621900949,0.29505213723887647,0.42136830110322065,-0.07751493891312577
194,SAM8e43e9caf307,0.4134664361452262,0.3171570642893327,0.3171472537830119,-0.15620169765347752,-0.050636973634371946,0.47691926482228925,0.4517682479495247,-0.06161004671192876,0.19641632007840087,0.46797361190354647,0.38968709354798703,0.38167350662907873,0.1553158152556014,0.284926416603332,-0.1261482276943012,0.37078308194771886,-0.11556605917721215,0.41831254488865127,0.3775489657956576,0.3955617233316097,0.2949269261989768,0.3374505331447624,0.07021807576222919,0.09276344638745904,-0.11556605917721215,-0.11556605917721215,0.2954118576573879,0.20761508081075597,0.1872335657369829,0.326634626224105,-0.11901954541334903
195,SAM8e469834acc1,0.3935550753719286,0.36597992107775434,0.3210558245088751,-0.02457789219998679,0.0305461929072852,0.46453478176885676,0.4061157161425868,0.039928183463279046,0.3057876697247787,0.4506252012425431,0.3485148593357693,0.4193038927161719,0.43278770188104493,0.40825946597609203,-0.04500170733305107,0.3264733246274702,0.003769371859815475,0.383875448598565,0.37971325125205063,0.5237114127386613,0.3033548394948531,0.344498036712255,0.10153590537616858,0.21807271960961402,0.003769371859815475,0.003769371859815475,0.32295598108417856,0.24214028546764796,0.20771279879405116,0.4651721251644526,-0.22303183969680465
196,SAM8e8ef2368dfa,0.4214694961889342,0.33046563843138926,0.3177747805721911,-0.01857807092655417,-0.019699168993508157,0.48004465892486337,0.3893087622814311,0.05064446267818268,0.32847705847603037,0.4421333907168071,0.3240620056491874,0.41122098062781237,0.4197083270438569,0.42736309488390095,-0.002161776450831787,0.30328250987456373,0.02034256022892253,0.36713175975030443,0.3860981341570038,0.533880185547467,0.32432537565621494,0.3574570129632666,0.11798357640882019,0.2337638711011581,0.02034256022892253,0.02034256022892253,0.33815634280470214,0.1954922693194067,0.11954481649206133,0.3595962384906316,-0.1641039691712249
197,SAM8f2275c36e8c,0.32608840014545076,0.32820485339718786,0.3386865292116078,-0.16647541874526178,-0.15516445937774304,0.43925160812279646,0.426308597571626,-0.08084494469159353,0.1860657432204508,0.4686394807406603,0.3821780716199458,0.37501081123038216,0.2653644768801482,0.33756065117265,-0.13665378974013734,0.36117623245491975,-0.10735254775399869,0.4082486251362755,0.3918535341686746,0.42317785079875186,0.32493473237203074,0.3551668359024837,0.03281130446362164,0.20384354626588988,-0.10735254775399869,-0.10735254775399869,0.2624293428317186,0.1469567578884898,0.09749467115185222,0.32185767177260766,-0.17490091388411785
198,SAM91c47b054ffb,0.4199157233150976,0.37144534346309244,0.33613342412542224,0.07247851913418937,0.15668209724734553,0.4063084915668505,0.44406451040576,0.10026396699835942,0.24630236526257307,0.4649313950338377,0.4142310650607485,0.32723558153875093,0.19202263567368555,0.21671603106683057,0.08866912075466653,0.3591746022340679,0.08060521341424842,0.4131017910266586,0.375346122180242,0.3935433986963236,0.30199153405262813,0.3366337749853949,0.19999706663541103,0.22928141467430416,0.08060521341424842,0.08060521341424842,0.36275481849285207,0.3754223186815942,0.343477315828749,0.303947891981987,0.07147442669960719
199,SAM9306c5c92444,0.40771805010530277,0.3779448833444879,0.3504697687439304,0.0044140659452071625,0.09757397131915517,0.3983882352581579,0.4496825466681701,0.06468908644463968,0.2010059443960744,0.47130237403441,0.42858183990972637,0.36262368776661164,0.16790351845778836,0.2587467886866848,0.002772018398213184,0.36375881348656236,0.031003495814516027,0.43215531604095636,0.3925586408332635,0.31430260355557205,0.3251010222976744,0.35865233926017115,0.13914556963441874,0.19305819279021316,0.031003495814516027,0.031003495814516027,0.32229189447090467,0.33072543331877635,0.291130163707814,0.1426853058289908,0.18804012748978555
200,SAM9410b866974a,0.41110702777446656,0.3822139971475024,0.3219895774964377,0.0018877645401995037,0.08028589610802657,0.44528516594041945,0.42698167888097616,0.08478477294742928,0.31398652348267186,0.4557472641879347,0.36622286111955554,0.46321150166136116,0.43381488629260906,0.37802907029064914,-0.038788178497604325,0.3365982605481172,0.0625083579032894,0.394494722866174,0.37587333974851345,0.4641932347219407,0.35854791987700674,0.3763429748830071,0.11027056267013839,0.31778452316433586,0.0625083579032894,0.0625083579032894,0.34661408731422727,0.30655535397553035,0.25458633865076796,0.309771180681406,-0.0032158267058756684
201,SAM943df5cf15df,0.37102769171387945,0.35128926232543406,0.31810313464859963,-0.016452491520514485,0.023111571143505247,0.43933658349663657,0.43955151169691214,0.07174176197697812,0.29300413605422543,0.442732308711131,0.3803031164340186,0.37486251088576195,0.45551631107460594,0.3722400265420179,0.011751732549236543,0.3380589405468323,0.035247677990385425,0.4029037419864546,0.3784936595281067,0.4781240878402877,0.31829272555510313,0.34502862890756547,0.03656135209851021,0.24555814347426985,0.035247677990385425,0.035247677990385425,0.3533073954928187,0.2022172640177689,0.19634028494204792,0.34841860262125324,-0.14620133860348433
202,SAM9448d858692c,0.4609321326364832,0.3995822502650431,0.29938463698890405,0.13320736655558996,0.2542822866846325,0.4255850023532488,0.43494952507004037,0.18450922787375734,0.3716552197149727,0.4489872644447551,0.3663478535856608,0.4072488506554059,0.3417365197451792,0.45789373513543113,0.1366933153977781,0.33620585851818396,0.14783545247905402,0.40381542353269473,0.3714124308933629,0.4685241605005037,0.3011846310978683,0.33820165720744033,0.23376572257746858,0.24748027667404016,0.14783545247905402,0.14783545247905402,0.3772668388871337,0.399599083351647,0.40026865237617304,0.36502351556418133,0.03457556778746568
203,SAM94859b440b1d,0.3879840915202875,0.3179570157177424,0.35083852239732,-0.13803728231253376,-0.1498073113996658,0.4389380311927951,0.4214045140071924,-0.04583203018026342,0.1811092928032381,0.460717671991522,0.3915891974371723,0.3701345346989237,0.24136368384787296,0.2910764814592475,-0.1421444553207594,0.35297270730700314,-0.07694650099669342,0.40323590865125525,0.38338879448202795,0.41722837524729783,0.35018888629102474,0.3652841596973282,0.03971902370157013,0.18638824949198063,-0.07694650099669342,-0.07694650099669342,0.31199690641577515,0.08585502171881253,0.05561669360424527,0.26252573878893,-0.17667071707011744
204,SAM9539a4f19ebc,0.3095409362782652,0.33910847245428455,0.3330591393370197,-0.21324178789302384,-0.16419337123474587,0.43693419227353497,0.4415365466258448,-0.10195401184059444,0.23543667489314596,0.46090199827266787,0.3726909773020612,0.38152054877322367,0.28078476006457653,0.28991369971380976,-0.20953779340773307,0.34052036942647296,-0.13483073338724197,0.3987371858850696,0.3872160878313924,0.4452124103028606,0.3331930320167017,0.3476637417825036,-0.03244566957520338,0.1884061293475072,-0.13483073338724197,-0.13483073338724197,0.2822620164766888,0.13415341545891027,0.08450455221765095,0.33774638164459136,-0.2035929661856811
205,SAM957378bd907f,0.4621077587713363,0.39244585442503527,0.3180741607315372,0.16040720423722654,0.2518231666360454,0.435233518778746,0.42204358444118323,0.2064182419399965,0.29170261717154555,0.46144389254940765,0.3799894480004137,0.35484608634919446,0.1817933345204754,0.3341271138226287,0.18033466678639826,0.3447610530176297,0.18808173660204253,0.41369793042057756,0.3891257818062031,0.39685945350483,0.3222719295828694,0.3467560844491236,0.2425695221503832,0.3177335413551079,0.18808173660204253,0.18808173660204253,0.4269988977971414,0.3725596431535778,0.3404414814271785,0.20545295757574505,0.16710668557783276
206,SAM95c70496ffb5,0.46541057083979553,0.42180845689996505,0.3165101353935113,0.08982228371213669,0.1827860050561066,0.41159066982751963,0.411702796047749,0.13766580326503491,0.3509203491193865,0.4378969978227848,0.35802520122593817,0.4100162965362007,0.4090787602170333,0.4515653375553896,0.15765086444105894,0.3148947456851531,0.12385469259925269,0.37651401684841385,0.36652506400590396,0.47764066708525565,0.3159399481544645,0.33804324581224693,0.2123973628019264,0.31616052989255483,0.12385469259925269,0.12385469259925269,0.3619043268174942,0.33776503124066687,0.30518055179570813,0.3496543278134851,-0.011889296572818231
207,SAM961d04c42bd9,0.37754490266172,0.351216788692161,0.3416069226575338,0.006637035300566417,0.013152862719337629,0.41899473325621506,0.4372034290392898,0.04140769076899338,0.2279222777222938,0.45604627384655044,0.4007922298802494,0.38409747750036616,0.30158395977566127,0.3325793083732946,-0.04852372136408517,0.35362954939879054,0.00906486796641607,0.4154805797094641,0.3730061519499428,0.4627435551665032,0.3475791956418295,0.3681266569282124,0.12458376385722095,0.22129669118704184,0.00906486796641607,0.00906486796641607,0.3090828067528556,0.2054414570054084,0.19766861628440144,0.4031425674734698,-0.19770111046806144
208,SAM9681450bbc90,0.502864051994124,0.4574620001466304,0.30122844547730143,0.17990458662591105,0.3611017021573985,0.4213982133393048,0.41803558931099366,0.17547349021484465,0.44679029427709405,0.4476628546760757,0.3451556483236487,0.3700928244133851,0.4202034628162434,0.3368925870997553,0.17708414889363575,0.3374858882977597,0.1688200772774273,0.3866291983738515,0.3683100456478254,0.5011986193880164,0.3197472931044077,0.3434937775130801,0.26293593661322545,0.3228492921059659,0.1688200772774273,0.1688200772774273,0.40089341829899927,0.4899598257271774,0.47277289221971625,0.3474921016044996,0.14246772412267777
209,SAM9725303dce0c,0.43134035954003785,0.34960733293829815,0.32755916465245905,-0.0355005080889727,-0.028219424220229543,0.47479599907422654,0.4418993619218862,0.06493049879156476,0.18227768454285312,0.4636485700006209,0.384388755755019,0.3939764777332474,0.15312019441529265,0.26319835498447924,-0.0758501120516444,0.33619336275913253,0.00906007542247919,0.3900047443732576,0.35934930981837787,0.32566443408326357,0.2971705845544034,0.3291283806738922,0.0937501667716016,0.16466150847304117,0.00906007542247919,0.00906007542247919,0.3488587009587214,0.24582618704980438,0.20478968958437535,0.16847034884852652,0.07735583820127787
210,SAM978a587b207e,0.42769870286218675,0.3897169356840245,0.33390438582458065,0.030128644672658737,0.10896064512303189,0.42937448588668575,0.44501177105297957,0.09998420655755934,0.28893377627246425,0.45593359815833767,0.4301437576263205,0.47896238365986754,0.4011272623912102,0.31368510837297003,0.021692825670357054,0.361093770743056,0.083364623160874,0.4269066133546826,0.38545707158003395,0.46592025743589194,0.3485191079151987,0.3688812682288094,0.15315925680574952,0.2730299399229229,0.083364623160874,0.083364623160874,0.35863868940264854,0.31290553997548265,0.2883313564808975,0.24872188009492663,0.06418365988055602
211,SAM97a00e0929fb,0.3700303584978907,0.35959152395662225,0.3299091372964288,0.024978888367666593,0.10227442134332433,0.4361462931450445,0.43861968635098453,0.04997649584206605,0.18791458061427044,0.4625158086323281,0.40655630221394623,0.43040148933457323,0.1589414088991938,0.3021201159647051,0.0440517608917094,0.3874226478606892,0.0284550179460314,0.43702340370134984,0.39253147832955093,0.3819992637225584,0.34045202435827066,0.36648971528106605,0.15429755026771114,0.2045865126377196,0.0284550179460314,0.0284550179460314,0.31146344762595296,0.2551907430534701,0.2585628778015605,0.25569340652524275,-0.0005026634717726353
212,SAM99a46b9eec27,0.4651193463480986,0.38078301131931314,0.3145883097358533,0.059514432211240975,0.1265154434699118,0.4142262406789177,0.40778566849401676,0.12415601218749672,0.3574976715322875,0.4518890258545941,0.3399040379772826,0.3567844043125059,0.3534238471965522,0.3702890750574006,0.08119011321901776,0.32622573167860663,0.10460404756775621,0.3885537588715315,0.38681953311817735,0.4776742328868492,0.3132422579501922,0.3319442550908133,0.19027786221369497,0.2887824973467956,0.10460404756775621,0.10460404756775621,0.3751052762379762,0.35529137764656,0.30776404467989105,0.3018718175281762,0.05341956011838378
213,SAM99b1f6a9534e,0.4041637962164147,0.32494123054958995,0.3098224996703623,-0.1340494157839917,-0.04538854821075453,0.4978788702201144,0.4519624975153811,-0.07422792236283639,0.2737550607619361,0.4566552688948489,0.3760775149500268,0.3859909568127467,0.2396929120387195,0.3194031088097649,-0.09024811191792606,0.36326611736514475,-0.10169744549651087,0.40337617561087785,0.36463739664093664,0.4668238549189788,0.2893413457444188,0.3312066327261832,0.05966854476406205,0.13644554183026594,-0.10169744549651087,-0.10169744549651087,0.2970598711607554,0.21440022515802065,0.19469937168534343,0.37472593024164746,-0.1603257050836268
214,SAM9a2cf3c06fb3,0.4186918276707411,0.400772591074892,0.2989761489102354,0.026986353253666048,0.11186492127319084,0.4554427792683485,0.4460479927997896,0.09416094159813605,0.3433532904137963,0.4493738147697903,0.3662667359455028,0.4120600103943126,0.37490202715908383,0.44428779991533446,0.01572946970645115,0.3396027641193394,0.06295569070542077,0.39204345292093634,0.3685030975617357,0.4827018701413112,0.28441771989028836,0.3263949249511664,0.1345003533627753,0.24940742210420114,0.06295569070542077,0.06295569070542077,0.3518754824156169,0.3217825130706708,0.2903430367543742,0.3493151033701227,-0.02753259029945193
215,SAM9aa6a095a9d6,0.4043127765413766,0.3561808534234696,0.30701098528030657,0.009561140467519064,0.0314341440758912,0.433454880404851,0.421405492769515,0.07551269412754068,0.2749705305470667,0.4569418270076705,0.3553256560422612,0.35814776695658396,0.3424582462526468,0.33067099791496224,0.03182292857486115,0.3340454074019556,0.053507855065742675,0.3994066462495402,0.38175440249121406,0.4695188613134705,0.33805397219503197,0.3606267023992939,0.13627076702728483,0.25143556065645545,0.053507855065742675,0.053507855065742675,0.35051532904008464,0.2646311021801422,0.21271294962682513,0.34194682701610174,-0.07731572483595955
216,SAM9b9d48b0b02c,0.3872075396262844,0.3291483365191529,0.34171855604811463,-0.06786634746238634,-0.0031553137610616446,0.4373067256472446,0.4513367820178751,-0.017247733764307098,0.1614334114977873,0.47053625005998734,0.4263156700748759,0.38494604510254776,0.14914544410940458,0.29602718671779465,-0.04651690547596222,0.375851839342465,-0.04692633824388312,0.43626232427207673,0.3837981630276876,0.32951928942898273,0.3418326947190688,0.36946454337917894,0.08802454999759834,0.165147046775624,-0.04692633824388312,-0.04692633824388312,0.3146059128561609,0.2524521407704918,0.2257786453495274,0.09790753692739267,0.1545446038430991
217,SAM9cafb905b36a,0.46128981331783137,0.3774672885012935,0.32928904958451993,0.19569837742761925,0.27275347656200516,0.4197810803244192,0.44822488347393014,0.2570245869872692,0.3120501911128298,0.4572626653688822,0.40582377975259887,0.23217028454228492,0.28140233911089046,0.2869280091994786,0.1273832538557659,0.34720974385502246,0.226378380530913,0.4225835763209118,0.38397845550561566,0.3891881638267648,0.3426979027022388,0.387876002420911,0.21885687481363753,0.38704872402556934,0.226378380530913,0.226378380530913,0.4153457437598311,0.39564017514951727,0.35967059722151834,0.1620704551475356,0.23356972000198167
218,SAM9d2494119c05,0.3393395561612809,0.3457584054089412,0.3455094346528576,-0.19872801974036292,-0.048042199483696035,0.4191711817101149,0.4444447496018062,-0.1655891832984687,0.24202784989189668,0.47061005340854345,0.4216122603263725,0.32516180322716143,0.23844915638379713,0.20728212400161095,-0.16585628590908671,0.3639453857712451,-0.16892106852306096,0.4266511840089629,0.3973461613576348,0.41477387531919185,0.3441428750279091,0.3807822804659027,-0.032798611770709266,0.19896710697153247,-0.16892106852306096,-0.16892106852306096,0.26518831923701225,0.1876717189341613,0.1514576363113062,0.2560119510160564,-0.0683402320818951
219,SAM9daccafc18db,0.3761561609978048,0.3411705711660019,0.2912146786846593,-0.09334935907638411,0.002334607845940626,0.458533280997715,0.4161900399898215,-4.145629235337728e-05,0.3325184158374536,0.44541522376515374,0.33322989562330957,0.3654381164626308,0.4166294936321282,0.3737192866710015,-0.0509172084768924,0.33239044912060695,-0.03752364390289926,0.3710893101828562,0.3387432164184829,0.4850890349234269,0.30886921495532094,0.3440738400147155,0.06683259805431341,0.21013672048547433,-0.03752364390289926,-0.03752364390289926,0.29200612438952206,0.26984581261497714,0.22112470785013344,0.31166689772432354,-0.0418210851093464
220,SAM9e11ec6bea80,0.5181310269051064,0.3954329603508799,0.33512407006541617,0.1402725022327886,0.2538894937975415,0.4729598366511767,0.45648198581536187,0.21796944090860965,0.3562332621429066,0.4613632782137665,0.40794321986162896,0.3643080358064286,0.2805197543360275,0.385360723999959,0.09205299653406154,0.355979695731818,0.21255237956724687,0.4420549725446664,0.39886588767388853,0.41989507370588713,0.316934473789552,0.34884626262045243,0.2741326670096335,0.33531401132238053,0.21255237956724687,0.21255237956724687,0.447758291219695,0.4313390049192782,0.40708649263042085,0.2651174474605199,0.16622155745875827
221,SAM9eebdef2858a,0.3278934643426791,0.3459858998399203,0.3160532407546459,-0.08679490491101816,0.017953348450705592,0.44463725084653255,0.4442186148756027,0.01355631365436776,0.2609323457032377,0.4555057557346263,0.40563589229803276,0.3811231728857834,0.28944052816939536,0.3152608630954157,-0.077989687805139,0.35105170048050427,-0.028162345718128708,0.4311456984352276,0.3993397335760409,0.433170105898216,0.3279104975458123,0.3724296557412623,0.0368237496079315,0.21202548055086085,-0.028162345718128708,-0.028162345718128708,0.3303637523046287,0.18565247043341615,0.19854598399349155,0.26495158860254214,-0.07929911816912599
222,SAM9fb814c22bdb,0.43431669707561943,0.39815636138923616,0.29189173404175855,0.14998662420936174,0.20186571587796853,0.4370606023053388,0.4265453202043353,0.2113086822266915,0.38411425044123076,0.44023813132791684,0.34928962315368983,0.3885506959715765,0.439551699723491,0.4430529348752093,0.18169643909569963,0.31893731262534064,0.17953054899073723,0.3898272981382179,0.37350697679990985,0.5193159903373412,0.3105930972282631,0.3429840659793256,0.22147994376090183,0.3260972677021447,0.17953054899073723,0.17953054899073723,0.4021389238360224,0.392809322138039,0.35065277204412376,0.4173046386390169,-0.024495316500977915
223,SAMa0ca029b7afd,0.41981568181126105,0.40223733987832766,0.3207964238112731,-0.039899874394579884,0.06967377912329523,0.4273116866872775,0.4213970944982813,0.01910229920528605,0.30450900164377476,0.45561107856671224,0.3710054209022508,0.4560967435585733,0.3485965019704638,0.27223648059756395,-0.032410904091652704,0.3319235121736484,0.018594807384514835,0.4003359183302871,0.38289555400294095,0.4532676785746906,0.3168255161041596,0.33798287012123246,0.09097465964062759,0.26642362588214896,0.018594807384514835,0.018594807384514835,0.3394134888620958,0.2496827294321823,0.24160362451738776,0.26638873143466896,-0.016706002002486647
224,SAMa1871f491b02,0.36174330724389553,0.3412594204160168,0.32158706860244524,-0.12814868819323538,-0.02532626015427063,0.4543892291446257,0.4281419006229419,-0.062133166756375216,0.15166680837590696,0.4665073123340767,0.345001113382274,0.30257842401833335,0.11877925644414848,0.12284371250502853,-0.10688210139917836,0.3383865247198384,-0.11771135171286637,0.38650956762058125,0.3722285797174311,0.28346951655792957,0.3037059089305419,0.33093708720046416,0.028331325125386952,0.1505719622218896,-0.11771135171286637,-0.11771135171286637,0.2763846274915537,0.2621540377410119,0.2187735950625642,0.13146657210568977,0.13068746563532216
225,SAMa1e62d323e1d,0.40958877085876594,0.39704321267905884,0.33045949224809945,0.06304020156033066,0.1005340006733296,0.46661617839739405,0.4318030026273169,0.11669213641788902,0.27679156660289794,0.4473205553976677,0.4071978650342416,0.3932449159821587,0.3442370388668576,0.3260047079832962,0.05728969745146039,0.3542173762039403,0.09183770058031106,0.4161326338944032,0.3741368264896002,0.4876593977024707,0.33627702189450537,0.37423316529959355,0.2013597405456433,0.2544705035768319,0.09183770058031106,0.09183770058031106,0.3773458547134801,0.3150074285072119,0.2776560241541056,0.42084187048601335,-0.10583444197880143
226,SAMa321770ac31c,0.399549696062931,0.34679181501409556,0.32688064821230495,-0.03588620756796585,0.05000953494430519,0.4393282914187833,0.4568320112632544,0.016453565681476174,0.2239280486687865,0.4547758342318004,0.4120338809397753,0.37744972202748883,0.2572492544680165,0.33953280884915893,-0.023385905189540705,0.3758486858493477,-0.008699468006404839,0.42903574852589016,0.3690338998389373,0.3803122368250505,0.3229565036229725,0.33738624991993416,0.10243956041976814,0.21972468010250587,-0.008699468006404839,-0.008699468006404839,0.3043306284663114,0.2795491467697988,0.2458692638553243,0.26670476042357033,0.012844386346228476
227,SAMa424c75831b4,0.44321943320618823,0.37674314200684555,0.3291230619690098,0.06504648575078134,0.16258411798781028,0.47665019983859036,0.45106702927497283,0.09706177364532818,0.24681395436883566,0.4581261208769601,0.4219255488683424,0.3501294760777039,0.2820178102809697,0.268697551049615,0.0330315898493663,0.372386943733171,0.06265616488200147,0.43177134183884625,0.37865684725817655,0.4343674867010403,0.3729678024173574,0.39389465187481726,0.16466941022766743,0.21274301665264916,0.06265616488200147,0.06265616488200147,0.3441922717915829,0.35304610842327183,0.32294929204060335,0.33300525949330445,0.02004084892996738
228,SAMa535fcdf18a0,0.3440861710983138,0.3646692665700515,0.31032481044308413,-0.08380354770942833,0.03399204235404009,0.47371875811239555,0.46210322623909805,-0.025457922930084448,0.28914966128230585,0.45737260324998297,0.38838743958063027,0.3773166012985377,0.30144705232042174,0.29758913967424305,-0.08870217828790004,0.35819828871109954,-0.07296929427349931,0.419381216515394,0.384976630714176,0.4741322023673908,0.3013278549269078,0.33458957452748433,0.0823918363054477,0.19845628324663028,-0.07296929427349931,-0.07296929427349931,0.30206722718514384,0.2314032266136978,0.22255962618147104,0.3504314058408107,-0.11902817922711287
229,SAMa90d73f8d891,0.39292456179371343,0.2907800188005979,0.3372164130354622,-0.23621906566997017,-0.18638069463608004,0.46573464412946697,0.42497006352005495,-0.213603781143499,0.1856293494328102,0.4651213263363641,0.3748412831787718,0.31494747653618443,0.30508338061059165,0.3475622631109927,-0.1993584637348483,0.3446034654218276,-0.20708778730939637,0.41198779431054544,0.38776936945595897,0.4170581687548036,0.35906008899930686,0.3829141142665638,-0.012668603684456036,0.1607494900836785,-0.20708778730939637,-0.20708778730939637,0.2353418429866778,0.12725432603187659,0.09084853436308636,0.3205704630491953,-0.1933161370173187
230,SAMa913c6139ec8,0.45286121546173597,0.3932772650973846,0.317728475157446,0.16401233590899697,0.1727398474439947,0.46695251251350234,0.4334753779441762,0.1815741325671048,0.3168630857520619,0.44398115842920655,0.3643661800526112,0.45025081398904415,0.332504260881549,0.42197143440281387,0.12326002315827947,0.33127024894377877,0.15112130996678422,0.3883271911938494,0.37298723924609656,0.5140274117839099,0.31419074028642463,0.33511389121903506,0.2499435377000396,0.30695276935461385,0.15112130996678422,0.15112130996678422,0.38580725661153326,0.3541618600479677,0.305567990794885,0.43386169020010135,-0.07969983015213367
231,SAMa9ca8536d2b1,0.44548385394763096,0.3636774787454468,0.2976837504328109,0.08738669042760504,0.1296443317205371,0.43552666336867374,0.42027153876629436,0.1455741912124124,0.3608039744143653,0.44010671050101974,0.34425186312588274,0.3905524297148322,0.39914453933113886,0.47222806841737963,0.085007347894028,0.3287815114860411,0.11260896588867299,0.381589692795646,0.37726270998032274,0.550108768047385,0.3096089596054473,0.3473146301004429,0.20926467895592188,0.2721935669908207,0.11260896588867299,0.11260896588867299,0.36887381161305594,0.3289780591772439,0.2925000466026036,0.4532618135937695,-0.12428375441652562
232,SAMaabf4afe4213,0.3868070140305886,0.323492784245183,0.3410391583500413,-0.10709515765173243,0.02370186604228814,0.4068332987157581,0.43290188046945444,-0.057130874931962006,0.26788296314227394,0.46501124157481827,0.4042970801580186,0.3738191398964933,0.19313294691416838,0.2720651212490296,-0.020835415366980147,0.35942058508922603,-0.08171973737804583,0.4204554755243449,0.3879594819557167,0.4235332422755603,0.3371994737809381,0.36471636732633556,0.04371149677582385,0.14900571378710756,-0.08171973737804583,-0.08171973737804583,0.2771457029890996,0.26459560832775086,0.224307477950863,0.2139753755889794,0.050620232738771476
233,SAMaaf505c36f93,0.3250992996763158,0.34430517559136564,0.321319824270755,-0.09741225246584387,-0.032328956938759465,0.45428097175019466,0.4292802414910266,-0.04408422884673643,0.2644044487177829,0.45700054720822597,0.37915174628806875,0.38990545946769917,0.2902393452259324,0.2921135937590346,0.0045756978010454835,0.3466392060452042,-0.05876761436018537,0.3977320707109225,0.37864857350035575,0.45256917766695265,0.3045231264446957,0.3400272800692906,0.03206399758571633,0.18773358533910534,-0.05876761436018537,-0.05876761436018537,0.2972991794121398,0.23860067250564168,0.1794102492284289,0.3391328688392007,-0.100532196333559
234,SAMab8052a03398,0.40937448737923654,0.32784724335989585,0.32000494494086557,0.12207578727137051,0.1996914873816098,0.43971732483934506,0.40736361439150054,0.1553111491810349,0.3416814364314405,0.4493002669106107,0.3576183672391308,0.276276020128054,0.4860841011855859,0.3391358208999757,0.1503834369474805,0.3313635837057662,0.14716273510120262,0.38953281256360095,0.39061255044995213,0.4971002326778947,0.3468052037144114,0.36095524075550933,0.1433393057436254,0.3371202028202549,0.14716273510120262,0.14716273510120262,0.39122918131923007,0.3324584965665333,0.2955698816911956,0.31223638689426453,0.020222109672268784
235,SAMabc151b01ea3,0.39399625538386207,0.292817300108242,0.34070838614026216,-0.19086141360540632,-0.11251625102017662,0.44467413624759006,0.43500101322876167,-0.09997780201413367,0.21660820310661955,0.4638222171040029,0.39748492699605537,0.41443160086410835,0.25080294390728847,0.3339340733647345,-0.12878317408613868,0.3667624757287233,-0.10840402924540914,0.430139012771847,0.3934276541495517,0.419887828367549,0.3694948778222983,0.40844483920128594,0.01180594229894742,0.22196155370526974,-0.10840402924540914,-0.10840402924540914,0.277347465320719,0.15459827908427065,0.10268034095361706,0.2105378223624044,-0.055939543278133746
236,SAMad83c9c53537,0.367997659701065,0.3327172928666477,0.329065793220206,-0.0618491393695322,-0.04903457230148537,0.4348519372259169,0.4265665869363445,0.041986372133481414,0.28730645472332994,0.45267760182386974,0.37027098879327486,0.3934345848204528,0.38300126655709815,0.37435665625123876,-0.022396933263912937,0.3401219796895013,-0.0010880476087867118,0.39459565845950095,0.3871741251185805,0.47887735647282903,0.34005790846694167,0.3561432506375559,0.030822205913160823,0.22214291428915653,-0.0010880476087867118,-0.0010880476087867118,0.331790842885783,0.20543507686909557,0.2040779616166439,0.3165162736965363,-0.11108119682744072
237,SAMae02629a97f7,0.39235059497545843,0.3044882881485786,0.3210635362489472,-0.18518145990984558,-0.16611226835459547,0.5008064604624978,0.45300428803557585,-0.15863681406585692,0.15268893715631654,0.45537362751720195,0.3766227838201424,0.38845213840940285,0.25079138240789006,0.3150449776890354,-0.18269615145416987,0.3349968073730701,-0.18186834557178416,0.3947461797996635,0.38741255847846057,0.41285505118031784,0.3191136427860645,0.3565178329987629,-0.043620542986340334,0.14295608608867771,-0.18186834557178416,-0.18186834557178416,0.2661123403924615,0.10419514739165399,0.06381780136377808,0.27022314570434214,-0.16602799831268816
238,SAMae1690469964,0.37664943235819476,0.3642034088931273,0.33971020600681806,-0.09962133003892436,-0.005927083593877759,0.4191829275793743,0.42846223350764956,-0.013536662851816386,0.1961514958272096,0.46701510433254356,0.3736881109525418,0.3483995494210136,0.21188089995610143,0.21026144950594197,-0.028881399751450567,0.3566896527798833,-0.053726855449776435,0.408722520576924,0.3797223313908011,0.36810196949196616,0.3357049179397114,0.3696776707312272,0.0476975656092579,0.17947268143193884,-0.053726855449776435,-0.053726855449776435,0.2857234357655114,0.23497919011430898,0.19560855224667856,0.2531863190513168,-0.018207128937007794
239,SAMae4da274eded,0.39240686692608107,0.37317561385603976,0.3387078012351123,0.046182170567751646,0.0443039502654461,0.4817761503575161,0.4447153070912099,0.08266529633767221,0.22193134730734634,0.4564759390035491,0.3908207937630675,0.42642208823928934,0.27362445575636707,0.32546744844814396,0.0547167331824583,0.3513419873601608,0.06413542818167366,0.4033064206337189,0.374634226276662,0.43725106582719997,0.32269477001921093,0.3516367385150221,0.11897000020550827,0.2629149780947959,0.06413542818167366,0.06413542818167366,0.3637314519815935,0.2832635731612099,0.22478963589268244,0.35157602614552697,-0.06831245298431704
240,SAMaec7380f9ab0,0.3482487583048951,0.26978387865172637,0.3290972299562971,-0.09534555828837454,0.007664435445612772,0.3941944108006564,0.449663111800793,-0.044130791999625114,0.16205515627404501,0.4697196973980846,0.4278977091982083,0.26041959027829376,0.15951847199889538,0.29110096778941463,-0.05379493213295991,0.35988689132192353,-0.07319543933979056,0.4349591866555087,0.3881552798981638,0.3091575755148636,0.3346646642560317,0.3728852331168916,0.024585075934557256,0.15653039732773938,-0.07319543933979056,-0.07319543933979056,0.28884413075615517,0.21315301189738836,0.23257429732012186,0.17282094307571227,0.04033206882167609
241,SAMaf42c1541269,0.5052008079225595,0.4520211131809948,0.3174185580810375,0.1616640143439282,0.33310549812471146,0.3876723279639905,0.4390089710759159,0.17595428441402228,0.35875257420725853,0.44104495002624355,0.4169213911069298,0.47853844776644255,0.314984415092406,0.37366695367430164,0.17145887826378373,0.352138994940162,0.15970382320158547,0.40858801017127183,0.3694843861022103,0.4635600755467654,0.31563141171042863,0.34370761208524964,0.2781345218365248,0.28624992200544835,0.15970382320158547,0.15970382320158547,0.37159137853381435,0.46842578654898587,0.44143378629177815,0.3302200605693748,0.13820572597961106
242,SAMaf7578d55754,0.42196486730573557,0.35425807608199505,0.3502923089245763,-0.009796720702990163,0.12536743260906158,0.43833484712080306,0.439361888999364,0.03666735041835439,0.27208859467685237,0.4610456216950085,0.40693927397965823,0.42980001029095566,0.3497086226986624,0.39107135071399607,0.03801354196664452,0.35936440608477593,0.027685112569628762,0.4372647568115224,0.39050941763555497,0.4248338896683826,0.3469392805505871,0.37774080619040495,0.13355727413468652,0.23180369948939014,0.027685112569628762,0.027685112569628762,0.33852726239197584,0.2556620684158973,0.27175264099177665,0.32091400793539115,-0.06525193951949387
243,SAMaff272833538,0.3691371156105619,0.33698434179128844,0.3205734531551977,-0.007906588849844978,0.01264227275873523,0.41977207282628853,0.43483192288194034,0.0674194050340658,0.2578180965314345,0.4537072510379292,0.38681195728474416,0.4206288334647534,0.3569256225408824,0.34645910168513994,0.01970711115765494,0.35601524957861547,0.03562472898678016,0.4109291364168169,0.3723896026129551,0.4870505348682895,0.32657838448553017,0.35801577319968275,0.1149315676337277,0.22833836832684035,0.03562472898678016,0.03562472898678016,0.32633138852238935,0.24789245128370813,0.19261554811256024,0.3477006161018338,-0.09980816481812566
244,SAMb0a83e5fbde9,0.32434844669451773,0.32413305937253645,0.3302583455901011,-0.079880813830843,-0.10506959797011046,0.4669503042898341,0.41097555362849836,0.026221336701115,0.20404307846184852,0.4638866250252597,0.34373277425587895,0.372194975742237,0.24920830766571672,0.34043360706549963,-0.07941032348952766,0.31742706190386555,-0.019792217059305478,0.3854713691751667,0.3831825616381271,0.41720646703121306,0.2922508526108585,0.32375332979174776,0.039147126233757525,0.18987391787126284,-0.019792217059305478,-0.019792217059305478,0.30847637551164303,0.13193246513966853,0.07860072990626407,0.31097972395116247,-0.17904725881149394
245,SAMb0d11db9aa79,0.4898943124888726,0.448899224113036,0.33153747879207474,0.12329092719264789,0.2820572440655532,0.4566102567020718,0.4236371039661389,0.1710071523450156,0.34679501613269564,0.4573582179326205,0.3675720460708986,0.36952477209288875,0.1879963412807378,0.3321093897536059,0.15860835886321883,0.34251296315376634,0.1414160181608859,0.4034047166257558,0.38400353364121304,0.3677557584259542,0.3413870200160716,0.3624246044206631,0.23993254976632983,0.2965276269535088,0.1414160181608859,0.1414160181608859,0.4042103480562288,0.44891311029952524,0.4287567445665771,0.1828707260291217,0.26604238427040355
246,SAMb15ac6e4c4ef,0.442384815890756,0.4085859471344677,0.32929229113295194,0.06873082799651196,0.14568631720418584,0.4444610729216255,0.4171243583662815,0.11201868336335,0.2634901478313554,0.4689598103544617,0.3806353056481756,0.4180572757104536,0.23669563706896443,0.27083011238902877,0.0679673700439558,0.3617059861135174,0.0870805881465688,0.4184063554258122,0.38713926979558655,0.41060294271980147,0.3654400969529361,0.3831586594690259,0.17516040104772782,0.26373573585993193,0.0870805881465688,0.0870805881465688,0.35971004470715967,0.334683477794734,0.32892756306374993,0.3007005927441094,0.033982885050624634
247,SAMb15ad09d6e24,0.5025088403856108,0.4468222191180166,0.302156842139252,0.21811407239611624,0.34119456565834877,0.45664623009708116,0.43887490470772755,0.25007251190447977,0.3979889264357119,0.43829630151545335,0.3824743829940482,0.40336527425055924,0.37493928827806405,0.3935736624378559,0.19473580107331784,0.3496014813068968,0.23228005357337966,0.4142839559689921,0.3724377344904453,0.48902850916993895,0.3132514243186467,0.3422862476165534,0.31401575360209705,0.34154477127231353,0.23228005357337966,0.23228005357337966,0.45149897592225197,0.47611571725487634,0.44866119559623174,0.3548666048538677,0.12124911240100866
248,SAMb2e4a082541a,0.4824342680703651,0.3596422738236479,0.313594714581899,0.1958252511377621,0.20478789795119964,0.3879832548418276,0.3837708337776516,0.24554314683600825,0.33492991146973694,0.44733741507039215,0.35250012242773554,0.2381627653433279,0.23293496040814127,0.3764750478399156,0.14554739152051843,0.3105028787169425,0.2125209443153622,0.38221923088841914,0.3790103792163916,0.4752442150015968,0.32148864666266735,0.3402815664298733,0.2586797311089585,0.3248404105500931,0.2125209443153622,0.2125209443153622,0.43108951132170925,0.3851881879714693,0.34267222332049063,0.32586109012291015,0.05932709784855916
249,SAMb2f1d0e54ece,0.44229752241211523,0.39635190896203465,0.33093493011819114,0.09443288195690168,0.14147044771751396,0.4332835490962364,0.4338936609830322,0.16315782570323042,0.37977044524191367,0.4430621891299975,0.3861477809308089,0.4340287572844544,0.43577580078451483,0.48268203691757366,0.059087782593535476,0.33730541549731036,0.15221506203503174,0.4058546949623534,0.3841498063392187,0.5527121961658902,0.3656596673798298,0.38685857403057633,0.20488744676770965,0.30359514078611455,0.15221506203503174,0.15221506203503174,0.40543680328470866,0.339137261839378,0.2923293787827602,0.44801041536046937,-0.10887315352109139
250,SAMb3c02294aba7,0.37344694020249886,0.283198088574079,0.34544126975358536,-0.1951264626282512,-0.1826385643899189,0.4108968354456955,0.4610957607473312,-0.11209800143328828,0.16428873956302986,0.46949606901461305,0.43867805974264984,0.37092918794742524,0.18376896496876818,0.1929414591027731,-0.21515373981160696,0.3885587398980207,-0.1440447765999996,0.43139820930201567,0.37473950538413076,0.398215660036081,0.34902541277876226,0.366746545486749,-0.040557030445425045,0.13514569921482297,-0.1440447765999996,-0.1440447765999996,0.24840685331197052,0.08320365490008182,0.10145674722201226,0.24414013902392676,-0.16093648412384493
251,SAMb419a8fcbfcd,0.28426299415177847,0.28696841257254135,0.3232722934865147,-0.15903179573205312,-0.07311120286598922,0.44539777663492197,0.4523704913844556,-0.05360821499971062,0.16943886568914082,0.46721010430922355,0.4341305761308002,0.31403119822967673,0.20340931535450577,0.33889324786466274,-0.13258737010470087,0.35049564794308974,-0.10134113780574852,0.44276303315132814,0.40120481873046626,0.333690821605557,0.3145106067210416,0.33957345091745617,0.031038200746216518,0.13057617366331242,-0.10134113780574852,-0.10134113780574852,0.2870330963635496,0.2018187682072907,0.1629486284587064,0.23538784563883888,-0.03356907743154819
252,SAMb470eb8f04be,0.3936625711295304,0.3445774118627418,0.3199938365946784,0.0071391013382775485,0.030407202790593914,0.4621797358206847,0.44176578403196154,0.06979214620269966,0.2247954221996079,0.46006065980659194,0.3794538220758516,0.3430337466513216,0.28472014191167,0.3014837569040727,0.003227702600981988,0.34703152155993455,0.0464611097775592,0.40609202346345463,0.37854852877591066,0.4439306709101805,0.30731587426414114,0.3459570650423491,0.12603509639954483,0.23099853641963838,0.0464611097775592,0.0464611097775592,0.35541851573103633,0.26790086813955694,0.22182215979198278,0.36809341377273835,-0.10019254563318142
253,SAMb4c7a001537d,0.39528776736410676,0.4115252455199649,0.3306246016046004,0.037454232228469886,0.13246984780832818,0.4370696931522503,0.44317608328964403,0.056937662112586974,0.26777966401417724,0.4645138215694386,0.40853863879193236,0.39667797115360504,0.18427855452331093,0.2155100649455505,-0.005028738279691927,0.3674108042696652,0.03862331814782622,0.4300694432795025,0.4018123292273698,0.3964088398454427,0.34037871963191607,0.366200462694885,0.1450594185955508,0.26716050229625626,0.03862331814782622,0.03862331814782622,0.3530844454679897,0.26546572057715245,0.29255117884016435,0.24492768046079638,0.02053804011635607
254,SAMb8070b7937e7,0.34308656955027605,0.3391546017579062,0.3362338456680281,-0.07824504213486147,-0.05799822286314299,0.4595497534008767,0.4080980360617701,0.032255260640446835,0.17867664771036323,0.468494641641134,0.37337494127373105,0.36572897595308373,0.288801936631232,0.30424395172412017,-0.06090446042703,0.3497730219451114,-0.01655494646360971,0.41214876692243474,0.40638304810826065,0.39939265776199,0.32387993827856104,0.3374999984940027,0.05245121114510011,0.167314635812332,-0.01655494646360971,-0.01655494646360971,0.3313306870264815,0.19136933481103968,0.13506043436412454,0.3113635622571791,-0.11999422744613941
255,SAMb8101c538753,0.43820258013763824,0.38239258984349145,0.3195404803569446,0.06798783943025527,0.18729538446327762,0.42044558269528376,0.45016053204345996,0.15209584904236992,0.28048803689778984,0.45145061213787974,0.4401340825307325,0.3399036010414997,0.25355345602634854,0.2550888581622554,0.06387004092968138,0.36903077051921757,0.1361117554468434,0.44551198580126306,0.38588315734220335,0.44547762485863845,0.3356873900598684,0.3520849444840913,0.1472083325223705,0.2592085504211476,0.1361117554468434,0.1361117554468434,0.40558608828842047,0.39635983169361794,0.358409583010732,0.25341642681291326,0.14294340488070467
256,SAMb8f13a0525a6,0.3779192531421124,0.3605416263453482,0.31606733765950557,0.03465948703267576,0.08629070910346948,0.4180268213065821,0.4589965178451111,0.06905859304973644,0.32307880637257946,0.46131100194968233,0.42397424056133454,0.3952384644168201,0.34710633034734595,0.3913803561703349,-0.017671165830669164,0.3713511027492936,0.05550661019099396,0.4444165556875348,0.38223757973456834,0.4288039257066349,0.3540779214244427,0.37988471528127465,0.18471445023565233,0.25115267655517814,0.05550661019099396,0.05550661019099396,0.34365788869063246,0.2725574492581847,0.265006435272839,0.28375195968300543,-0.011194510424820725
257,SAMb963dda93cfd,0.42791711789364306,0.3597159817784097,0.32605377884113573,0.00021794464170358542,0.012594555262226626,0.4519855350528085,0.456069912232667,0.12142171092219334,0.25160387042767784,0.4530441203067596,0.43502075607661933,0.4427712612031564,0.3344175508137307,0.4051892243526924,-0.04055550517002244,0.3773555384453396,0.09929245135655117,0.4476907483763511,0.38230411684882487,0.4493725722499815,0.36413297499788333,0.3790315588027298,0.135232344612198,0.2321741360799122,0.09929245135655117,0.09929245135655117,0.384254444480321,0.2598987814595873,0.25092426724184747,0.36406148229223206,-0.10416270083264478
258,SAMba1a34b5a060,0.4026365116296668,0.3649516527307756,0.33683173238376657,0.05548729899154648,0.0807963136296634,0.4343590902472327,0.43781209148238825,0.10505679838550239,0.2802046000557435,0.4560619429267788,0.41334433229224116,0.3915064723153848,0.3866090494116835,0.3770247198487939,0.062076948799785606,0.3558671148859709,0.08532851732810882,0.4163870039433841,0.3756317662723725,0.4678920798484334,0.32479722101409736,0.35387195038860864,0.1429781428074726,0.27757998359114505,0.08532851732810882,0.08532851732810882,0.3661690980640196,0.28611436387693634,0.27430213346044785,0.3323504025301418,-0.04623603865320547
259,SAMba7176afe070,0.33255778750396225,0.281379983994668,0.34325497052545917,-0.2577663051843902,-0.2484370836891744,0.448853988356905,0.40140755301508274,-0.17349017814928772,0.1328094417429415,0.47112367373464714,0.34732742692849033,0.3432664172367215,0.1363336347925101,0.20279387767238483,-0.2670720197762271,0.32695692338275456,-0.21761758672856493,0.39549557440794486,0.3963165809358712,0.35029358545637634,0.3384908550845124,0.3659626211952165,-0.02321204721477197,0.11638727547119178,-0.21761758672856493,-0.21761758672856493,0.25538087312715263,-0.0015497048254196372,-0.01607723938058316,0.269339239739565,-0.27088894456498464
260,SAMbc8dc3a7b54e,0.3680992720056599,0.28391985821892024,0.3745246001722934,-0.28465656513295434,-0.2235788428613214,0.39267321453158854,0.4612793171672918,-0.18937163175441316,0.09302883304769267,0.46763514153441244,0.4521321763129875,0.35976482233662904,0.08856003094812763,0.2686354889128509,-0.23815866354399315,0.3688466414378065,-0.23663113933549193,0.4416553695394646,0.3820004223888085,0.31583593806016624,0.3408608637058811,0.37296677830141056,-0.01967169656484225,0.07285892564589355,-0.23663113933549193,-0.23663113933549193,0.18908323030700724,0.11904866248981805,0.0849805920389082,0.14629357011805919,-0.02724490762824114
261,SAMbcb07ba81cee,0.43692485122292196,0.387395030649643,0.32261570434499176,0.04524783915970315,0.1722318759518263,0.42958820650122315,0.4202170190057575,0.0809847069327055,0.2895045390748785,0.4620638002880151,0.37783251945648616,0.39309163767049166,0.3014677296606316,0.33132579636913084,0.033546422819591214,0.33835263106605695,0.03919311079849695,0.41726977467320053,0.3620519859004674,0.40034926358599476,0.34397557567802295,0.37687381563396005,0.15722865583337195,0.23985592381178691,0.03919311079849695,0.03919311079849695,0.3419260699519759,0.3856952721916475,0.352988712603387,0.2616247507798903,0.12407052141175723
262,SAMbcbc7957c264,0.331020270100325,0.29944954186871653,0.33344027848163604,-0.13356687814859652,-0.12278485943578756,0.4390007483631353,0.4332626212808468,-0.03713398013329485,0.18217319092800296,0.4682764870161669,0.37065911362574017,0.36121077188866824,0.16871152881338433,0.27331066861295933,-0.16909601338974828,0.3454646873513921,-0.079221195586892,0.40360527465890617,0.3885279893787362,0.39051925051085756,0.3235433014103476,0.35759150456207106,0.0012611065415919637,0.15073145273108723,-0.079221195586892,-0.079221195586892,0.2983237312029996,0.1205067482033747,0.10478869132194733,0.24126683605250565,-0.12076008784913095
263,SAMbd8ee73983b8,0.2994294039675279,0.3253055840323348,0.3167508626279292,-0.06254682399395918,-0.0595245944405992,0.4921822267684844,0.44641562175618504,-0.009420365775473475,0.24474409418896548,0.4515904371300867,0.3970940835829024,0.41418974291431726,0.3664960072184937,0.39405191203694817,-0.05010095946459815,0.3526196507215047,-0.05703165501766659,0.4153129270463164,0.3953491590743355,0.5003909164258348,0.33615387776686745,0.36745670450526047,0.03471729816166811,0.21088877524298744,-0.05703165501766659,-0.05703165501766659,0.27784639512172815,0.17461578947599313,0.12207164393406068,0.42361287490815236,-0.24899708543215923
264,SAMbda79f955628,0.5248598834981925,0.4654718977363968,0.3137021711517181,0.2705557482338922,0.4150043232449141,0.4578012524982848,0.4298524883016374,0.24663951450922517,0.4034164457590855,0.4458612130384742,0.3726768255223976,0.3977244045712544,0.3417694650839519,0.3646516110902988,0.21829137310391147,0.3553945425223727,0.2131123790537106,0.3905196056655452,0.3628720982930746,0.48192366046005036,0.33076401791448085,0.37476958788323045,0.3451434994265592,0.3413926623848285,0.2131123790537106,0.2131123790537106,0.4257589368207076,0.47418044327424186,0.4848197823812938,0.3306396280042475,0.14354081526999435
265,SAMbe25e2c88f3e,0.5503521517090179,0.43105806956593895,0.3166288419298313,0.21694758021407162,0.3447446837318633,0.42864195192534194,0.4304120543881728,0.24033121004437377,0.32919143120993105,0.45653351107207174,0.3470220777487562,0.3139646702476366,0.20066406192806943,0.26354318458931747,0.16723992815522448,0.3366324676828226,0.21556671206461206,0.3914482996159873,0.36025186175261287,0.3059036135605658,0.35377272449419755,0.3832332684085699,0.3030300541207534,0.3846916722250416,0.21556671206461206,0.21556671206461206,0.4067193550854846,0.49615698584168705,0.4694671826223125,0.05675294271229631,0.43940404312939074
266,SAMbe83eae4026e,0.3811329433755713,0.3610023513339889,0.351122866371701,-0.020125622987333537,0.036313449063165554,0.43665504355821766,0.4435674537476281,0.04170002183283631,0.2762965017556956,0.46194413871161033,0.4131096038379594,0.39561132504290786,0.29240503521167377,0.26593983302717716,0.010543499235891625,0.3460365863353358,0.0224805189660087,0.4310754301842955,0.3961785096480785,0.45182901933380826,0.35419880700657147,0.392379555445452,0.1261839248014365,0.21783980080664378,0.0224805189660087,0.0224805189660087,0.3379023549151489,0.18058375036402194,0.1890256359428788,0.30866051047090964,-0.1280767601068877
267,SAMbf1a3ae828e6,0.3633115572421631,0.36066849722055516,0.3093651637326047,0.03838911623688136,0.0793058698425846,0.42004823028389343,0.43871686614000704,0.11666063764287254,0.32103845743556675,0.45596343255272614,0.3833569713564652,0.4747888357848248,0.3968899991101026,0.4306757007134025,-0.04450687121226459,0.3498704809567192,0.08823033866372852,0.4126718846927698,0.37374471151884525,0.5342311509628446,0.3008396481020476,0.3412087145412792,0.13023437300248936,0.2447860187811021,0.08823033866372852,0.08823033866372852,0.3358837260141364,0.27315344307203043,0.227736531843879,0.5202430576831449,-0.2470896146111145
268,SAMbf91f27e7f9b,0.4367045796413271,0.38721423518445963,0.30192196385508296,0.06529828562508545,0.17815857057383894,0.4387704760925015,0.4195098712917848,0.12186046038746952,0.35890468307855,0.4508442859761471,0.37222224610969706,0.3608632516425218,0.37426532394933404,0.35565204727782124,0.12693163607606295,0.3360573597209684,0.09778333469353441,0.4025714837563416,0.3750790754827377,0.5025003356336766,0.3001916047845067,0.33361031183657686,0.18068030223007836,0.2479259958097425,0.09778333469353441,0.09778333469353441,0.36494908043837554,0.3435540222590193,0.3306989386313085,0.4665083924564032,-0.12295437019738387
269,SAMbfdffb97c446,0.4202041633114016,0.38487849587993817,0.31062725600892077,0.04723116205925411,0.14748460492458645,0.4696199606930362,0.44234166782194545,0.09964863547864711,0.29808267781478115,0.4528127193024114,0.37088347355189993,0.3913170835439239,0.351314972166721,0.3803077484703472,0.06837300311352329,0.35217965277115204,0.08235835075090694,0.40628396208933876,0.3676190701478119,0.46802032077616,0.309843722818828,0.3523527961490942,0.15978741170895647,0.26242157123149124,0.08235835075090694,0.08235835075090694,0.3645177716781426,0.34262042347600974,0.3191556816631066,0.3215653624981599,0.021055060977849815
270,SAMc0d625a50eb8,0.38151678071935363,0.3508781367595176,0.31401955455164954,-0.059659424450722226,-0.03361038084964007,0.41823272840201714,0.38809016034229793,0.04379890382652584,0.3313276346230026,0.4442619808054427,0.3325842167113339,0.41880822935108425,0.4743991567341138,0.46580769350121604,-0.005658791741530934,0.3071084674952205,0.027099857978719565,0.3780143668598173,0.3864827321941729,0.5556549869435362,0.32319124005068384,0.35600510608764696,0.08720152253142194,0.25207701076165034,0.027099857978719565,0.027099857978719565,0.3283747314445686,0.2031455110978519,0.1393430727212345,0.4917168652230452,-0.2885713541251933
271,SAMc0da5d48686d,0.31914057297541615,0.300751678494771,0.3515890885107934,-0.2243582610789239,-0.1856054701578574,0.4494027360061623,0.46060769953600894,-0.035470153798462696,0.21443973064457872,0.46233709034005666,0.44245941614610074,0.3581521628829241,0.25896771955493164,0.23745001748717834,-0.2505601682607017,0.38339399605038427,-0.04087360567054661,0.44475453317849956,0.3985484366017834,0.49065293427024825,0.38495501733210147,0.40901268508136535,-0.10006430566394492,0.21915564846197497,-0.04087360567054661,-0.04087360567054661,0.34522334488531886,0.0875535196148479,0.06823544270360928,0.3123141663374878,-0.2247606467226399
272,SAMc0ef41aa6c8b,0.33587283669479023,0.3226473972321918,0.3328960054539687,-0.2321445429420555,-0.24345729936836,0.44008794686113956,0.4017048933277396,-0.09247687726045814,0.18504050456390717,0.4597266891042969,0.3602123798206807,0.37935060579674423,0.262614364056835,0.2675024842477082,-0.2366484597010734,0.33983927121263385,-0.14296680310475351,0.3924375477668089,0.3800419308680263,0.3717580784859286,0.3540191054462035,0.35804017853852,-0.06273562203273005,0.17314478971597408,-0.14296680310475351,-0.14296680310475351,0.25039069209979986,0.06375847673785785,0.0236454175411026,0.20896795275350513,-0.14520947601564727
273,SAMc1251c7bfee2,0.3489562070984131,0.3445695626596821,0.3291586499696315,0.006430639436828622,0.08994428144020528,0.47242486344071155,0.4626328804256175,0.07108723695563451,0.21900012882460027,0.4702082876824611,0.41192328698901626,0.37490305056880846,0.1577262414730962,0.16179242172125796,-0.026681010307101464,0.36197148887796493,0.04393648097082084,0.4340577184370707,0.39294554966858136,0.3901196659676841,0.3588192415184614,0.3867473368599996,0.11202510739733626,0.22591554294291555,0.04393648097082084,0.04393648097082084,0.33506474761102545,0.30332113261307864,0.25954622387179915,0.1401885745403519,0.16313255807272672
274,SAMc1b27bc16435,0.4075185236820419,0.3752108921822988,0.32261829924549623,0.0252899363803472,0.10936022732611043,0.43618860607405724,0.4420095928336182,0.06141500597148316,0.2504337551054088,0.4632008137197039,0.39232981326525196,0.37394017440704924,0.27404038844997947,0.24097498767322348,-0.012214962022310564,0.3555888091104715,0.023065867302671073,0.41586973510262243,0.3822334562405388,0.4229805259634441,0.33758656747292315,0.3768360812345484,0.1642429863671614,0.187462449956984,0.023065867302671073,0.023065867302671073,0.33927607366987494,0.27862631890164735,0.2705601331007522,0.28232746142576837,-0.003701142524121015
275,SAMc2a1820d4e6b,0.46510125091890425,0.44309569911989116,0.32640760280918263,0.14315391698972887,0.2669351251507857,0.4366409523968385,0.41908590570291415,0.16740035277061602,0.38375006090391445,0.44962337282868836,0.3689660637553593,0.3934700441561514,0.3643779011871895,0.3841141676995351,0.11594858469713747,0.33279899861136586,0.14266989434658936,0.3954338330460494,0.3764693619566062,0.5115985869526491,0.3130460746272441,0.34847996661536745,0.24657516325341808,0.30044517306791474,0.14266989434658936,0.14266989434658936,0.405340000494543,0.4178094396903488,0.3844764770737319,0.4360646142339883,-0.018255174543639507
276,SAMc57eadb2d82b,0.34556741500975613,0.2774981883296483,0.35175572849459213,-0.3054794320258346,-0.37749249085785497,0.41664089444540886,0.4373836382510014,-0.19337951884955926,0.14498160369059526,0.4702204125235371,0.41758038629718985,0.3211297605653075,0.09122565689969078,0.16727754566956027,-0.29370011614845604,0.3753073370460021,-0.23795339967509077,0.42809905544967064,0.4011604172634573,0.38142860506443976,0.3495434042199199,0.3705846018275644,-0.12319192007302582,0.16684694282678952,-0.23795339967509077,-0.23795339967509077,0.19671300556707927,-0.0015383520109560106,-0.021571397600553485,0.2946373118999064,-0.2961756639108624
277,SAMc692536a795a,0.41051307572831336,0.40800930380052675,0.31017911238369705,0.0716265323853206,0.16755653658320832,0.43566563835776334,0.4306435357080713,0.1177051117935071,0.36382891945034374,0.45423890130730155,0.37039807620626325,0.4086244504301762,0.40313541477648107,0.41382248651503145,0.061924613312422924,0.33498657723705993,0.09041486780047553,0.4035419059987334,0.38010997871184843,0.5232493450082515,0.31640530978335757,0.35073271027577485,0.18613905332834485,0.25695867128846195,0.09041486780047553,0.09041486780047553,0.3488801734425837,0.36609010284075855,0.3227862177803867,0.426711793417868,-0.06062169057710948
278,SAMc6eff056c89a,0.4326025560010585,0.38377620548050473,0.31231723493757124,-0.009346086873761011,0.06496525751605432,0.4049987576573681,0.39658062099405794,0.03652278907418959,0.2480552023972436,0.4482896715568782,0.32125619614701756,0.3727353904044161,0.3106867733678785,0.33630774989717377,0.08093346098646649,0.31707401358168114,0.013740155311492254,0.371375860097373,0.3692546849195267,0.4255726205091294,0.3000092657020774,0.33170204055989627,0.11357898257865559,0.23399537629949937,0.013740155311492254,0.013740155311492254,0.3454704033460616,0.24344987844855895,0.21703957021796905,0.3261014898067047,-0.08265161135814578
279,SAMc919aebc7fdd,0.4484699548794659,0.4396263125170873,0.3185174530561506,0.11419246772487507,0.22769625927432496,0.44497057878610524,0.41738683176368596,0.15929359416096847,0.3588428099111393,0.44625269097146747,0.3662513729543437,0.4036048045218365,0.33582545866375174,0.38564612949345295,0.1503713165103358,0.33130576920664995,0.1345042155097902,0.3981063381014822,0.367800238153908,0.46796749704112744,0.3231464695303968,0.3542587728171629,0.21465968248957992,0.2628535775633837,0.1345042155097902,0.1345042155097902,0.3928666721113382,0.3860256662638215,0.3739430089545898,0.37612914550683907,0.009896520756982441
280,SAMc97f35a29d16,0.36935741263293076,0.3306478508017426,0.33995542196105233,-0.3267990411450884,-0.2085388707022798,0.45660936241116845,0.4341553964443878,-0.3059529445664978,0.17154616456645558,0.4490258419502214,0.3753738085027402,0.3881315882972345,0.31217229538663255,0.2881580121707916,-0.2629728223247902,0.33192747902214864,-0.3320236614733026,0.4033721657873282,0.37776450951268226,0.4249521369445654,0.3281032348157874,0.35502890993861036,-0.07247397226735017,0.158373911751966,-0.3320236614733026,-0.3320236614733026,0.23124824899255814,0.06169697586507173,0.03988984767686466,0.2927368000944419,-0.2310398242293702
281,SAMcabb6d58ff55,0.4332524734391983,0.41115340114570037,0.3289317681051209,0.07325964846543224,0.15818029534469358,0.4094697228486561,0.44217957999521623,0.18894328918035702,0.36613354043715085,0.44420422151630395,0.40381761824245105,0.4119300192130759,0.3927246473596688,0.3260532297367666,0.09051452444306406,0.36163236373573854,0.17737818650820977,0.4147620137471585,0.3754868234505317,0.4612653887489382,0.35302732722958363,0.36936379035974043,0.18357446579185338,0.3164076866306746,0.17737818650820977,0.17737818650820977,0.4292135057889852,0.32469506754872773,0.32585589243303636,0.23113301323747357,0.09356205431125417
282,SAMcb132b0cdd2c,0.3946021826796415,0.36426609712752206,0.33839969760111116,0.07873026783548424,0.13823092978716356,0.43511020744707685,0.44128401193265937,0.12575141337447143,0.282961968971022,0.46422390799504715,0.41189131325612544,0.3733984793609924,0.22945600478034595,0.29849916330051124,0.06801737701527173,0.3613087202935596,0.10368424104354128,0.4255057611452172,0.3830844601032813,0.41234119708074296,0.325119745827743,0.3729405658706689,0.18694485041197215,0.2623643789596331,0.10368424104354128,0.10368424104354128,0.3759915093352974,0.34261684906399625,0.30351600102163795,0.24037553093919523,0.10224131812480103
283,SAMcc4675f394a1,0.3699907649705021,0.31461580705477815,0.32628101205529086,-0.11617397940098385,-0.021480785190198436,0.4253874870046958,0.41116311022473295,-0.0748055846542084,0.2617002523087419,0.4634128642573122,0.35233209410366423,0.39097447433658844,0.3237567943712587,0.3906913379858523,-0.08470073028955102,0.34201556540923417,-0.0939979946127806,0.3994365085292942,0.3893057676231119,0.45194993618319507,0.33445325966334044,0.36260975532075307,0.022575071236536858,0.21252802191435058,-0.0939979946127806,-0.0939979946127806,0.28802708001300403,0.21071198661810966,0.1437128929476096,0.26682661518252754,-0.05611462856441787
284,SAMcc7a42d87e9c,0.425247995718706,0.39010758341368357,0.3440468033967327,0.012355059134154644,0.08180826766488966,0.4140624339283177,0.42745313132336477,0.05439127758383294,0.2756059561409027,0.4576410176781732,0.3884519995742088,0.37718839825795675,0.298621167987235,0.27828749584002765,0.05294953569459975,0.3392902438569568,0.03529196512785189,0.38818917855006113,0.3784862924855138,0.47161441165797396,0.3096064967238521,0.34420765337349635,0.119996849823824,0.2455736868146252,0.03529196512785189,0.03529196512785189,0.3430242572102341,0.3216221307124127,0.27196520027590987,0.35648421366199073,-0.034862082949578044
285,SAMce39dd79b441,0.4133575298159175,0.34468540678215037,0.3259503415302824,-0.010916766537723143,0.06944978517204307,0.4820152261965724,0.4662716875066963,0.06833748364567731,0.2871626199782363,0.46083455858273137,0.40702591385800974,0.3561756634878089,0.20459926118902438,0.32728133405568743,-0.031524819505664436,0.36016275003620185,0.03504652181291778,0.42568787670598685,0.3870999244757255,0.37605599501445275,0.3661877115656917,0.39706166150037764,0.09698610136864852,0.2334714983463616,0.03504652181291778,0.03504652181291778,0.3275707663518995,0.27577250117308005,0.2825778875740287,0.23527504861142826,0.0404974525616518
286,SAMcee0fa8c05b4,0.36589595471496733,0.350859685220791,0.3403892185256386,-0.04417428680058819,0.0699975901430946,0.44046023306621057,0.4411037545372372,0.03615911456638941,0.17848864819427768,0.46132640227366595,0.4053471804768271,0.4257840048687584,0.22166234700492593,0.29630765362658684,0.015661246873528923,0.3506064172038851,0.004378681550486474,0.4206428771520799,0.3818968385135373,0.38637347877664835,0.32434126237234867,0.3641785024894435,0.09988482898004208,0.18078061233448103,0.004378681550486474,0.004378681550486474,0.31534766575279455,0.24667949500500205,0.2409784967704071,0.24712566936217048,-0.00044617435716842735
287,SAMcf018fee2acd,0.3847279383927754,0.33904742618221373,0.32550648130194343,-0.009346448496763443,0.04042219227440933,0.43667550875231076,0.41687181042363036,0.062264219223430145,0.24718337594368892,0.4624772322969513,0.35044083467963894,0.3704436723959913,0.2378952323870542,0.38146435091369546,0.0009241468950765975,0.33245834900163274,0.015745329291709936,0.39580581960166544,0.3881810448870385,0.4020981865914802,0.3215400194806942,0.349838117653471,0.09956124407315724,0.2357612907279193,0.015745329291709936,0.015745329291709936,0.33243340173191777,0.253588382885721,0.1959200032727238,0.31413115799036534,-0.06054277510464434
288,SAMd027124354ce,0.36767691447701073,0.2772118953825068,0.3146309127521494,-0.10069816446928008,-0.00812269703995879,0.38246453329038593,0.43547133646188746,-0.004689107544615642,0.30521922990613987,0.46689131604987566,0.38423233430475884,0.2908132802943498,0.3628994457491317,0.39556037141055717,-0.14085341160890202,0.36101814266975213,-0.044775168283788164,0.4094357900544223,0.37874045765431386,0.41102593685920047,0.32328574051599496,0.3559604006096784,0.04968248969714108,0.22915766093937884,-0.044775168283788164,-0.044775168283788164,0.28199933719970766,0.20884494182517946,0.20135546690706577,0.2160298823560766,-0.007184940530897133
289,SAMd0e47be700b0,0.35080074747884726,0.2943675337770414,0.3238379500036119,-0.11369615932541352,-0.08620915279721027,0.46273442801547326,0.4515270785057068,-0.0312949025366973,0.12431910848304562,0.4683942169676112,0.37633477873881277,0.31816760874252165,0.19288738875919137,0.19514527728172,-0.14921804929347096,0.3492193372641267,-0.06912993216948175,0.393019563476297,0.37526485005784327,0.3644438461505669,0.3678312462863945,0.3780713199927064,0.056250769201035764,0.1445931863596794,-0.06912993216948175,-0.06912993216948175,0.303073849766649,0.15674983939700374,0.13846624273285096,0.30734811502569415,-0.1505982756286904
290,SAMd135d5867fe3,0.39271498460951143,0.28996331723216023,0.3092965112755309,0.06957537194849193,0.07942868387170729,0.4515679171166182,0.4612754059823009,0.19996409199263768,0.28108803955237127,0.4575138847368225,0.40434126083620664,0.2804170466445666,0.37575960678290554,0.38453155475086054,0.030974705775003622,0.37071905517957254,0.1638535343623196,0.42516844591645153,0.3824623618512118,0.4720240406297263,0.3398890657106891,0.36814374131483013,0.13947809855460877,0.30329690153648936,0.1638535343623196,0.1638535343623196,0.37701575927040626,0.3087783409469064,0.25403400890213906,0.3102505565040045,-0.0014722155570980888
291,SAMd1bd63734394,0.4475860495067604,0.4161598538733844,0.33847816467274094,0.060845169939654685,0.16164701644403942,0.4285969245594673,0.4497983813444156,0.08736358645391071,0.24876799737990662,0.4519198307525484,0.4203786264303879,0.39056369838062416,0.16183420523554284,0.24052717865485018,0.03363682290948634,0.3488507366584675,0.05595339314967605,0.4243136705367965,0.3821193105709107,0.30357904116733225,0.33833515291760047,0.36633234198879333,0.15292919231112323,0.2708968480899957,0.05595339314967605,0.05595339314967605,0.3353067436131786,0.3725782694492565,0.3396900439791017,0.014010924146886972,0.3585673453023695
292,SAMd215b503f99a,0.4108935491491202,0.34720948198314605,0.3099603313005669,-0.01697484325861069,-0.03633704867332945,0.41869235393741694,0.4028926955931438,0.05131147714524676,0.3112061054055321,0.4440574888331153,0.3426198183843268,0.39760295031169174,0.5059349430204152,0.4957927631745316,-0.03479031604526484,0.32560193806018833,0.029466014659854333,0.38269964507574,0.37802958767357714,0.5558995272658682,0.33040132875252143,0.36440282788918976,0.07974651383670235,0.2319652240496859,0.029466014659854333,0.029466014659854333,0.3379070597690472,0.24400531003090606,0.20106307398820542,0.43767010109940213,-0.19366479106849607
293,SAMd2492b2a31bb,0.400140868417066,0.38117386292829164,0.3073680973762141,0.019279653660812853,0.11672072344629512,0.4675094697026349,0.44060619368934745,0.10478607071070234,0.39686420087363855,0.44967960926364253,0.37706389896940185,0.38978731353118257,0.49953158761857774,0.4006268271021364,-0.0010075924273388766,0.34528304669564186,0.09049262939071892,0.4111487797202602,0.3886526691609485,0.5259582527780572,0.3247312832683968,0.35547298394767957,0.10804260507882318,0.25187253615732474,0.09049262939071892,0.09049262939071892,0.3651656493747581,0.30490680594485803,0.2911787641346416,0.3293183513884602,-0.02441154544360219
294,SAMd35318127278,0.40224179295804435,0.374723494163181,0.33466064815179786,0.09804536954623555,0.18011738700773344,0.4445374284218729,0.44416214867309634,0.10833315553030691,0.19065037188184925,0.47400471407578304,0.424410603798348,0.3419252438140222,0.1382964364705243,0.2502559682450488,0.07850170676130541,0.3758506115726782,0.09201761934262516,0.4355598426615575,0.40028927640249257,0.29580980657612815,0.3596804099070599,0.37803516561438993,0.19964001509561308,0.24624254455765182,0.09201761934262516,0.09201761934262516,0.3612051314744752,0.3306260511691299,0.32474751465804264,0.07743802751672096,0.25318802365240894
295,SAMd3601288319e,0.44889970481265623,0.4314017112373672,0.3252739830449875,0.12006883522442839,0.2706007736183185,0.45646979692021905,0.4460653688983539,0.16909386893123296,0.32827792443686393,0.45824369663284586,0.398633927496371,0.4204953594857892,0.2317606302027407,0.32145067604851074,0.13179297549889193,0.34445905614583583,0.143327566552238,0.4127466770952869,0.3745912661656292,0.41877517139790593,0.33918867114391393,0.378653035340633,0.2202890106223501,0.26778938417692844,0.143327566552238,0.143327566552238,0.39126496168600183,0.4393598921948523,0.41575978279522685,0.22079136036603372,0.21856853182881855
296,SAMd3bd67996035,0.4388658785910518,0.41490693820805924,0.30231378343892873,0.10588174268651043,0.200653432926373,0.4420698112328573,0.43077921884781245,0.15261637980818282,0.31541929587814965,0.45225461408097656,0.3530240199172106,0.3516532497764552,0.26487747166818776,0.306697651326159,0.11335928876318878,0.3342383927462678,0.12895182385397433,0.3895699342986197,0.3562473335676526,0.4349896930365831,0.2702383871537232,0.3127427959935153,0.21099843039805077,0.28087150912303277,0.12895182385397433,0.12895182385397433,0.38901168972009015,0.34429913318741134,0.35052274705493763,0.260707415022591,0.08359171816482036
297,SAMd43f8933066b,0.49406021368878345,0.44675719355077254,0.3102394874068319,0.13766438501637093,0.2769913862009713,0.4387029363387444,0.4138332174565116,0.15393589556109208,0.37709010624453915,0.4484534988863111,0.34818245679802917,0.4595293609336881,0.3704101539918789,0.42421747744700494,0.13300525662587087,0.3289956166245586,0.12628037158219155,0.3854432434805971,0.3566846458645948,0.5070704978051397,0.28269757927064454,0.3134138090308663,0.2774207931780559,0.27580150182599894,0.12628037158219155,0.12628037158219155,0.3924498439289228,0.4394005157427684,0.40656768669847443,0.4028572150577262,0.03654330068504219
298,SAMd4c0837b0997,0.3668127751056842,0.354641298442878,0.3260057165897799,-0.039636159976804586,0.06275405091846224,0.4316551357916579,0.4529925409093414,0.013980648384103388,0.27236088437460565,0.4635273288570445,0.38741112608991796,0.3405548771815457,0.2865750394176015,0.3108791361357919,-0.011131904252096285,0.33282742863315057,-0.008754604362874882,0.4152910797606678,0.39213561035501043,0.40617135431773754,0.3183591827035735,0.33494566400889664,0.09274615449021055,0.23056676706912815,-0.008754604362874882,-0.008754604362874882,0.31881272617376294,0.2971901491915461,0.26385879239339416,0.2973809384825335,-0.00019078929098736985
299,SAMd5ab7fbfab4e,0.46333860928049264,0.4386578816556529,0.3178460412673699,0.13828587423957098,0.25447564956623886,0.44158378322821995,0.43721407005846236,0.22948841964114722,0.3422573292722005,0.4492141778135817,0.391005496387559,0.42634612084198964,0.25077034245896573,0.32531118221221866,0.13986287839951533,0.3465067833292285,0.19280529980960745,0.39408913761680125,0.3578228141559933,0.4427289479384141,0.30935617114489017,0.3460865418066961,0.21576713374454753,0.294452059233029,0.19280529980960745,0.19280529980960745,0.4223534800932933,0.45462552372701126,0.4212983189751568,0.23870052411756829,0.21592499960944297
300,SAMd636e3461955,0.38540807767363006,0.3457140488532949,0.295968498777246,0.09218289133705711,0.043615707112097085,0.4493364689104224,0.4172647683460541,0.18129935459311533,0.3338767327646666,0.4407281959161492,0.335108118638909,0.3922985785771119,0.5167718603395104,0.4975641501637946,0.0028401123920890575,0.31027508554424965,0.1560863975812995,0.3741301835409437,0.3847058421138579,0.5505319976461929,0.3154123830583409,0.3465615176771096,0.16110703266094797,0.3078221426267418,0.1560863975812995,0.1560863975812995,0.38930848276716823,0.24742206109268497,0.18495095272678708,0.4497405634787691,-0.20231850238608415
301,SAMd697ba701077,0.407643542806226,0.3819650545269741,0.3261220678177661,0.021677923974370208,0.08441563845394086,0.4448457731965042,0.4178246216378389,0.08205587148256492,0.2118511654451793,0.46028880161461816,0.3596567439577402,0.4170132564816498,0.3492755556601428,0.36217012715532404,0.013633981721573004,0.33440808951362944,0.058379460190182086,0.3866567990804444,0.3655352574136844,0.452003774994277,0.31779634237479926,0.3483842949406837,0.1338114057193365,0.23933774988810236,0.058379460190182086,0.058379460190182086,0.3705804153332302,0.2876034781718241,0.24124022404692602,0.43583637840945305,-0.14823290023762897
302,SAMd7d57ee3a863,0.504575468678581,0.39461602416672026,0.31177535028398284,0.13518337510236272,0.31954538847040903,0.4515863401662366,0.4376162846206518,0.1799504441951527,0.4290374270120764,0.45402037566636816,0.3913060609216881,0.27966419349008725,0.36695861563793414,0.32997954844883975,0.11690127398764986,0.331435272509043,0.1717725242225295,0.411464613815156,0.3846845808520605,0.4781173305555709,0.317585976575434,0.3496144584110051,0.25066036133868336,0.3381224386259976,0.1717725242225295,0.1717725242225295,0.41407718933044896,0.4545204815332321,0.4592169334993745,0.32898014573410395,0.12554033579912816
303,SAMd86389d0d768,0.29712174745769704,0.33419300043661554,0.32436615258388773,-0.18935096438622873,-0.12772953665452408,0.464817519753477,0.417388471658765,-0.08568128054547457,0.17058876288713332,0.467773005428891,0.37146033242970455,0.35253799719412865,0.2015609493698106,0.25812533918423897,-0.210213114938784,0.34048227981315926,-0.1443794779023371,0.4093427464839216,0.40400166089404904,0.4136718453656573,0.31760883609606216,0.3399493746305619,0.01364866347172198,0.1667520084537976,-0.1443794779023371,-0.1443794779023371,0.2625888423044202,0.06193865093345625,0.0421034078055454,0.3658600463262961,-0.30392139539283985
304,SAMd98bac0a070f,0.38524771271137204,0.3766042604737776,0.31408451491119654,-0.05669015926274985,-0.017242765983541616,0.46505111999403315,0.4341346511859276,0.002508758322844992,0.2800358339806729,0.4404155792388111,0.3629225159467644,0.4795391624315938,0.3496496549848396,0.4626544677377502,-0.032966488702842106,0.30844328345787486,-0.03097656461124188,0.3912779733956412,0.382464098580621,0.487147195510684,0.3312918811194571,0.3625067941067549,0.07668423476137785,0.21429292859175259,-0.03097656461124188,-0.03097656461124188,0.3160347101394754,0.22736198062154092,0.17754620351184558,0.3677796465015967,-0.1404176658800558
305,SAMda4d892fddc8,0.4121114729369364,0.38781848105656186,0.3203282056565486,0.025892210251375,0.08385557916173354,0.45423143800587795,0.41622180087447425,0.07927110309453175,0.33882938276626323,0.44419976025664326,0.3571507533476549,0.4285387153545756,0.3725424689249221,0.3836280783934833,0.08772098338544361,0.3349330987171412,0.058551330704291145,0.37504763265096286,0.38221342709126305,0.5222185395944648,0.3303695289641674,0.3655741669524119,0.12425586370723146,0.2791348665021454,0.058551330704291145,0.058551330704291145,0.3574028674815765,0.2934761399912888,0.2365891968334192,0.3702324740733257,-0.07675633408203691
306,SAMdab9ca8fb5de,0.39076030563953934,0.37315246681476644,0.30642248457914256,-0.023005209684305465,0.015553806500581786,0.4318138533594882,0.4245802562488791,0.04116694388704346,0.3056022030756069,0.4542083595328214,0.36639405688638377,0.38479118319551053,0.39945733643660963,0.3686017227865736,-0.018656459544426414,0.3426945649721607,0.0035400461577504757,0.39070082763768677,0.3749435699341008,0.5046328566605098,0.304078906327929,0.3251800979199701,0.09693573284669278,0.2325650448015032,0.0035400461577504757,0.0035400461577504757,0.31675269150629515,0.27883236236904,0.23061255053455312,0.46280923623707354,-0.18397687386803352
307,SAMdad5c29dc105,0.3533480320862883,0.35196464662808735,0.31942587243801346,-0.09571059221241443,0.027266282949812773,0.4688406221634808,0.4498510699930696,-0.019472857841925602,0.25411040509074495,0.46186526837062536,0.3978073715303455,0.3544421526149076,0.26181445105522616,0.21043332332836154,-0.03735898688620388,0.3762316247410671,-0.04262041951401286,0.4244248282744903,0.38605904351560927,0.4196836318607496,0.3250642698964958,0.35703573793910814,0.05173241747073871,0.1577265912395221,-0.04262041951401286,-0.04262041951401286,0.27679498805847563,0.2858431423980766,0.25007015481702166,0.3243253338841954,-0.038482191486118755
308,SAMdb3f50c9129c,0.34771901552003764,0.28938977656746406,0.3209010134904168,-0.05115057738005855,-0.08370867338357724,0.424915577991896,0.4402979673905311,0.01289447948829223,0.20917394961698896,0.4644422610866673,0.390514409485836,0.4049195498600029,0.29648446654524174,0.4589799309804223,-0.07102114110166056,0.33770722966500666,-0.01674814431511212,0.4173819209233455,0.3961565255525922,0.4487865583971772,0.36718211095197334,0.37859665690973643,0.09447919207547369,0.1849466244465791,-0.01674814431511212,-0.01674814431511212,0.310308726875727,0.18056383480684798,0.13914778139535947,0.40073445002385705,-0.22017061521700906
309,SAMdcae54fcd7fa,0.42988059674756246,0.3515284113949613,0.3349176079033149,0.03453683364171366,0.010397672637614767,0.438765309340853,0.4183217739375305,0.07212267252985204,0.27475274563612356,0.4571386976576992,0.36739878988702424,0.4725889612192988,0.37653219168717494,0.413728029003183,0.029427076772183283,0.3470056974065517,0.05026542867389208,0.39879988026532903,0.36508267459648164,0.4938662314693069,0.3185644337650683,0.33985387366787734,0.1679356295453632,0.23498494978819615,0.05026542867389208,0.05026542867389208,0.3556041651526618,0.22559947520256043,0.1781488194337043,0.4157701828725614,-0.19017070767000097
310,SAMdee1011782cd,0.44916220111273497,0.40961329643779293,0.31882230841526343,0.08273362485554851,0.2150843187655982,0.4262429083354263,0.39497236060653645,0.10900141269534967,0.38242875673303256,0.4468964729552218,0.34783729249337964,0.4322245256456498,0.3962221823773597,0.3722487049234288,0.13974166816623995,0.3248306008299635,0.10744361710305698,0.38264960716336016,0.3831920257789526,0.5217742296433441,0.3177189190953096,0.33780968887401347,0.17677151456696039,0.30405276734785347,0.10744361710305698,0.10744361710305698,0.3697290621968233,0.37323256159066326,0.33034100359117835,0.3983567901109346,-0.025124228520271352
311,SAMdf3e42c8672a,0.4399073806308486,0.37691913710750286,0.3344973799843984,0.10672247127211335,0.19155871989824108,0.4107764777430572,0.46316329943966317,0.1276138176038498,0.2729249970302953,0.4514123185229648,0.44099839063584806,0.3048485186237542,0.3308116184670061,0.35066338218403337,0.0677095511410356,0.37001889400692656,0.0959345029518254,0.44422253068872014,0.3848312750385421,0.39896390060894693,0.3401466457982055,0.37010102871063644,0.1925079875269954,0.2907321166928557,0.0959345029518254,0.0959345029518254,0.32618081023831236,0.3391956651589255,0.33501661427509694,0.2500177335473602,0.08917793161156534
312,SAMe07c4560772d,0.277281660139344,0.2998602189960589,0.3343732183457956,-0.32742301348490277,-0.2988569829053188,0.4493751558761649,0.4359460241752605,-0.3036680806637674,0.1253230216505554,0.47569770326100963,0.37784298377490716,0.32700664004198166,0.17278264206967092,0.18251407506090012,-0.3277711993055759,0.3652470600679574,-0.3266163243301944,0.4039813144898538,0.3739980360854734,0.3437428054570405,0.3148992455677151,0.35257394441427603,-0.11546113507313754,0.1444674262806943,-0.3266163243301944,-0.3266163243301944,0.19049423039855604,0.010969932900949242,-0.0031660105322477454,0.178229859982493,-0.16725992708154375
313,SAMe0c49ea0df5d,0.4130922973150507,0.389853951297435,0.33458733502980437,-0.006263982747090965,0.045013252242788675,0.41846063999133715,0.4218445870126735,0.0681983615767029,0.35154627224657475,0.4472026619100452,0.3751538432980636,0.37771123813851665,0.43664654347100235,0.372565242717887,0.01866419265103817,0.3338438194745991,0.044230463205548305,0.3956580052677178,0.38035860434384416,0.5165640731930683,0.33662348713987233,0.3581616218128576,0.10720957144328427,0.2603577675214299,0.044230463205548305,0.044230463205548305,0.3505208005049477,0.3080766876398375,0.2509134797316129,0.45620069737495317,-0.1481240097351157
314,SAMe1eb5d988760,0.4398581157819069,0.4052597830632267,0.3051622517901152,0.12538424337501125,0.23635203241542455,0.4051273878639291,0.43276226143321267,0.15361758545167634,0.3828156805387143,0.4475264583523718,0.37252992352568626,0.36626705875419174,0.3529793908632758,0.3912255961158041,0.11621245221934308,0.33951259616867197,0.134216736074778,0.39520164582173706,0.36824939892167435,0.50047996464929,0.30271392096444677,0.33450165181148733,0.20782688831917023,0.29097937864574824,0.134216736074778,0.134216736074778,0.37347385258661003,0.4318720744259258,0.40757004411972586,0.44951609593122,-0.017644021505294205
315,SAMe3210d3632b4,0.43699696677516964,0.40271200713509814,0.3269790481280081,0.10757709037616328,0.1923051606163424,0.4723687120487133,0.4583240897087861,0.1730820419909169,0.36552680969280754,0.4400947991612913,0.4321080254407146,0.37759244878800763,0.42535208241747924,0.3638171734450509,0.09024996917719134,0.3457663933329014,0.14986226026576652,0.4357800070300607,0.3895763315169434,0.4994711452631599,0.3505282372374994,0.3683116852221287,0.17622864789393494,0.322799812602826,0.14986226026576652,0.14986226026576652,0.38194340718377534,0.39256243935617885,0.3522791273033753,0.34793132747874306,0.04463111187743579
316,SAMe3d4266775a9,0.3988199077633854,0.33935571230852546,0.31648471459840066,-0.06713282255066719,-0.04019976204607538,0.46448640227442006,0.42165484637408646,0.010757383349536376,0.2109244821042826,0.45512117231660315,0.37914839041441645,0.39517611817767034,0.3462924656634229,0.3178383308666413,-0.09904429803980332,0.3492676304993662,-0.021905255015666474,0.3934683916044128,0.3586459666057777,0.427989080044861,0.2889391444880427,0.325061834845631,0.07517389869766633,0.17573582612400482,-0.021905255015666474,-0.021905255015666474,0.3335124952775463,0.21876354296795283,0.18823075592693886,0.2638209870628395,-0.045057444094886684
317,SAMe41b1e773582,0.4209307912067081,0.36398363399379935,0.3420885294035791,-0.02276625486465676,0.06809168614511807,0.4229976757598713,0.44358538736530667,0.019407744207201063,0.23911227235565236,0.4583011690721242,0.4121760179384278,0.33497333140131114,0.25190720178743414,0.29005114893001327,-0.0023522736258691592,0.369361445385027,0.00880894318841796,0.43126438938877026,0.3937149486611663,0.41844579401661647,0.3728110685283609,0.3883419396155756,0.12641240486110786,0.25483994497307527,0.00880894318841796,0.00880894318841796,0.3408850612141608,0.24039596121192133,0.25491251155045924,0.2524350936156719,-0.012039132403750569
318,SAMe50d15fde368,0.2934183370092973,0.2947780348300677,0.35125833490462605,-0.2789444190671925,-0.2116495882933117,0.45454291494286364,0.44045247698034423,-0.14279325300662643,0.15325806117907323,0.46734912698867637,0.4213918134750149,0.32586561951872545,0.11217808573649958,0.16444196723109034,-0.2505309887435111,0.37833729255176807,-0.19020518646248413,0.42788700002515967,0.3887411394108226,0.3323553322303721,0.3265211960388622,0.34468460754772984,-0.023290234806360405,0.12309736193001904,-0.19020518646248413,-0.19020518646248413,0.2582998408029477,0.06342265425354034,0.05848535704188605,0.190026812515476,-0.12660415826193566
319,SAMe56c96c51190,0.48342982449276606,0.4123121396174426,0.2949707717657596,0.13489463337678645,0.23089510861972562,0.4201105008933823,0.4260036229004088,0.2194902410973963,0.3900056557182705,0.44028680533566544,0.3455127570382427,0.36793867294895827,0.3975935138522569,0.4227471133515539,0.15529439396288217,0.3167431638290799,0.18902990031057879,0.37352108671117695,0.37946936600520914,0.4914750731448808,0.3278929188148765,0.3520550789670192,0.23887056550017638,0.3413002138370965,0.18902990031057879,0.18902990031057879,0.4154810930152385,0.3892102369497388,0.3684393332851987,0.26005205867136977,0.129158178278369
320,SAMe5bc41772bc9,0.3931785984826543,0.3438331484362349,0.33985290112469146,-0.070157486757685,-0.05763721741393602,0.4369978330658311,0.44677968899944803,0.023175679928078844,0.2888611604290313,0.4547780348130792,0.3939965732326368,0.40568527650327774,0.355764658115082,0.39195553052446597,-0.08786549097887293,0.33539962763478776,-0.006105641812470258,0.41408871002424796,0.3918391712902815,0.4819008448490036,0.35430235458035636,0.3785752453201414,0.05854579704882564,0.24142605972166079,-0.006105641812470258,-0.006105641812470258,0.32951833623599536,0.17682424724147475,0.14406873646077908,0.3260499526280055,-0.14922570538653077
321,SAMe712352fb82a,0.38549401698304636,0.3200449725689721,0.3349858697657422,-0.08690002651145799,-0.0029159839235280392,0.44396191102689114,0.45844444294534065,-0.009662745684647263,0.20245056033689643,0.47829279876085273,0.4060568875895051,0.3754435309138332,0.13454979952945265,0.29160476520360407,-0.08233302780184591,0.371505404213171,-0.04005145926034489,0.42752016613352867,0.3845977463622215,0.3292739210374433,0.31916796887560805,0.36996303257135665,0.07697385581828624,0.18073001989529944,-0.04005145926034489,-0.04005145926034489,0.30874594980237613,0.23513034192906054,0.23115141964674477,0.16834780398333893,0.06678253794572162
322,SAMe7bcab05402e,0.343930875049044,0.3111820030521328,0.3153125276711376,-0.03311019658366763,-0.09636283850266561,0.43830691918926445,0.4024300572357759,0.02348112141525597,0.27196655803870196,0.4509136424700941,0.3500780373094666,0.3937488048288688,0.4615373921042552,0.3503495219101526,-0.04950567270569152,0.31705914495385074,0.010176571281959874,0.38544678153523804,0.3870492408945625,0.5285713457062952,0.30479117413869666,0.3305692306843118,0.0880768123026191,0.2297175025978728,0.010176571281959874,0.010176571281959874,0.3242947500106125,0.15191147528730858,0.0694568068051035,0.44086120745274876,-0.2889497321654402
323,SAMe7bf6c015192,0.44081804412625053,0.411183504559075,0.3149542085961257,0.14550761299581147,0.26717053721044765,0.4372417910886496,0.42481633545676156,0.15486482290829837,0.32933462651672146,0.4480055617572346,0.3600517500731143,0.34747541488742517,0.34478100212139523,0.32152641421856265,0.13349769703593836,0.33151097650557976,0.12401526031064156,0.3910706244576886,0.37053581072133246,0.4620154320703657,0.3242711049495064,0.34074103329476857,0.19548491251967975,0.3140687904763345,0.12401526031064156,0.12401526031064156,0.3814355830795121,0.34986733739540976,0.3479075619427543,0.3138289654611002,0.03603837193430959
324,SAMe7e4f7c076a7,0.48662768714463267,0.4661322445675459,0.31548846114148876,0.17851017275164785,0.3108268264931708,0.4823606263407843,0.45965947890969505,0.25034475326638367,0.4332637803354829,0.4188365495784635,0.4162348185058313,0.42214518800650946,0.43999488893175603,0.4256959767099327,0.1776642654866513,0.3137196508910714,0.21765418849957047,0.406984506112397,0.3801243532815563,0.4748353956830254,0.3497103003591523,0.37440925192342994,0.24930438852865555,0.34059333938785274,0.21765418849957047,0.21765418849957047,0.4141907796444181,0.47432689398631284,0.4456493353511294,0.2578058622391998,0.216521031747113
325,SAMe9475f77504b,0.3987934545504573,0.35811289086359266,0.29665433825802023,0.03792444103249573,0.18363900853117904,0.473030917685108,0.43531072094279627,0.08616090910028405,0.3318109995109949,0.4604385526398462,0.3497164516075818,0.4317196071307778,0.373126746787259,0.4575771956341091,0.03586746385571033,0.3499704361071447,0.06356087340041508,0.39641456003943737,0.3772590353186515,0.4990220047399892,0.3146402492949531,0.36757164331152387,0.1737733170904146,0.24571510184705958,0.06356087340041508,0.06356087340041508,0.3592504174487991,0.31264819238997377,0.32713153078066765,0.4117462529747946,-0.09909806058482085
326,SAMe94c30c30616,0.3982598933419097,0.3653463264854403,0.3098731324726973,0.017216235286747216,0.08347752535171597,0.4389801057550402,0.4267655955371863,0.08542332546997444,0.3188142264139942,0.4469283705443506,0.3685517610045309,0.42357379803306483,0.4064954758064567,0.42885196613499593,0.0345978830238051,0.3382691138689494,0.055186249911297176,0.3911689811713992,0.36160999321625636,0.5128423066015482,0.3181609954637625,0.3629680487626304,0.10356731535833226,0.25875916989190156,0.055186249911297176,0.055186249911297176,0.3341399410225644,0.29094320334589197,0.25598113648145887,0.3455951448217111,-0.054651941475819144
327,SAMe97af0feefdf,0.3761136411015604,0.3486721393486058,0.34036890964369815,-0.035250085571822916,-0.013929869233753514,0.4222777527091926,0.4357484383790625,0.0015417697739175183,0.24015659086692426,0.46559191555938567,0.3942236553106337,0.3797947582641215,0.30871273008840594,0.367995661600259,-0.061776162671505985,0.3473202154443036,-0.020822547556068695,0.40693576824930916,0.39182238694297333,0.4546482292161441,0.32192996400541,0.34611957197396187,0.08450683209370337,0.23643374542200013,-0.020822547556068695,-0.020822547556068695,0.30611660925024614,0.2109717530748482,0.17217379079901657,0.341302113622445,-0.1303303605475968
328,SAMe9ae8beb82fa,0.3873587752365707,0.33790902636970266,0.3350569332406472,-0.017386525327058203,-0.02285926548427968,0.4109027396249849,0.42770310525578764,0.05034041419151312,0.23300465581945726,0.45429342100772835,0.38381541019294957,0.3912365105906546,0.4300198345557899,0.3791696163728844,0.00313851912280534,0.34894003953403724,0.03271337358141132,0.4005436421960834,0.38148181377090973,0.4955024265924416,0.3325803145144152,0.3585577746644627,0.10196446704886372,0.24391691450238856,0.03271337358141132,0.03271337358141132,0.32893488673146926,0.19382518936904172,0.18636371293155812,0.4251721369153858,-0.23134694754634408
329,SAMeaa477a5384b,0.4938973466721829,0.41406716315349357,0.35237626194012656,0.11793727581685694,0.22981957410272535,0.40958245630684614,0.42991681988825237,0.12997950959618687,0.21789782263962792,0.4654631360301606,0.4020705526008064,0.3551755497022218,0.2229575632304873,0.2389213043773441,0.13156653284437148,0.35470443633766635,0.11307467557055902,0.41247243201044914,0.36585257555403644,0.32395869868213156,0.3556386563645788,0.38615967822286745,0.25045730852613335,0.26778139645547144,0.11307467557055902,0.11307467557055902,0.37517448125099595,0.421686557662915,0.3866277657882696,0.18127555520406216,0.24041100245885286
330,SAMeb29625f76a5,0.3870246514748187,0.35532574881499795,0.33929869685881897,-0.04267920371920925,0.05313716202383897,0.4559578236822147,0.4299395374536841,0.007635574794476261,0.26403668756250975,0.4538357777728512,0.3984578456650527,0.36702922594104953,0.2250581122744391,0.26743357863302863,-0.0134646887872678,0.3600670709227848,-0.008177296985106604,0.4283545745871851,0.3888960083725898,0.42229224152507105,0.32476077097795625,0.34843273640347244,0.054281465282985296,0.2157530628089438,-0.008177296985106604,-0.008177296985106604,0.3429491105364111,0.21529744988855312,0.22096303277802665,0.25996835422072884,-0.044670904332175715
331,SAMeb587a68006b,0.39004508054565706,0.3503463908774167,0.2973494650406462,-0.0069105886779094496,0.0450412781708449,0.4897647565545108,0.432207146388929,0.04972834506630126,0.33351884256369235,0.44645183059937205,0.3408969594987516,0.3877357470711272,0.4175293960304875,0.4629747906468044,0.01454676473816032,0.32080344509438097,0.03593489590209307,0.3942934986749528,0.3774935382260725,0.5200995386551601,0.3079170793793919,0.3278276772178993,0.15475550054409304,0.24264433849643646,0.03593489590209307,0.03593489590209307,0.35689251635728886,0.27155874369712407,0.22555971197836522,0.41947444263930567,-0.1479156989421816
332,SAMee3844cc0b9f,0.4316770985360787,0.4130630747900985,0.30564871079484135,0.09020068136738449,0.22452518127870297,0.43094632778255987,0.40671913036146906,0.1484137573011147,0.40723060156186724,0.44301727708846195,0.34212738670315396,0.38639072312915507,0.4555048008651189,0.3780300078407905,0.1408087291786005,0.3141534535621357,0.1327861838589348,0.3769793022712795,0.3800207041495876,0.5125411172636074,0.3067028804297581,0.3393433886208169,0.17499714895532836,0.31251511283246036,0.1327861838589348,0.1327861838589348,0.37808387527751486,0.3796417838076125,0.33743841221629856,0.3539309048458143,0.02571087896179819
333,SAMef0e3d2415fd,0.5372053375170078,0.45129494504142065,0.3158369192673888,0.2715926717183021,0.3940427450217842,0.4178036109407975,0.40022964892642005,0.2982776831124453,0.4182911276557368,0.43938670149751086,0.3435830904051196,0.3479266342692191,0.3841118303889683,0.40463860799073514,0.29612834365262813,0.30660808718004195,0.29584002282712046,0.37072954953978693,0.3714157494823912,0.47925937634949345,0.31225762184285244,0.3219461864846854,0.35630051086385744,0.4093121445660844,0.29584002282712046,0.29584002282712046,0.4658442022934242,0.4615884577096164,0.42967520121204267,0.3258336613954169,0.13575479631419946
334,SAMeff2ce356ccb,0.33305138395820366,0.3335231469757186,0.33521609710046424,-0.18120788073334662,-0.12998483813680325,0.43892295855742536,0.44140801933637325,-0.06008556383115274,0.21999354359341672,0.4665628661164364,0.3845240130398002,0.3285652523952258,0.18751382638389352,0.2131594462283439,-0.15044770774835162,0.3622360092308957,-0.09381973372822854,0.41150907694700983,0.3787105026603795,0.39118968545735705,0.3408163056884226,0.3680897793357606,-0.007578461910412872,0.18744716356254484,-0.09381973372822854,-0.09381973372822854,0.29031384322201165,0.152909324319751,0.12795260593939686,0.33364807113387385,-0.18073874681412286
335,SAMf20b827dca51,0.4816096647423827,0.4253026627024858,0.3072096485109136,0.14321380566284378,0.2731874639656324,0.43249713258359007,0.42112760438428587,0.19343854357435858,0.37056454046046133,0.4441437740350273,0.37353244487641213,0.42839219101514,0.3582807650399155,0.4224702637090717,0.18757546108403086,0.32881516779188324,0.17036374827830394,0.39405060650639545,0.37181292801048277,0.5052583107117379,0.3008528086122687,0.3300604088704657,0.24420790113407082,0.3088502615283177,0.17036374827830394,0.17036374827830394,0.41329690847894934,0.3931841889479499,0.3633448013659193,0.38874175810729683,0.004442430840653044
336,SAMf275eb859a39,0.39221511464015646,0.37223159197095274,0.3325853711692005,-0.020740202075223348,0.0628685716616059,0.4367379191089292,0.4151351678134843,0.04783092030199576,0.21387769594666897,0.4660695370348969,0.33914447605241194,0.3796185401641579,0.19933578026967033,0.22985245748415822,0.009447231017798067,0.3318769468272962,0.018167695696746082,0.38533002106958664,0.38006508001166883,0.3868315389034184,0.2927587535636979,0.3276485010985077,0.08757161930781783,0.2174011929226372,0.018167695696746082,0.018167695696746082,0.35964235650526377,0.2270513513870732,0.22450600037045693,0.27368520637099775,-0.046633854983924555
337,SAMf28c01545593,0.290276025271265,0.2868302801207057,0.3191012014336045,-0.3119259879761453,-0.2414741010966123,0.4780696309880256,0.40230846123582203,-0.19742311397582876,0.14223485451617288,0.46885337908109176,0.31897981208027043,0.3228109852285504,0.10262843628401255,0.24598166480904618,-0.2421324347373971,0.35212093942970113,-0.23073010345871914,0.37752188709972806,0.36647624437635173,0.3267751453424799,0.29895345657909095,0.3290451833806605,-0.04098668809622144,0.10449455355901954,-0.23073010345871914,-0.23073010345871914,0.23677829593321165,0.07444456218562741,0.04532661754408555,0.1785618398231487,-0.10411727763752128
338,SAMf2aae1443f67,0.3528859598976805,0.3641863266957148,0.35770826680311757,-0.14070073483397047,-0.04513962898734424,0.45728236800051064,0.42712296142260747,-0.058321571656266245,0.21656885829566336,0.4648877568249465,0.3790018316512223,0.328173335160098,0.21668784348282263,0.2164369672865125,-0.08795682175110159,0.3509687223972212,-0.0843873806420543,0.40871101758248407,0.38659910239224365,0.3868136492653729,0.3731695407841867,0.39071516271364526,0.03630777169558452,0.19241568397666667,-0.0843873806420543,-0.0843873806420543,0.29334314211130663,0.2000624576229995,0.1757460205007723,0.23362403625869727,-0.03356157863569775
339,SAMf2ce197162ce,0.38148527850582986,0.3437375130619106,0.3063108628051704,-0.04288770662062173,-0.02260707609787425,0.4783695298480996,0.4391207828049834,0.024239885423994408,0.3311159980961035,0.45079664092709426,0.39342941806446446,0.40350009222374084,0.4164422240529518,0.4159266799173718,-0.03742947077682847,0.33960491988390573,-0.004315063682494556,0.41423691029574483,0.3781699025510613,0.5118882944708577,0.3127156172848677,0.345855303277965,0.09457159623876947,0.2253370621560765,-0.004315063682494556,-0.004315063682494556,0.31667652163097687,0.224099092724632,0.19057368566411093,0.3605727623123956,-0.1364736695877636
340,SAMf3a9bce50099,0.40637398088085924,0.36231384115620974,0.3206689231995988,0.05403860892250104,0.07420500758996654,0.4575672030583891,0.42615608546853906,0.10186995607568758,0.3074096574362637,0.448678780905412,0.35606105135172833,0.42381444946845076,0.36752708317796684,0.40589171607231095,0.06921408814281556,0.35315438421809986,0.08418076563745068,0.37539941733752347,0.3607463277752604,0.5005750011840545,0.31674224537309725,0.3387358451361715,0.14783010186097,0.2743990089141136,0.08418076563745068,0.08418076563745068,0.35880926186696904,0.29978757682846663,0.24836112110980887,0.39187884799502726,-0.09209127116656063
341,SAMf82bbdc267c8,0.29267890863252344,0.28303924579562506,0.3484429723766296,-0.2701994304598655,-0.1781090687297646,0.42493198953905925,0.44075610449358466,-0.27229816333042617,0.2115789319687805,0.4659296406100086,0.3772563432188175,0.33152624586169155,0.15312072992496828,0.2383934507086184,-0.23745196828929013,0.33592073416560486,-0.2512189772502734,0.40184517035252165,0.3910034238970841,0.4232067611452275,0.31362484500693877,0.3513064031578791,-0.03911002513960348,0.15078786972641217,-0.2512189772502734,-0.2512189772502734,0.16085454217675726,0.023670562062559252,-0.0030089255348271643,0.3315489404110693,-0.30787837834851006
342,SAMfb7aec7cb0e2,0.4534268584948715,0.4063097347251878,0.32075656687285065,0.10138305306607015,0.23877491352740013,0.45655249285208155,0.44595257148814527,0.16505149954489592,0.3093519615483019,0.4524215447510425,0.406374227586102,0.39868884148954786,0.264049573530381,0.34283753865165345,0.12610990327990004,0.34467021437274215,0.13710718038636246,0.41926603615660535,0.3714642656526391,0.4085279031197425,0.33133989287468174,0.373129751185872,0.17214923652150096,0.2877247835900513,0.13710718038636246,0.13710718038636246,0.3633201535263912,0.4027956939017669,0.40793424831393593,0.2833517085958009,0.119443985305966
343,SAMfd947610629d,0.3540270914270683,0.33191549857895025,0.32795082503506057,-0.09948761860821544,-0.06248909772847668,0.43732336569028823,0.4138156864313346,-0.016537038859230146,0.29983761809351744,0.4455683390643017,0.34421707242876887,0.47771285866654584,0.44854644437423913,0.4941631822649348,-0.06342012820154376,0.32492656555924776,-0.05707601715748267,0.37933664423333363,0.37078028049778144,0.544220688831221,0.32802239595651367,0.35060236869879907,0.06438953507254494,0.19362393882854434,-0.05707601715748267,-0.05707601715748267,0.29651078917144313,0.188372076749637,0.12905904485431616,0.4375645851866842,-0.24919250843704718
344,SAMfddc359e862b,0.3855548125676781,0.36519304697302507,0.3259744849485196,0.004158207310883756,0.10972398035301151,0.41165653232257315,0.4220773184293756,0.04179262763584283,0.25174403831384395,0.46757998842799864,0.3861035668808115,0.3746009627781324,0.36148122881216416,0.3656841721808735,0.006941434716338435,0.3589559051331508,0.01681502291314669,0.4132463719187149,0.37756821721295747,0.4259812081711137,0.31106228896168386,0.34100452088493843,0.10245491522543071,0.21047242460895488,0.01681502291314669,0.01681502291314669,0.3198787413816754,0.27218097840514505,0.2709782048222489,0.30882080453412636,-0.03663982612898131
345,SAMfed609955db9,0.3233902944176258,0.31463949464698426,0.31322123961806486,-0.10152589830068116,-0.10304279647296746,0.4477112034297548,0.4360307450730659,0.021980623879293025,0.21933537723969174,0.45281460558521175,0.3714986515045745,0.37949955365295307,0.34300159458119855,0.40842695823065406,-0.11400617365980603,0.34478724927373233,-0.027505108416238943,0.40560648933009863,0.38105096515391196,0.48142172840275604,0.32778169645131483,0.35623613729962966,0.02490295622465601,0.16670395942745556,-0.027505108416238943,-0.027505108416238943,0.31577937842438064,0.16654811081204962,0.10790591941867642,0.3821369927795644,-0.2155888819675148
346,SAMff41c4e8c08f,0.39424296028112177,0.3312151880043332,0.3253543435065334,0.005360155787931497,0.029949022047348665,0.4315053346672091,0.3982110883677719,0.060745009054790876,0.21467315381747373,0.4572911545910393,0.3419685351459768,0.36663572775483855,0.3537022811459948,0.36691164006492183,0.023603460995344473,0.3293004957374699,0.02261533117603939,0.39174788090046714,0.3841462295367053,0.4745090226091158,0.29537054071655444,0.33212295342278286,0.09950649248924705,0.20690021896123104,0.02261533117603939,0.02261533117603939,0.310087384682397,0.23827273678216757,0.18265244876180717,0.388440221354466,-0.15016748457229842
347,SAMffa5c7cad0e5,0.3671334294904743,0.35117245492355637,0.31725507629312616,0.05995153370560597,0.09477265885115532,0.47020752879965305,0.4319233670381203,0.12911118412421252,0.3567017477227553,0.4503341039655378,0.38523473658171903,0.43435183276096156,0.44223669700987733,0.4574313719253687,0.021694926811672108,0.32932440502410404,0.09608434521831057,0.40105411425366466,0.3939614177869348,0.5243368001784134,0.3183476269454009,0.35273015138591096,0.11985499814521001,0.2670158528760608,0.09608434521831057,0.09608434521831057,0.36061406833309373,0.2740710671526003,0.24983774438430711,0.3598744490657801,-0.08580338191317977
